energy_kev,MiningHighVoltage,MiningLowVoltage,SoilHighVoltage,SoilMidVoltage,SoilLowVoltage
-0.011538,0.000000,0.000000,0.000000,0.000000,0.000000
0.008503,0.000000,0.000000,0.000000,0.000000,0.000000
0.028545,0.000000,0.000000,0.000000,0.000000,0.000000
0.048587,0.000000,0.000000,0.000000,0.000000,0.000000
0.068628,0.000000,0.000000,0.000000,0.000000,0.000000
0.088670,0.000000,0.000000,0.000000,0.000000,0.000000
0.108712,0.000000,0.000000,0.000000,0.000000,0.000000
0.128753,0.000000,0.000000,0.000000,0.000000,0.000000
0.148795,0.000000,0.000000,0.000000,0.000000,0.000000
0.168837,0.000000,0.000000,0.000000,0.000000,0.000000
0.188878,0.000000,0.000000,0.000000,0.000000,0.000000
0.208920,0.000000,0.000000,0.000000,0.000000,0.000000
0.228962,0.000000,0.000000,0.000000,0.000000,0.000000
0.249003,0.000000,0.000000,0.000000,0.000000,0.000000
0.269045,0.000000,0.000000,0.000000,0.000000,0.000000
0.289087,0.000000,0.000000,0.000000,0.000000,0.000000
0.309129,0.001071,0.000000,0.000000,0.000000,0.000000
0.329170,0.002344,0.000000,0.000000,-0.000065,0.000000
0.349212,0.003147,0.000000,-0.002141,0.000191,0.000000
0.369254,0.004444,0.000000,-0.000564,0.000864,0.000000
0.389295,0.004223,0.000000,-0.001071,0.000593,0.000000
0.409337,-0.002722,-0.000132,-0.283794,-0.000232,0.000088
0.429379,0.004607,0.000208,-0.001911,0.000989,-0.000024
0.449420,0.010614,0.000118,-0.000433,0.000748,0.000263
0.469462,0.014052,-0.024091,-0.003897,-0.000012,0.000103
0.489504,0.083943,-0.000030,-0.003767,0.102497,0.000386
0.509545,0.070210,0.244891,-0.004045,0.004612,0.000334
0.529587,0.071753,0.000487,-0.002027,0.003067,0.000185
0.549629,0.012914,0.001245,0.000904,0.007704,0.000085
0.569670,0.080618,0.202591,0.001622,0.001491,0.000766
0.589712,0.008347,-0.148576,0.003777,0.005089,0.000282
0.609754,0.069604,0.000994,-0.000943,0.082161,0.000482
0.629795,0.060784,0.000822,-0.006121,0.071199,-0.000021
0.649837,0.020908,-0.000692,-0.002966,0.000453,0.000043
0.669879,0.071076,0.000134,-0.003066,-0.063764,0.000315
0.689921,0.108565,-0.000624,-0.001054,0.069205,0.000117
0.709962,0.058120,0.000006,-0.005799,0.064311,0.000175
0.730004,0.009577,0.184042,-0.008547,0.087662,0.000523
0.750046,0.062222,0.001569,0.012627,0.073865,-0.000078
0.770087,0.077070,0.000650,0.104402,0.073486,-0.000114
0.790129,0.063765,-0.000638,0.102920,0.001174,0.000494
0.810171,0.047522,0.001500,0.109911,0.071250,0.001239
0.830212,0.068980,0.001167,-0.000879,0.067008,0.000214
0.850254,0.113558,0.000186,0.012674,0.064887,0.001154
0.870296,0.058315,-0.001967,-0.001505,0.072905,0.000635
0.890337,0.044064,0.003217,0.002756,0.069889,0.000503
0.910379,0.011373,0.002581,-0.004918,0.074160,0.000180
0.930421,0.108857,0.001173,0.004562,0.140981,0.000383
0.950462,0.024264,-0.043085,-0.013406,0.006999,0.000205
0.970504,0.066567,-0.055593,-0.010510,0.003611,0.000016
0.990546,0.021461,0.001996,0.001657,0.005697,0.000002
1.010587,0.061004,-0.096431,-0.105043,0.000825,0.000113
1.030629,0.059364,0.000215,-0.003293,0.074568,0.000098
1.050671,-0.019430,0.004306,0.099479,0.005045,0.000068
1.070713,0.008908,0.001282,0.107541,0.002567,-0.000038
1.090754,0.105491,-0.057191,-0.001976,0.012077,0.000119
1.110796,0.065667,-0.065556,-0.003027,0.071830,0.000144
1.130838,0.005695,0.069192,0.016105,-0.000818,0.000064
1.150879,0.067107,-0.000589,0.001559,-0.000739,0.000128
1.170921,0.042287,-0.002409,0.003023,0.005158,0.000295
1.190963,0.060259,-0.001142,0.000944,0.001062,-0.000072
1.211004,-0.009028,-0.002747,0.002528,0.001121,-0.000051
1.231046,0.063745,-0.000068,0.111120,0.070898,0.000732
1.251088,0.042820,0.084932,0.112682,0.070284,0.000031
1.271129,0.060918,-0.104309,-0.003212,0.005136,-0.000167
1.291171,0.010829,0.000337,-0.002593,0.000162,0.000176
1.311213,0.064094,0.002487,0.104966,0.005871,0.000239
1.331254,0.056581,0.001179,0.007533,0.080469,0.000228
1.351296,0.057872,0.004248,-0.006286,0.071896,0.000254
1.371338,0.014476,-0.000268,0.000017,0.076709,0.000148
1.391379,0.014888,0.001434,-0.000040,0.074690,0.000396
1.411421,0.017041,0.001712,0.001606,0.074408,0.000128
1.431463,0.056727,-0.000237,0.117028,0.009427,0.000379
1.451505,0.063819,0.005970,-0.005418,0.002583,0.000081
1.471546,0.052383,-0.002169,0.001951,0.002644,0.000554
1.491588,0.017541,0.130477,-0.000407,0.002442,0.000970
1.511630,0.107137,0.004713,-0.004118,0.076216,-0.000181
1.531671,0.023223,0.004690,0.009400,0.005119,-0.000125
1.551713,0.011348,0.082493,0.002064,0.069669,-0.000061
1.571755,0.007627,0.004127,0.006734,0.080793,0.000191
1.591796,0.059211,0.000276,-0.002414,-0.001269,0.000093
1.611838,0.008211,0.000419,-0.000759,0.000387,-0.000199
1.631880,0.016437,0.116210,-0.000821,0.002615,0.000278
1.651921,0.012325,0.211781,0.002780,0.075367,0.000331
1.671963,0.062549,0.384325,-0.002149,-0.002112,0.000655
1.692005,0.059634,0.596914,0.001778,0.004491,0.000832
1.712046,-0.046729,0.921488,-0.000316,-0.001509,0.268252
1.732088,0.047863,0.926110,0.004093,0.005563,0.001929
1.752130,0.057173,0.903156,-0.004591,0.078404,0.001744
1.772171,0.007854,0.748614,0.001391,0.082122,0.000632
1.792213,0.065126,0.527969,-0.002777,0.072246,0.000848
1.812255,0.015817,0.395474,0.001701,-0.001071,0.000569
1.832297,0.061589,0.261150,0.119464,0.004816,0.345903
1.852338,0.074088,0.180105,0.001226,-0.064520,0.000219
1.872380,-0.000821,0.173881,0.003260,-0.004675,0.000231
1.892422,0.067307,0.091437,-0.003497,0.073761,0.000317
1.912463,0.004465,0.168444,-0.009438,0.001528,0.000387
1.932505,0.015653,0.154857,-0.001176,0.003811,0.345283
1.952547,0.070244,0.212230,0.004426,0.006624,0.346759
1.972588,0.009066,0.672454,-0.016156,0.078979,0.000577
1.992630,0.077334,1.287266,-0.006955,0.081095,0.001178
2.012672,0.024095,2.096066,-0.000771,0.077637,0.269145
2.032713,0.091685,2.626541,0.002155,0.005102,0.269969
2.052755,0.135855,2.685360,-0.012107,0.079591,0.267831
2.072797,0.084429,2.330947,-0.012300,0.004539,0.348936
2.092838,0.068499,2.047421,-0.003524,0.001496,0.348407
2.112880,0.083399,1.970584,-0.000387,0.004065,0.348213
2.132922,0.075802,1.630978,0.113451,0.081709,0.347914
2.152963,0.075477,1.230881,0.113224,0.081418,0.347587
2.173005,0.078813,0.831014,0.118838,0.003994,0.347565
2.193047,0.015708,0.502189,0.116096,0.005483,0.347074
2.213089,0.013937,0.250652,0.118053,0.081565,0.347248
2.233130,0.012351,0.141726,-0.002542,0.003961,0.000540
2.253172,0.017797,0.029546,-0.006423,0.006840,0.001062
2.273214,0.022483,-0.070832,-0.001279,-0.003352,0.000754
2.293255,0.014880,-0.082540,0.004742,0.002881,-0.000018
2.313297,0.069878,-0.092738,0.111228,0.001414,0.000452
2.333339,0.054982,-0.062224,0.006969,0.073752,-0.000061
2.353380,0.056496,-0.066082,-0.005846,0.005470,0.000077
2.373422,0.005307,-0.021073,-0.007836,0.003227,0.000306
2.393464,0.076067,-0.070528,-0.007764,0.006936,0.000064
2.413505,-0.050736,-0.046998,0.111752,0.081579,-0.000003
2.433547,0.074778,-0.031234,0.112750,0.003685,0.000711
2.453589,-0.056820,-0.042645,0.003775,0.000692,0.000148
2.473630,0.017491,-0.042918,-0.002949,0.084708,0.000426
2.493672,0.025639,-0.006365,0.002050,0.003275,0.346969
2.513714,0.069577,0.002157,-0.000207,0.003839,0.000656
2.533755,0.070859,-0.044809,0.000106,0.004732,0.000052
2.553797,0.016173,-0.090584,0.006984,0.082619,-0.000408
2.573839,0.009402,-0.175770,-0.000344,0.084600,-0.000031
2.593881,0.012574,-0.179200,-0.001673,0.081399,-0.000306
2.613922,0.006881,-0.140102,-0.005929,-0.076333,0.197401
2.633964,0.014665,-0.081089,0.005178,0.004634,-0.000213
2.654006,0.076479,-0.041275,-0.001004,0.002289,0.000273
2.674047,0.080702,-0.116744,-0.003657,-0.002490,0.267302
2.694089,0.006467,-0.056932,0.000265,0.002228,0.000253
2.714131,0.011008,-0.086011,0.001952,0.002352,0.000594
2.734172,0.012932,-0.022962,-0.003642,-0.079768,0.000868
2.754214,0.007421,0.051364,0.002640,0.000274,0.001177
2.774256,0.009173,0.026724,-0.005618,0.086278,0.000072
2.794297,0.082744,-0.015797,0.005928,0.095727,0.000582
2.814339,0.077244,0.020551,0.000868,-0.086519,0.000343
2.834381,0.080867,-0.028752,0.000685,0.007720,0.000607
2.854422,0.006222,-0.042545,0.009645,0.093818,0.000898
2.874464,0.043579,-0.024849,0.004692,-0.001260,-0.002378
2.894506,0.090456,-0.096738,0.010595,0.091605,-0.002200
2.914548,0.014062,-0.168913,-0.003507,0.090505,-0.002880
2.934589,0.007520,-0.284096,-0.004754,0.001874,-0.009175
2.954631,-0.001742,-0.356121,0.001639,0.089273,-0.100923
2.974673,-0.070523,-0.316273,0.121568,0.003478,-0.049548
2.994714,0.002678,-0.202252,0.001604,0.002833,-0.069624
3.014756,0.005898,-0.146340,-0.001547,0.048734,0.003222
3.034798,0.007449,-0.135425,-0.005657,-0.004537,-0.001077
3.054839,0.009746,-0.038813,-0.001354,0.000477,-0.000132
3.074881,-0.068775,-0.022364,0.119194,0.001966,-0.000218
3.094923,0.009884,-0.029635,-0.004133,0.001312,0.000331
3.114964,0.012219,-0.023745,0.112047,-0.000502,-0.000504
3.135006,0.002328,-0.056067,0.000536,0.001086,0.000780
3.155048,0.008955,-0.112158,-0.005882,0.001341,0.000956
3.175089,0.016128,-0.059750,-0.010910,0.004986,-0.000955
3.195131,0.014661,-0.041851,-0.124774,0.101935,-0.001610
3.215173,0.096274,-0.064731,-0.010627,0.003608,0.000179
3.235214,-0.076747,-0.041946,0.116647,0.000902,-0.001541
3.255256,0.017064,-0.119789,-0.001350,-0.002679,0.000304
3.275298,0.004167,-0.189657,0.005775,0.000800,-0.001125
3.295340,0.010415,-0.188711,-0.002406,-0.000516,-0.164952
3.315381,0.002195,-0.232496,0.104757,0.001435,-0.165744
3.335423,0.005491,-0.157221,0.006668,-0.110722,-0.002120
3.355465,0.101055,-0.126548,-0.004684,-0.000325,-0.000738
3.375506,-0.000091,-0.089527,0.004368,0.003579,-0.224560
3.395548,0.011946,-0.001826,-0.004033,0.000081,-0.000546
3.415590,0.011713,0.010083,-0.004931,0.112983,-0.000783
3.435631,0.001514,0.002559,-0.007361,0.007445,0.000526
3.455673,0.106299,-0.037758,-0.004156,-0.002494,0.000192
3.475715,0.005288,-0.078654,0.005500,0.002561,-0.000024
3.495756,0.113386,-0.002987,-0.000361,0.000220,0.000234
3.515798,0.005258,-0.023358,-0.000685,0.001465,0.000118
3.535840,0.009870,0.011001,-0.003469,0.001545,0.000520
3.555881,0.103309,0.017847,-0.000830,0.001117,-0.000248
3.575923,0.007894,-0.078066,-0.002039,-0.120197,-0.000032
3.595965,0.002822,-0.066244,-0.006501,0.000706,-0.000437
3.616006,0.008515,-0.089778,0.122747,-0.000820,-0.000255
3.636048,0.004485,-0.007502,0.123317,-0.000268,-0.152434
3.656090,0.118701,-0.108426,0.126841,-0.001945,-0.002304
3.676132,0.110198,-0.091574,0.125793,0.131858,-0.114576
3.696173,-0.089464,-0.093372,0.125020,0.126167,-0.003251
3.716215,0.007895,-0.063942,0.121242,-0.001082,-0.002467
3.736257,0.004238,-0.062306,-0.000646,0.001393,0.000734
3.756298,0.101457,0.028199,-0.004931,-0.000288,-0.001339
3.776340,0.003875,-0.000048,0.003899,-0.000841,0.000343
3.796382,0.006125,-0.015910,0.002138,0.001843,0.000321
3.816423,0.006508,0.071081,-0.001542,-0.003144,-0.000046
3.836465,0.005931,0.051333,0.002955,0.000825,0.000253
3.856507,0.007942,0.017477,0.001043,0.000158,0.000167
3.876548,0.006019,0.017210,0.001408,0.001448,0.346141
3.896590,0.134251,0.078420,-0.004665,0.001428,0.000469
3.916632,0.010711,0.002371,-0.004705,0.154222,0.000689
3.936673,0.004132,0.097748,0.133539,0.000208,0.000260
3.956715,0.007270,0.064584,-0.001702,-0.000691,0.000251
3.976757,0.030021,0.078557,-0.133620,0.001835,0.000504
3.996798,0.001686,0.032784,-0.010126,0.000861,-0.000013
4.016840,0.003321,0.087742,-0.001815,0.001823,-0.000343
4.036882,0.006893,0.059622,0.002051,-0.001707,0.000259
4.056924,0.005991,0.114545,-0.000188,0.002791,0.000105
4.076965,0.001874,0.071488,-0.005789,0.000615,0.000264
4.097007,0.151710,0.043647,-0.001505,0.001204,0.000214
4.117049,0.002250,0.028273,-0.001297,0.001875,-0.345742
4.137090,0.003013,0.059439,-0.001776,0.000722,0.000629
4.157132,0.003084,0.106869,-0.002752,0.182665,0.000258
4.177174,0.009692,0.098021,-0.000699,-0.001646,-0.000090
4.197215,0.160250,-0.001746,-0.004365,0.000733,0.000186
4.217257,0.003118,0.052427,-0.003187,-0.000627,0.000340
4.237299,0.003926,0.077639,-0.009505,0.000359,0.000077
4.257340,0.005543,0.068871,0.142552,0.000102,0.000280
4.277382,0.003748,0.069882,0.001760,0.000977,0.000253
4.297424,0.004513,0.063809,0.002531,-0.000885,0.000391
4.317465,0.175904,0.013908,-0.000099,0.202491,0.000200
4.337507,0.003506,0.032086,-0.004817,0.000409,0.000418
4.357549,0.001134,0.049658,-0.005912,-0.203498,-0.344249
4.377590,0.006269,0.055486,-0.001539,0.000322,-0.001424
4.397632,0.139293,0.090522,-0.007248,-0.001560,0.000372
4.417674,0.002487,0.034520,0.002173,0.000645,0.000449
4.437716,0.002392,0.080361,-0.001379,0.000280,0.000336
4.457757,0.001592,0.086411,-0.000468,-0.000056,0.000760
4.477799,0.003044,0.026498,0.000944,0.001287,0.000115
4.497841,0.003249,0.062447,-0.004783,-0.000461,0.000379
4.517882,0.004296,0.030397,0.152298,0.002237,0.000930
4.537924,0.004483,0.065918,-0.001271,-0.000256,0.000658
4.557966,-0.158439,0.078028,-0.003622,0.000616,0.000168
4.578007,0.004262,0.043699,-0.000311,-0.230694,0.000378
4.598049,0.003757,0.061043,-0.001863,0.000947,-0.000046
4.618091,0.003806,0.034680,-0.006265,0.000460,0.000013
4.638132,0.001284,0.068685,-0.001506,-0.000207,-0.000194
4.658174,0.001551,0.013996,-0.005297,0.001177,0.000085
4.678216,0.003486,0.014156,0.001383,0.000543,0.000292
4.698257,0.003973,0.040301,-0.002382,0.000412,-0.000024
4.718299,0.003436,-0.025239,-0.006726,0.000045,-0.000032
4.738341,0.002801,0.033429,-0.000405,-0.000155,0.000212
4.758382,-0.199819,-0.015470,0.164016,0.000931,0.000462
4.778424,0.208065,-0.042985,0.165315,-0.001016,0.000702
4.798466,0.210211,0.001991,-0.002120,-0.000262,-0.139600
4.818508,0.207003,0.051921,0.000667,-0.000723,0.000506
4.838549,0.007475,0.007580,-0.002307,0.000758,0.000920
4.858591,0.000528,-0.004785,-0.000017,0.001046,-0.000327
4.878633,0.005098,-0.023927,-0.003610,0.001082,0.000007
4.898674,0.003144,0.004494,-0.000030,-0.144781,0.000591
4.918716,0.003422,-0.049820,-0.004143,0.275303,0.000274
4.938758,0.004512,-0.004845,-0.006383,0.000184,0.001108
4.958799,0.002928,-0.040852,-0.004735,-0.000129,0.001078
4.978841,0.003188,0.013438,0.178607,0.000459,0.000852
4.998883,0.002876,-0.012914,-0.179285,0.000577,0.000314
5.018924,0.003033,0.008066,0.182669,0.000690,0.000427
5.038966,0.002836,-0.031623,-0.001354,0.000011,0.000126
5.059008,0.001399,-0.027000,-0.002307,0.000159,0.196290
5.079049,0.003830,0.018882,-0.000063,0.000280,0.001230
5.099091,0.003962,-0.064434,0.000056,-0.000018,0.001556
5.119133,0.003999,-0.013845,0.000007,0.000353,-0.000091
5.139174,0.001178,0.000561,0.000378,0.000865,0.177620
5.159216,0.002235,0.015699,-0.001492,0.000036,0.000769
5.179258,0.002232,-0.057177,-0.001424,0.000155,-0.000876
5.199300,0.002936,-0.040267,0.000526,0.000037,0.000633
5.219341,0.016386,0.019309,0.203527,0.000131,0.000828
5.239383,0.237677,-0.005712,-0.006786,-0.000213,-0.001279
5.259425,0.240436,-0.015644,-0.001262,-0.000205,-0.000582
5.279466,0.002730,-0.023278,-0.000208,-0.000439,0.133513
5.299508,0.001021,-0.037906,-0.001732,-0.000095,-0.123825
5.319550,0.211416,-0.024074,-0.000255,0.000424,-0.001781
5.339591,-0.179175,-0.008571,-0.000609,-0.000960,0.000145
5.359633,0.004424,0.040450,-0.003236,0.000079,0.103792
5.379675,0.006149,-0.022100,0.000408,0.000632,0.004384
5.399716,0.006792,-0.020386,0.002072,0.000723,0.005484
5.419758,0.005061,-0.055227,-0.002120,0.000707,0.000233
5.439800,0.046998,-0.031502,0.000311,0.000481,0.001566
5.459841,0.004251,0.010324,-0.002280,-0.000338,0.003712
5.479883,0.002687,-0.015672,-0.001677,0.000920,0.000211
5.499925,0.213002,-0.049842,-0.001605,0.000047,-0.003612
5.519966,0.002672,-0.031530,0.000923,-0.000207,-0.002149
5.540008,0.001211,0.036212,-0.000580,0.000463,0.000769
5.560050,0.002141,-0.009414,-0.001032,0.000026,0.103554
5.580092,0.002451,-0.028690,0.000961,-0.355532,0.000014
5.600133,0.002823,-0.025540,-0.000353,0.000187,-0.001709
5.620175,0.002392,-0.006212,-0.003330,-0.000786,0.098163
5.640217,0.001097,-0.044050,-0.001181,0.000490,-0.087597
5.660258,0.002482,-0.045983,-0.001005,0.000105,-0.000670
5.680300,0.002468,-0.018688,-0.000823,0.000197,-0.083701
5.700342,0.001933,-0.072066,-0.000856,0.000546,0.000486
5.720383,0.002532,0.004536,-0.000962,0.000065,0.000810
5.740425,0.002666,-0.061369,-0.000105,0.000159,0.002846
5.760467,0.001249,-0.015412,0.001496,-0.000106,-0.078957
5.780508,0.003624,-0.044369,0.282981,0.000240,0.000608
5.800550,0.002190,-0.027051,-0.001447,0.000265,0.001397
5.820592,0.002363,-0.052848,-0.002025,-0.000217,-0.002028
5.840633,0.003470,-0.049188,-0.001906,-0.000304,-0.062621
5.860675,0.001960,-0.007661,0.278444,0.001048,-0.064261
5.880717,0.001442,-0.058929,-0.001963,0.000164,-0.002744
5.900759,0.002690,-0.041377,0.279769,0.000678,-0.000175
5.920800,0.003261,-0.034135,0.001087,0.000007,0.001928
5.940842,0.002644,0.011036,-0.001027,0.000050,0.053647
5.960884,0.004382,0.002388,0.001937,0.000061,-0.065521
5.980925,0.003167,-0.039407,-0.002292,0.000036,-0.056923
6.000967,0.003069,-0.026253,-0.001190,-0.000340,0.004144
6.021009,0.000797,-0.054122,-0.001295,-0.000452,-0.002778
6.041050,0.002186,-0.015016,-0.001169,-0.000068,0.002237
6.061092,0.002422,0.010518,-0.001449,-0.000046,0.006444
6.081134,0.003329,-0.036496,-0.000234,0.000031,0.002094
6.101175,0.001817,-0.029603,-0.000892,0.000169,0.000474
6.121217,0.002410,-0.024850,-0.001003,0.000027,-0.059245
6.141259,0.001992,-0.039374,-0.001772,0.000324,-0.003602
6.161300,0.002468,-0.047449,-0.001874,0.000024,0.002880
6.181342,0.001319,-0.055505,0.000362,0.000086,0.016503
6.201384,0.001738,0.002104,-0.001603,0.000222,-0.000154
6.221425,0.001976,-0.052679,-0.000536,0.000893,-0.037369
6.241467,0.236102,0.039845,-0.000896,0.000244,-0.001162
6.261509,0.002531,0.034620,0.001680,0.356810,0.006293
6.281551,0.002354,-0.069377,-0.001337,0.000257,0.035474
6.301592,-0.164903,-0.033438,-0.001719,0.000297,-0.038020
6.321634,0.005042,-0.044393,-0.002204,0.000300,0.042984
6.341676,0.002374,0.006747,0.282148,-0.000865,0.025006
6.361717,0.009069,0.002097,-0.282209,0.001271,0.075226
6.381759,0.107096,0.008149,-0.001841,0.001047,0.011016
6.401801,0.013267,0.052107,-0.000442,0.000632,-0.003037
6.421842,0.007646,0.024826,-0.001673,0.000001,0.020192
6.441884,0.115272,0.095285,0.003422,-0.000177,-0.021357
6.461926,0.004801,0.058717,-0.001930,0.000969,0.041137
6.481967,0.004300,0.058767,-0.000493,0.000385,0.002235
6.502009,0.182829,-0.017351,-0.003036,-0.000223,0.002510
6.522051,0.003181,0.008334,-0.000547,-0.356284,-0.027616
6.542092,0.002584,0.050236,-0.001180,0.000039,-0.028434
6.562134,0.002799,0.003775,-0.001006,0.000534,0.003272
6.582176,0.019709,-0.008281,-0.000283,0.000114,0.000877
6.602217,0.282760,0.036259,-0.000485,0.000096,0.050980
6.622259,0.284068,0.031339,-0.000819,-0.000082,0.009986
6.642301,0.001700,0.000546,-0.001118,0.000090,0.006651
6.662343,0.002624,0.060323,-0.001208,-0.000077,-0.003060
6.682384,0.002428,0.063971,-0.000712,0.000039,-0.007888
6.702426,0.283832,0.012771,-0.000982,-0.000055,0.029386
6.722468,0.003149,0.011909,-0.001014,0.000175,0.002046
6.742509,0.282584,0.031495,-0.001112,-0.000289,0.039355
6.762551,0.001741,-0.022615,-0.000358,-0.000211,0.004690
6.782593,0.003516,0.013270,-0.000383,0.000248,0.042554
6.802634,0.002036,0.012446,-0.000272,-0.000208,-0.011720
6.822676,0.003011,0.069692,-0.001299,0.000097,0.011799
6.842718,0.239142,-0.007556,-0.000571,0.000364,0.025721
6.862759,0.002582,0.046810,-0.000700,0.000075,0.030242
6.882801,0.003344,0.065584,-0.000806,0.000141,0.025229
6.902843,0.003044,0.037879,-0.000522,0.000422,0.032385
6.922884,0.003293,0.027606,-0.000375,0.000180,0.036794
6.942926,0.003371,0.014242,-0.000701,0.000009,0.010744
6.962968,0.001421,0.104245,-0.001107,-0.000100,0.043831
6.983009,0.003089,0.069585,-0.001084,-0.000147,0.044941
7.003051,0.208948,0.037562,-0.000949,-0.000443,0.037254
7.023093,0.004861,0.060400,-0.000576,0.000170,0.064015
7.043135,0.004644,0.051697,-0.000598,-0.000261,0.044125
7.063176,0.002763,0.053815,-0.000871,-0.000382,-0.003037
7.083218,0.001746,-0.034537,-0.000671,-0.000119,0.029591
7.103260,0.003673,0.033807,-0.000720,-0.356898,0.007534
7.123301,0.002392,0.077373,-0.001179,-0.000127,-0.010243
7.143343,0.004216,0.030205,-0.000594,0.000178,-0.003717
7.163385,0.002293,0.046026,-0.001108,-0.000018,0.037514
7.183426,0.003452,0.037408,-0.000913,0.000149,0.008557
7.203468,0.002758,0.017522,-0.001140,-0.000084,-0.005107
7.223510,0.001960,0.033961,-0.000845,0.000031,0.034125
7.243551,0.002394,0.058573,-0.000435,-0.000102,0.034777
7.263593,0.000981,0.043732,-0.000734,-0.000004,-0.020673
7.283635,0.002711,0.011023,-0.001191,-0.000154,0.027398
7.303676,0.002323,0.000046,-0.000833,0.000045,0.058833
7.323718,0.001978,0.047219,-0.000653,0.000003,0.048365
7.343760,0.001808,0.015409,-0.001067,0.000056,0.032483
7.363801,0.001816,0.001532,-0.001308,0.000282,-0.013244
7.383843,0.001771,0.034234,-0.000809,0.000184,0.027057
7.403885,0.003422,0.038764,-0.000581,0.354805,0.044805
7.423927,0.001263,0.035093,0.000069,-0.000491,0.015769
7.443968,0.189206,0.079202,0.000162,0.000232,0.010906
7.464010,0.004276,-0.001889,-0.001298,0.000234,0.030396
7.484052,0.001592,0.065008,-0.000791,0.000019,0.048726
7.504093,0.187849,0.043841,-0.000965,-0.000054,0.020493
7.524135,0.001972,0.035121,-0.000532,0.000274,0.036066
7.544177,0.210142,-0.044693,-0.001629,-0.000126,0.037104
7.564218,0.001961,0.024092,-0.001006,-0.000077,-0.009727
7.584260,0.000032,-0.013496,-0.000889,-0.000150,0.022791
7.604302,0.001199,0.001530,-0.000387,0.000005,0.032630
7.624343,0.002951,0.023193,-0.000909,0.000081,0.001566
7.644385,0.002451,0.020405,-0.000648,-0.000272,0.038731
7.664427,0.206769,-0.003765,-0.001029,0.000181,0.019636
7.684468,0.002934,0.028432,-0.000716,0.000989,-0.003039
7.704510,0.185201,0.010615,-0.001034,0.000766,0.043009
7.724552,0.002883,0.028395,-0.000825,0.000572,0.002439
7.744593,0.004590,0.013870,-0.001098,0.000281,-0.014877
7.764635,0.004853,0.058948,-0.000839,0.000477,0.026404
7.784677,0.157175,0.013272,-0.000735,0.000739,0.023954
7.804719,0.142440,0.002528,-0.000734,-0.000038,0.058410
7.824760,0.141954,0.006624,-0.001891,0.000888,0.025225
7.844802,0.139824,0.025724,0.365959,0.000655,0.011684
7.864844,0.244579,-0.053509,0.368514,0.232111,0.068655
7.884885,0.218527,0.046980,0.000172,0.204439,0.067983
7.904927,0.182338,0.008651,0.000196,0.170322,0.107675
7.924969,0.163014,-0.009207,0.002103,0.139355,0.103880
7.945010,0.078690,0.024998,0.002483,0.110745,0.060789
7.965052,0.061369,0.025419,-0.001901,0.089813,0.104147
7.985094,0.040991,0.000602,-0.003995,0.002449,0.072470
8.005135,0.069302,0.021928,-0.000857,0.065861,0.113360
8.025177,0.107884,-0.043469,-0.002465,-0.000082,0.086965
8.045219,0.065728,-0.049071,0.000965,0.073514,0.060477
8.065260,0.185460,0.000155,0.002790,0.003158,0.082231
8.085302,0.105777,-0.023951,0.167315,0.009076,0.075589
8.105344,0.067757,-0.037671,-0.002247,0.084710,0.083262
8.125385,0.075563,-0.040395,0.003472,0.053288,0.022550
8.145427,0.059176,0.001336,0.282733,0.003021,-0.028384
8.165469,0.025585,-0.066284,0.001295,0.000936,0.059095
8.185511,0.009605,0.005787,-0.000532,0.000218,-0.010510
8.205552,0.006467,0.006819,-0.000326,-0.000000,0.021205
8.225594,0.152067,-0.058646,-0.001079,0.000068,0.020127
8.245636,0.003840,-0.016782,-0.000907,0.000538,0.030737
8.265677,0.005441,-0.033671,-0.001297,0.000395,0.030105
8.285719,0.004937,0.018601,-0.000899,0.000540,0.058205
8.305761,0.003577,-0.025103,-0.001127,-0.000679,0.032753
8.325802,0.006679,-0.028475,-0.000822,0.000025,-0.037600
8.345844,0.003475,-0.052904,-0.000706,0.000622,0.013807
8.365886,0.000476,-0.007781,-0.001497,0.000230,-0.057728
8.385927,0.003886,-0.005407,-0.000537,0.000124,-0.022442
8.405969,0.001098,-0.040711,-0.001056,-0.001802,0.030888
8.426011,0.014923,-0.001307,-0.000835,-0.000557,0.053996
8.446052,0.005661,-0.071099,-0.000577,0.000401,0.038018
8.466094,0.007881,0.028021,-0.000456,-0.146662,-0.022388
8.486136,-0.031593,-0.020032,-0.002352,-0.007501,0.007972
8.506177,0.056775,-0.024373,0.001390,0.001086,0.029092
8.526219,-0.002888,-0.029372,0.145359,-0.054809,0.007645
8.546261,-0.003392,-0.057781,-0.002017,0.002416,0.031840
8.566303,0.054911,-0.082900,0.001423,0.003710,0.063786
8.586344,0.057822,-0.085809,-0.004160,0.040980,0.089614
8.606386,0.004058,-0.093608,0.004831,0.055024,0.066934
8.626428,0.095175,-0.082974,0.000018,0.070957,0.048198
8.646469,0.122083,-0.043334,0.010149,0.076911,0.100328
8.666511,-0.002923,-0.013212,-0.009924,0.057865,0.091352
8.686553,0.070947,-0.012612,-0.007275,0.056131,0.138197
8.706594,0.114562,-0.023410,0.001965,0.091225,0.015346
8.726636,0.064187,-0.129601,0.001285,0.060465,0.074473
8.746678,0.074847,-0.024645,0.000454,0.070845,0.055064
8.766719,0.058832,-0.078647,-0.236449,0.004936,0.023257
8.786761,0.115247,-0.041197,-0.001753,0.000778,0.032709
8.806803,0.012704,-0.078813,-0.003181,0.001234,0.037453
8.826844,0.080561,-0.016367,-0.001346,-0.001009,0.044631
8.846886,0.016110,-0.037508,-0.001782,0.000833,0.055532
8.866928,0.084504,-0.062370,-0.000855,0.135585,0.047549
8.886970,0.068011,-0.032596,-0.001383,0.001861,0.027500
8.907011,0.058948,-0.124945,-0.000852,0.003470,0.070700
8.927053,0.073783,-0.060843,-0.000175,-0.001410,0.088923
8.947095,0.009432,-0.037979,-0.000218,0.001976,0.045410
8.967136,0.098754,-0.056549,0.365599,-0.000974,0.037339
8.987178,0.187357,-0.058718,-0.000479,0.005538,0.027279
9.007220,0.121753,0.001145,-0.000140,0.001904,0.035357
9.027261,0.142718,-0.094663,0.000154,0.000907,-0.023110
9.047303,0.161003,-0.087194,0.001621,0.002515,0.095582
9.067345,0.179348,-0.050209,0.000000,0.000458,0.029352
9.087386,0.191974,-0.049585,0.000000,0.356992,0.046747
9.107428,0.006507,-0.099394,0.000000,0.356536,0.019754
9.127470,0.007408,-0.040871,0.000000,0.000064,-0.012314
9.147511,0.005904,-0.065740,0.000000,0.000551,0.016115
9.167553,0.004874,-0.032765,0.000000,0.356831,0.057437
9.187595,0.004387,-0.024568,0.000000,0.355857,0.058408
9.207636,0.191537,-0.093866,0.000000,0.357383,0.029339
9.227678,0.006351,-0.090727,0.000000,0.000186,0.055300
9.247720,0.175620,-0.108743,0.000000,0.000115,0.011196
9.267762,0.006744,-0.029894,0.647704,0.000151,0.055253
9.287803,0.008580,-0.065474,-0.001635,0.274416,0.009152
9.307845,0.007971,-0.099503,-0.000630,0.000642,0.030434
9.327887,0.112591,-0.076491,-0.000717,0.000554,0.008620
9.347928,0.008010,-0.081970,-0.000683,0.000642,-0.035351
9.367970,0.098087,-0.181411,-0.000933,0.165374,-0.005297
9.388012,0.087042,-0.100871,0.366776,0.000456,0.008901
9.408053,0.079796,-0.077536,-0.001703,0.000227,0.034287
9.428095,0.002388,-0.070634,-0.000478,0.001847,0.001595
9.448137,0.064062,-0.075799,-0.000881,0.122202,0.017979
9.468178,0.008860,-0.091260,-0.000275,0.005556,0.009594
9.488220,0.010068,-0.118884,-0.002923,0.001311,0.069553
9.508262,0.081428,-0.052808,0.000082,0.003768,0.055273
9.528303,0.023644,-0.065482,-0.002323,0.000254,0.064237
9.548345,0.042891,-0.120595,-0.001211,0.005885,0.077124
9.568387,0.031780,-0.085731,-0.000979,0.003710,0.043216
9.588428,0.063740,-0.075664,-0.204970,0.077143,0.060585
9.608470,0.028944,-0.105790,-0.002637,0.001528,0.031641
9.628512,0.045193,-0.107854,-0.000081,-0.090604,0.034673
9.648554,0.068455,-0.130027,0.000542,0.000618,0.055845
9.668595,0.054499,-0.148201,-0.001190,0.001019,-0.008761
9.688637,0.053139,-0.119179,-0.000212,0.157535,0.077574
9.708679,0.016090,-0.097091,-0.000823,-0.000390,-0.009403
9.728720,0.007881,-0.093036,-0.000499,0.000521,-0.006517
9.748762,0.006735,-0.123123,0.647147,0.000127,-0.007532
9.768804,0.003729,-0.073946,0.000000,0.000238,0.036620
9.788845,0.003541,-0.125426,0.000000,0.000482,0.049149
9.808887,0.003556,-0.093409,0.000000,0.000273,0.044748
9.828929,0.003656,-0.047228,0.000000,0.000138,0.040295
9.848970,-0.235701,-0.104387,0.000000,-0.000038,0.005266
9.869012,0.002601,-0.147476,0.000000,0.000027,0.058437
9.889054,0.002592,-0.063612,0.000000,-0.000051,0.050809
9.909095,0.002423,-0.059485,0.000000,0.000058,0.100322
9.929137,0.002723,-0.062121,0.000000,0.000171,0.052773
9.949179,0.001671,-0.071661,0.000000,0.000003,0.069588
9.969220,0.238290,-0.119231,0.000000,0.000112,0.055467
9.989262,-0.234064,-0.128764,0.000000,-0.000220,0.004101
10.009304,-0.231991,-0.003165,0.000000,0.000154,0.060130
10.029346,0.002562,-0.076555,0.000000,0.000123,0.060798
10.049387,0.001501,-0.073031,0.000000,0.000067,0.036463
10.069429,0.003577,-0.083396,0.000000,0.000192,0.077861
10.089471,0.002006,-0.086666,0.000000,0.000029,-0.002311
10.109512,0.002280,-0.091274,0.000000,0.000211,0.074094
10.129554,0.002558,-0.000741,0.000000,-0.000054,0.048277
10.149596,0.002364,-0.097093,0.000000,0.000080,-0.004765
10.169637,0.002863,-0.105801,0.000000,-0.000089,0.039437
10.189679,0.003196,-0.110586,0.000000,0.000241,0.013384
10.209721,-0.009114,-0.121317,0.000000,-0.000004,0.023092
10.229762,0.001209,-0.127220,0.000000,0.000095,-0.005220
10.249804,0.000892,-0.002076,0.000000,-0.000242,0.048547
10.269846,0.003666,-0.000244,0.000000,0.000082,0.113769
10.289887,0.188324,-0.158646,0.000000,0.000218,0.072307
10.309929,0.189137,-0.000975,0.000000,-0.000052,-0.015258
10.329971,0.003465,-0.001734,0.000000,0.000069,0.046306
10.350012,0.001941,-0.001219,0.000000,0.000401,0.062113
10.370054,0.002138,-0.203781,0.000000,0.000239,0.050698
10.390096,0.007419,-0.000414,0.000000,0.000284,0.097912
10.410138,0.004588,-0.000159,0.000000,0.357020,0.013394
10.430179,0.003622,-0.001464,0.000000,-0.000199,0.071687
10.450221,0.007454,-0.009524,0.000000,0.000618,0.034126
10.470263,0.004706,-0.000484,0.000000,0.000534,0.040064
10.490304,0.006172,0.000011,0.000000,0.000600,0.106028
10.510346,0.003773,0.000275,0.000000,0.000337,0.097604
10.530388,0.010715,0.000112,-0.647454,0.000361,0.080092
10.550429,0.119073,-0.000320,-0.001149,0.000929,0.044682
10.570471,0.106913,0.000113,-0.001088,0.000341,0.092755
10.590513,0.095220,-0.000505,-0.001190,0.000890,0.092455
10.610554,0.026385,-0.000285,-0.000934,0.000971,0.073897
10.630596,0.068181,-0.000455,-0.001755,-0.000858,0.068024
10.650638,0.018924,0.000537,-0.001586,0.005687,0.071838
10.670679,0.102215,0.000266,-0.001728,0.002798,0.078585
10.690721,0.113324,0.000038,-0.003723,0.074160,0.020756
10.710763,0.032652,-0.001238,-0.002327,0.065714,0.064005
10.730804,0.136559,-0.000292,-0.000545,0.064533,0.073778
10.750846,0.148952,-0.000690,0.107909,0.057693,0.070953
10.770888,0.175604,-0.000166,0.093852,0.164603,0.095638
10.790930,0.181034,-0.000405,0.002027,0.142917,0.061443
10.810971,0.210848,0.000141,0.007133,0.113540,0.099162
10.831013,0.227586,0.000358,0.077675,0.140602,0.080622
10.851055,0.261339,-0.230810,0.005684,0.127159,0.089427
10.871096,0.263447,0.000187,0.076837,0.131174,0.058010
10.891138,0.192687,0.000182,0.003394,0.087643,0.112563
10.911180,0.267682,0.000037,0.009688,0.173994,0.047869
10.931221,0.207789,0.000141,0.115222,0.056286,0.071685
10.951263,0.128647,0.001286,-0.002417,0.114065,0.019621
10.971305,0.138615,-0.000173,-0.002856,0.003637,0.076717
10.991346,0.040998,0.000106,-0.002857,0.095660,0.054488
11.011388,0.075133,-0.000001,-0.001578,0.005503,0.078314
11.031430,0.082101,-0.000550,-0.000605,0.002486,0.074141
11.051471,0.101023,0.000625,-0.000890,0.203282,-0.004766
11.071513,0.006394,0.175530,0.647471,-0.000271,0.072071
11.091555,0.009825,0.000079,0.646094,0.000376,0.088026
11.111596,0.004555,-0.000115,0.000000,0.000442,0.025691
11.131638,0.004964,-0.000319,0.000000,-0.000939,0.056952
11.151680,0.010045,-0.000411,0.000000,0.000176,0.015067
11.171722,0.005617,-0.000701,0.000000,0.000368,0.054062
11.191763,0.004373,0.000789,0.000000,0.000410,0.028034
11.211805,0.012339,0.000676,0.000000,-0.000046,0.052672
11.231847,0.002827,0.000137,0.000000,0.000103,0.063196
11.251888,0.003199,-0.229881,0.000000,0.000401,0.029364
11.271930,0.002010,-0.000156,0.000000,0.000484,0.083935
11.291972,0.005960,-0.000215,0.000000,0.000105,0.010613
11.312013,0.009417,0.202725,0.000000,0.000361,0.033409
11.332055,0.125689,-0.001039,0.000000,0.000000,0.047851
11.352097,-0.000743,0.000701,0.000000,0.000154,0.035214
11.372138,0.003981,-0.000178,0.000000,0.000183,0.079415
11.392180,0.005562,-0.227911,0.000000,-0.000034,0.009158
11.412222,0.007923,0.000397,0.000000,-0.000063,0.082753
11.432263,0.006087,-0.000230,0.000000,-0.000443,0.085581
11.452305,-0.002737,-0.230255,0.000000,0.000477,0.021683
11.472347,-0.105029,0.230894,0.000000,0.356738,0.032678
11.492388,0.008594,0.000910,0.000000,0.000014,0.031068
11.512430,-0.000171,-0.000102,0.000000,-0.356325,0.053064
11.532472,0.005731,-0.000235,0.000000,0.002020,-0.024251
11.552514,0.001883,0.000760,0.000000,-0.000322,0.076573
11.572555,0.009283,-0.001279,0.000000,0.000029,0.024058
11.592597,0.012313,0.000084,0.000000,0.000367,0.051939
11.612639,0.011556,-0.231478,-0.002298,0.003068,0.009979
11.632680,0.006072,0.000147,-0.000251,0.000429,0.033864
11.652722,0.001342,-0.000622,-0.001322,0.001028,0.042259
11.672764,0.010618,0.001568,-0.001380,0.000411,0.133042
11.692805,0.004302,-0.000069,-0.000883,0.000884,0.054077
11.712847,-0.070737,-0.230947,-0.000565,0.203394,0.084273
11.732889,0.083587,-0.000745,-0.000960,0.000903,0.042280
11.752930,0.004048,0.000446,-0.001748,0.000043,0.061924
11.772972,0.005689,-0.227223,-0.000519,0.231112,0.051176
11.793014,0.073469,-0.000100,0.647861,-0.000062,0.071969
11.813055,0.009012,-0.000236,0.000000,0.271959,0.021976
11.833097,0.005573,-0.204217,0.000000,-0.000062,0.032048
11.853139,0.006819,0.000007,0.000000,0.000820,0.059685
11.873181,-0.075736,0.000354,0.000000,-0.001312,0.037008
11.893222,0.088277,-0.000507,0.000000,-0.000319,0.013445
11.913264,-0.085992,-0.000438,0.000000,0.000289,-0.000662
11.933306,0.009438,-0.000158,0.000000,0.000110,-0.004028
11.953347,-0.004243,-0.000000,0.000000,0.000016,0.081273
11.973389,0.000379,-0.000250,0.000000,-0.000135,0.027544
11.993431,0.009488,-0.000390,0.000000,0.000089,0.090592
12.013472,0.012181,-0.000040,0.000000,0.000127,0.040003
12.033514,0.008253,-0.000448,0.000000,-0.000087,0.042943
12.053556,0.095017,0.000283,0.000000,0.000215,0.094626
12.073597,-0.001411,-0.000425,0.000000,0.000361,0.051523
12.093639,0.090194,-0.000572,0.000000,0.000186,0.037938
12.113681,0.003246,-0.000045,0.000000,0.000140,0.048174
12.133722,0.018516,-0.000062,0.000000,0.000249,0.062397
12.153764,0.006968,-0.000443,0.000000,0.000016,0.069588
12.173806,0.016917,-0.000141,0.000000,-0.000258,0.062930
12.193847,0.004420,0.000023,0.000000,0.000219,0.018197
12.213889,-0.000192,0.000064,0.000000,0.000137,0.042099
12.233931,0.006716,-0.000084,0.000000,0.000394,0.059229
12.253973,-0.066490,-0.000662,0.000000,0.000148,0.017619
12.274014,-0.001958,-0.000606,0.000000,0.356778,0.093243
12.294056,-0.067291,-0.000372,0.000000,0.000256,0.063965
12.314098,0.015051,0.000027,0.000000,0.000248,0.060245
12.334139,-0.063531,0.000392,0.000000,0.000474,0.081320
12.354181,0.011680,-0.000260,0.000000,0.000151,0.063187
12.374223,0.010561,0.000166,-0.648686,-0.000147,0.083441
12.394264,0.065735,0.000632,-0.000346,-0.000488,0.044245
12.414306,0.008530,-0.000341,-0.001220,-0.000231,0.071930
12.434348,0.012685,-0.000840,-0.001453,0.000919,0.079953
12.454389,0.002203,0.000333,-0.000505,0.000312,0.067486
12.474431,0.012368,-0.000259,-0.000813,0.000486,0.052880
12.494473,0.023119,0.000086,-0.001188,-0.000215,0.084825
12.514514,0.031025,-0.000318,-0.001093,0.003460,0.082320
12.534556,0.070955,-0.000039,-0.000128,0.001789,0.025664
12.554598,0.060879,-0.000376,-0.001578,0.000482,0.102007
12.574639,0.062538,-0.000311,-0.000168,0.002989,0.054966
12.594681,0.068804,-0.000507,-0.002360,0.000685,0.049156
12.614723,-0.050011,0.000127,0.000668,0.126868,0.013816
12.634765,0.046663,0.000483,-0.002336,-0.002283,0.061249
12.654806,0.058637,0.000342,0.000126,0.002585,0.001832
12.674848,0.049833,-0.000166,0.001706,0.103381,0.015928
12.694890,0.012705,-0.000771,-0.001476,0.004460,0.060517
12.714931,0.051631,-0.000072,-0.001984,0.105521,0.044860
12.734973,0.048889,-0.000011,-0.001291,0.054002,0.114310
12.755015,0.048046,-0.000233,-0.000109,0.059907,0.038785
12.775056,0.031322,-0.000455,-0.000631,0.117663,0.015963
12.795098,0.065803,-0.000147,0.279592,0.111448,0.088720
12.815140,0.029462,0.000404,-0.000436,0.103088,0.067997
12.835181,0.022439,-0.000523,-0.003136,0.006456,0.067656
12.855223,0.060115,-0.000009,-0.002497,-0.070793,0.059605
12.875265,0.031423,-0.000135,-0.001102,0.055924,0.023243
12.895306,0.137712,0.000417,0.002064,0.050347,0.035693
12.915348,0.134970,-0.000179,-0.002083,0.103756,0.015169
12.935390,0.132966,0.000161,0.000758,0.112373,0.063103
12.955431,0.158794,0.000328,-0.085181,0.104142,0.056066
12.975473,0.146476,-0.000312,0.083549,0.117877,0.033898
12.995515,0.182627,-0.000280,0.005781,0.062057,0.084782
13.015557,0.229946,0.000220,0.006039,0.135007,0.076789
13.035598,0.244022,0.000576,0.000970,0.103544,0.056597
13.055640,0.264081,-0.000125,0.066649,0.142620,0.015023
13.075682,0.122758,-0.000729,0.005210,0.160372,0.008192
13.095723,0.234266,-0.000230,-0.008628,0.174728,0.031743
13.115765,0.154944,-0.000010,0.108383,0.138635,0.022209
13.135807,0.151013,-0.000119,0.113239,0.095846,0.041718
13.155848,0.127263,0.000253,-0.003911,0.067036,0.057265
13.175890,0.060763,-0.000223,0.000154,0.065919,0.031020
13.195932,0.071514,0.000277,-0.001718,0.003306,0.031189
13.215973,0.103954,0.000560,-0.001633,0.087604,0.058301
13.236015,0.117585,-0.000140,-0.004676,0.088527,0.023123
13.256057,0.068836,0.000084,0.233977,0.004088,0.087919
13.276098,0.078443,0.000983,-0.000158,0.001633,0.022020
13.296140,0.040182,0.000022,-0.000681,0.001151,0.025760
13.316182,0.054091,-0.000600,-0.000320,-0.000503,0.065217
13.336223,0.056976,-0.000152,-0.002077,-0.060657,0.075390
13.356265,0.042319,-0.000631,0.000042,0.004255,0.025722
13.376307,0.041481,-0.000129,-0.000595,0.002794,0.053897
13.396349,0.071577,-0.000219,-0.001974,0.004622,0.012036
13.416390,0.033141,0.000365,0.001059,0.137441,0.025146
13.436432,0.019648,0.000157,-0.000249,0.145726,0.073548
13.456474,-0.009870,-0.000568,-0.001057,0.156973,0.007888
13.476515,0.019937,-0.000165,0.000079,0.167161,-0.005308
13.496557,0.022407,0.000421,-0.000720,-0.001014,0.034519
13.516599,0.008234,0.000670,-0.000721,0.203383,0.019862
13.536640,0.061452,-0.000637,0.000139,0.001345,0.028441
13.556682,0.023762,0.000109,-0.001197,0.000710,0.062317
13.576724,0.028148,-0.000228,0.000000,0.274209,0.019961
13.596765,0.022006,0.000441,0.000000,0.000674,0.060044
13.616807,0.000643,-0.000445,0.000000,0.000038,0.057139
13.636849,-0.034970,0.000071,0.000000,-0.000124,-0.001832
13.656890,-0.006637,0.000310,0.000000,0.000461,-0.022067
13.676932,0.057523,0.000011,0.000000,0.000099,0.001606
13.696974,0.016329,-0.000618,0.000000,0.000132,-0.025420
13.717015,-0.001294,-0.000566,0.000000,-0.000282,-0.022990
13.737057,0.034946,0.000060,0.000000,-0.000095,0.036086
13.757099,0.009357,-0.000303,0.000000,-0.000083,0.017957
13.777141,0.058700,0.000371,0.000000,0.000704,0.004553
13.797182,-0.021712,0.000856,0.000000,0.000550,0.019217
13.817224,-0.033985,0.000515,0.000000,-0.000064,-0.008696
13.837266,0.014985,0.000510,0.000000,0.000499,0.002617
13.857307,0.058825,-0.000770,0.000000,0.000283,0.052825
13.877349,0.065541,0.000388,0.000000,-0.000049,-0.038368
13.897391,0.047938,0.000002,0.000000,0.000549,0.032687
13.917432,0.018280,-0.025407,0.000000,0.000966,-0.034014
13.937474,0.049454,0.001720,0.000000,0.001523,-0.004922
13.957516,0.012479,-0.025395,0.647304,0.000501,-0.001471
13.977557,0.033436,-0.000058,-0.000219,0.001485,0.011129
13.997599,0.010673,0.000106,-0.001174,-0.000416,-0.008999
14.017641,0.002056,-0.000102,-0.001431,0.168651,0.015968
14.037682,0.051961,0.000842,-0.000076,0.000542,0.008015
14.057724,0.084522,-0.028954,-0.000878,0.002887,0.028103
14.077766,0.002986,-0.000622,-0.001165,0.003825,0.040373
14.097807,0.085596,0.000137,0.000150,0.003100,-0.001639
14.117849,0.073378,0.044804,0.279421,0.004615,0.035999
14.137891,0.101203,0.000835,-0.002781,0.055136,-0.006352
14.157933,0.125478,-0.000407,0.000313,0.107548,-0.056788
14.177974,0.050255,0.000424,0.281177,0.109796,-0.018956
14.198016,0.052651,-0.262893,0.000257,0.001038,-0.054264
14.218058,0.104187,0.000260,-0.000754,0.001881,-0.016678
14.238099,0.025800,-0.018574,0.368383,0.000444,-0.008990
14.258141,0.071180,-0.000575,-0.000844,0.000082,-0.001866
14.278183,0.068037,-0.000585,-0.000726,0.000034,0.014082
14.298224,0.062642,-0.007312,-0.001435,0.000227,-0.052736
14.318266,0.017679,-0.000763,0.000000,0.001147,-0.003225
14.338308,0.058083,0.003167,0.000000,0.000273,-0.045846
14.358349,0.059894,0.274123,0.000000,0.001277,-0.005580
14.378391,0.063257,-0.274055,0.000000,0.000681,0.002129
14.398433,0.041314,-0.000058,0.000000,0.001100,-0.004891
14.418474,0.003135,0.258565,0.000000,0.000001,-0.071060
14.438516,0.031544,0.000210,0.000000,0.000100,-0.064484
14.458558,0.040167,0.000528,0.000000,0.000520,-0.007833
14.478599,-0.016388,-0.000191,0.000000,0.000516,0.060252
14.498641,0.039155,0.000121,0.000000,0.000560,-0.002928
14.518683,0.048295,0.000160,0.000000,0.000057,-0.003468
14.538725,0.072940,-0.000336,0.000000,0.001157,-0.000957
14.558766,0.062021,0.000601,0.000000,0.000994,-0.082556
14.578808,0.103829,-0.000033,0.000000,0.000581,0.001928
14.598850,-0.019353,-0.000756,0.000000,0.000915,0.001411
14.618891,0.056984,0.000707,0.000000,0.275747,-0.088426
14.638933,0.047371,-0.000333,0.000000,0.276039,-0.095738
14.658975,0.085160,-0.000093,0.000000,0.276521,-0.096088
14.679016,0.037879,0.000103,0.000000,0.002281,-0.002200
14.699058,0.160575,0.000049,0.000000,0.001415,-0.003133
14.719100,0.089312,-0.000187,0.000000,0.233142,-0.005264
14.739141,0.142623,-0.000268,0.000000,0.233230,-0.000800
14.759183,0.105453,0.000047,0.000000,0.233546,-0.001004
14.779225,0.094821,-0.000292,0.000000,0.234500,0.001514
14.799266,0.063929,0.000081,0.647963,0.235269,-0.002986
14.819308,0.137388,-0.000236,0.647540,0.235841,-0.132867
14.839350,0.150483,-0.000414,0.644533,0.233815,-0.140663
14.859392,0.123876,-0.000065,0.647861,0.234880,-0.001710
14.879433,0.100735,-0.000281,0.648196,0.235592,-0.000216
14.899475,0.100057,-0.000043,0.648325,0.235198,0.000670
14.919517,0.155639,0.000033,0.647943,0.003870,-0.001037
14.939558,0.098489,-0.000100,0.647835,0.436488,-0.000443
14.959600,0.124545,0.000106,0.648328,0.208005,0.000781
14.979642,0.144072,-0.000179,0.647943,0.207992,-0.000422
14.999683,0.124519,-0.000002,0.648639,0.207722,-0.222671
15.019725,0.167394,0.000003,0.649127,0.208755,-0.000324
15.039767,0.148127,0.000292,0.001500,0.189110,-0.267057
15.059808,0.141608,-0.000238,0.000774,0.174059,0.000143
15.079850,0.211954,-0.000117,0.000337,0.162346,-0.000151
15.099892,0.095055,-0.000052,0.361715,0.144083,-0.346344
15.119933,0.111030,0.000379,-0.000037,0.126422,-0.000089
15.139975,0.113343,0.000318,0.001270,0.113732,-0.000029
15.160017,0.160110,-0.000574,-0.000781,0.103071,0.000034
15.180058,0.132694,0.000229,0.236401,0.177915,-0.001529
15.200100,0.137291,-0.000219,-0.000673,0.168659,0.000000
15.220142,0.142938,0.000046,0.207285,0.090164,0.000000
15.240184,0.183414,0.000028,-0.000093,0.158967,0.000000
15.260225,0.134626,-0.000043,0.205911,0.083975,0.000000
15.280267,0.232262,-0.000125,0.207195,0.082575,0.000000
15.300309,0.190292,-0.000109,0.001437,0.097284,0.000000
15.320350,0.132468,-0.000191,-0.000227,0.099588,0.000000
15.340392,0.192907,0.000048,0.001986,0.107671,0.000000
15.360434,0.127336,-0.000254,-0.000209,0.119706,0.000000
15.380475,0.086158,-0.000110,-0.000124,0.247552,0.000000
15.400517,0.171763,-0.000030,0.365947,0.145019,0.000000
15.420559,0.172536,-0.000146,-0.000305,0.155179,0.000000
15.440600,0.172264,-0.000052,0.000733,0.308232,0.000000
15.460642,0.224271,0.000061,0.001475,0.311775,0.000000
15.480684,0.390637,0.000351,0.002139,0.449795,0.000000
15.500725,0.483642,-0.000790,0.373260,0.559431,0.000000
15.520767,0.721597,0.000139,0.377758,0.869365,0.000000
15.540809,1.077796,0.000599,0.295114,1.097271,0.000000
15.560850,1.485130,-0.000029,0.734413,1.454847,0.000000
15.580892,2.062915,-0.006271,0.655417,1.832803,0.000000
15.600934,2.635159,-0.020511,0.978800,2.294996,0.000000
15.620976,3.342225,-0.000542,1.046307,2.697459,0.000000
15.641017,4.016704,-0.001431,1.416959,3.066157,0.000000
15.661059,4.654350,-0.000369,1.554504,3.461447,0.000000
15.681101,5.330914,0.355951,1.759041,3.820785,0.000000
15.701142,5.745040,0.000578,1.855009,4.121423,0.000000
15.721184,6.134092,-0.000147,2.035742,4.309433,0.000000
15.741226,6.415446,-0.000560,2.118553,4.320090,0.000000
15.761267,6.400023,-0.329548,2.109894,4.415165,0.000000
15.781309,6.132437,-0.000132,1.944902,4.251374,0.000000
15.801351,5.681243,0.000044,1.766145,4.086001,0.000000
15.821392,5.094973,-0.000184,1.643811,3.738067,0.000000
15.841434,4.522319,-0.342270,1.619430,3.348487,0.000000
15.861476,3.673599,0.000238,1.268992,2.961721,0.000000
15.881517,2.889364,0.000250,1.226217,2.532989,0.000000
15.901559,2.267412,-0.000123,0.912624,2.079347,0.000000
15.921601,1.567167,-0.000066,0.869104,1.580231,0.000000
15.941642,1.027749,0.000185,0.645252,1.219570,0.000000
15.961684,0.665155,-0.000310,0.374006,0.794774,0.000000
15.981726,0.464681,0.000064,0.003162,0.585739,0.000000
16.001768,0.269430,0.000142,0.649306,0.336957,0.000000
16.021809,0.139894,-0.000104,0.648682,0.174123,0.000000
16.041851,0.158634,0.000024,0.000000,0.173630,0.000000
16.061893,0.066284,0.000071,0.647835,0.167139,0.000000
16.081934,0.089264,-0.000055,0.000000,0.168596,0.000000
16.101976,0.057368,0.000156,0.000000,0.167031,0.000000
16.122018,0.014833,-0.000066,0.000000,0.000504,0.000000
16.142059,0.061577,-0.000080,0.648196,0.002025,0.000000
16.162101,0.033658,-0.000060,0.000309,0.000661,0.000000
16.182143,0.119885,-0.000343,-0.000359,0.001564,0.000000
16.202184,0.077142,0.000154,-0.000974,0.155356,0.000000
16.222226,0.051112,-0.000142,-0.000526,0.000771,0.000000
16.242268,-0.035556,0.000070,-0.000824,0.000709,0.000000
16.262309,0.090324,0.000020,-0.000996,0.000944,0.000000
16.282351,0.076954,-0.000117,-0.000182,0.000670,0.000000
16.302393,0.033609,0.000008,-0.001095,0.146612,0.000000
16.322434,0.038770,-0.000167,-0.000319,0.146278,0.000000
16.342476,0.051874,-0.000027,-0.000952,0.144988,0.000000
16.362518,0.063016,0.000122,-0.000640,0.147045,0.000000
16.382560,0.066257,-0.000076,-0.001015,0.003798,0.000000
16.402601,0.046764,-0.000098,-0.000568,0.001289,0.000000
16.422643,0.064316,-0.000057,-0.001051,0.146447,0.000000
16.442685,0.078315,0.000150,-0.000114,0.147961,0.000000
16.462726,0.022611,-0.000067,-0.000237,-0.000867,0.000000
16.482768,-0.025832,0.000008,-0.000729,0.000351,0.000000
16.502810,0.037501,0.000060,-0.000935,-0.001556,0.000000
16.522851,0.052119,-0.000096,-0.000690,0.001929,0.000000
16.542893,0.052937,0.000076,0.000388,-0.001709,0.000000
16.562935,0.060326,-0.000116,-0.001281,0.000647,0.000000
16.582976,0.023471,0.000020,-0.001034,0.004066,0.000000
16.603018,0.053936,0.000282,-0.000858,-0.000250,0.000000
16.623060,0.049813,-0.000071,0.000044,0.001576,0.000000
16.643101,-0.004551,0.000028,0.000200,0.137911,0.000000
16.663143,0.044922,-0.000052,-0.000273,0.139655,0.000000
16.683185,0.030453,-0.000028,-0.003161,0.138745,0.000000
16.703226,0.058071,0.000019,0.000000,0.001276,0.000000
16.723268,0.051204,0.000006,0.000000,0.137505,0.000000
16.743310,0.059510,0.000214,0.000000,0.138582,0.000000
16.763352,0.061511,0.000282,0.000000,0.000604,0.000000
16.783393,0.069439,-0.000062,0.000000,0.002595,0.000000
16.803435,0.030922,0.000134,0.000000,0.001912,0.000000
16.823477,0.022469,-0.000216,0.000000,0.002328,0.000000
16.843518,0.007248,0.000226,0.000000,0.002964,0.000000
16.863560,0.050308,-0.000282,0.000000,0.001682,0.000000
16.883602,0.034972,0.000134,0.000000,0.000723,0.000000
16.903643,0.034129,0.000040,0.000000,0.130518,0.000000
16.923685,0.019442,-0.010766,0.000000,0.001697,0.000000
16.943727,0.020891,0.000102,0.000000,0.001259,0.000000
16.963768,0.013271,0.000630,0.000000,-0.000026,0.000000
16.983810,0.057058,-0.001058,0.000000,0.000523,0.000000
17.003852,0.088600,-0.619057,0.000000,0.001449,0.000000
17.023893,-0.011366,-0.619038,0.000000,-0.000252,0.000000
17.043935,0.035896,-0.617735,0.000000,-0.001514,0.000000
17.063977,0.023798,0.000000,0.000000,0.005710,0.000000
17.084018,0.046784,0.001358,0.000000,0.000807,0.000000
17.104060,0.046930,0.000000,0.000000,0.002126,0.000000
17.124102,0.026189,0.000000,-0.000585,0.000728,0.000000
17.144144,0.034106,0.000000,-0.001289,0.003617,0.000000
17.164185,0.096798,0.000000,-0.000041,0.111028,0.000000
17.184227,0.081205,0.000000,-0.001204,0.104260,0.000000
17.204269,0.009037,0.000000,0.280274,0.003149,0.000000
17.224310,0.046453,0.000000,-0.001874,0.001049,0.000000
17.244352,0.048549,0.000000,-0.000568,0.087741,0.000000
17.264394,0.005179,0.000000,0.010397,0.082474,0.000000
17.284435,0.083847,0.000000,0.000786,0.000864,0.000000
17.304477,-0.001733,0.000000,0.084820,0.008914,0.000000
17.324519,0.092283,0.000000,0.108194,0.057040,0.000000
17.344560,0.038675,0.000000,-0.007834,0.009896,0.000000
17.364602,0.129567,0.000000,0.002473,0.047093,0.000000
17.384644,0.018562,0.000000,0.012691,0.057325,0.000000
17.404685,0.082323,0.000000,0.071652,0.021210,0.000000
17.424727,0.076058,0.000000,0.037717,0.089433,0.000000
17.444769,0.145715,0.000000,-0.073624,0.093794,0.000000
17.464811,0.190389,0.000000,0.080302,0.101643,0.000000
17.484852,0.249351,0.000000,0.082662,0.181547,0.000000
17.504894,0.287346,0.000000,0.093975,0.206455,0.000000
17.524936,0.381854,0.000000,0.091649,0.346204,0.000000
17.544977,0.515022,0.000000,0.188320,0.352755,0.000000
17.565019,0.642380,0.000000,0.219773,0.505183,0.000000
17.585061,0.775153,0.000000,0.256033,0.558382,0.000000
17.605102,0.973563,0.000000,0.407943,0.647260,0.000000
17.625144,1.024372,0.000000,0.330762,0.877892,0.000000
17.645186,1.029048,0.000000,0.377746,0.857673,0.000000
17.665227,1.072247,0.000000,0.642159,1.031181,0.000000
17.685269,1.125730,0.000000,0.730512,0.944690,0.000000
17.705311,0.969685,0.000000,0.531044,0.966541,0.000000
17.725352,0.889292,0.000000,0.648602,0.830656,0.000000
17.745394,0.725525,0.000000,0.377859,0.750503,0.000000
17.765436,0.665346,0.000000,0.375627,0.601126,0.000000
17.785477,0.505021,0.000000,0.006316,0.442056,0.000000
17.805519,0.380222,0.000000,0.650486,0.437876,0.000000
17.825561,0.265286,0.000000,0.649524,0.272627,0.000000
17.845603,0.291197,0.000000,0.649062,0.178826,0.000000
17.865644,0.286805,0.000000,0.648620,0.182505,0.000000
17.885686,0.176844,0.000000,0.648487,0.182275,0.603267
17.905728,0.242459,0.000000,0.648715,0.093163,-0.602979
17.925769,0.162705,0.000000,0.648466,0.174858,0.000000
17.945811,0.185432,0.000000,0.648677,0.257821,0.603129
17.965853,0.184164,0.000000,0.648387,0.176270,0.000000
17.985894,0.202668,0.000000,0.648487,0.178115,0.000063
18.005936,0.121687,0.000000,0.647943,0.163465,0.602613
18.025978,0.099505,0.000000,0.647540,0.087972,0.000000
18.046019,0.142005,0.000000,0.000000,0.159601,0.603454
18.066061,0.113837,0.000000,0.000000,0.082068,0.603518
18.086103,0.083866,0.000000,0.000000,0.084258,0.000068
18.106144,0.036201,0.000000,0.000000,0.075809,0.000000
18.126186,0.021799,0.000000,0.000000,0.073048,-0.000394
18.146228,0.014325,0.000000,0.000000,0.004214,0.001025
18.166269,-0.024683,0.000000,0.000000,0.002421,0.000242
18.186311,0.040195,0.000000,0.000000,0.069432,0.000445
18.206353,-0.028591,0.000000,0.000000,0.000600,0.000405
18.226395,-0.006172,0.000000,0.000000,0.064695,0.000049
18.246436,-0.039711,0.000000,0.000000,0.002121,0.000065
18.266478,-0.102511,0.000000,0.000000,0.062442,0.000332
18.286520,-0.070607,0.000000,0.000000,-0.072305,0.000292
18.306561,-0.026977,0.000000,0.000000,-0.004434,-0.000019
18.326603,-0.054753,0.000000,0.000000,-0.064994,0.000715
18.346645,0.032912,0.000000,0.000000,-0.001840,-0.000003
18.366686,-0.038610,0.000000,0.000000,-0.068002,0.000187
18.386728,-0.025351,0.000000,0.000000,-0.004398,0.000004
18.406770,-0.073221,0.000000,0.000000,-0.064713,0.000759
18.426811,-0.005635,0.000000,0.000000,-0.065049,0.000263
18.446853,-0.043717,0.000000,0.000000,-0.052265,0.000262
18.466895,-0.097215,0.000000,0.000000,0.003089,-0.000289
18.486936,-0.111191,0.000000,0.000000,-0.000290,0.000034
18.506978,-0.134966,0.000000,0.000000,-0.058711,-0.000192
18.527020,-0.087496,0.000000,0.000000,-0.052294,0.000399
18.547061,-0.081254,0.000000,0.000000,-0.007230,-0.000124
18.567103,-0.199443,0.000000,0.000000,-0.011434,0.000018
18.587145,-0.140911,0.000000,0.000000,0.008911,-0.000011
18.607187,-0.123375,0.000000,0.000000,-0.030531,0.000180
18.627228,-0.111967,0.000000,0.000000,-0.089451,0.000100
18.647270,-0.135945,0.000000,0.000000,-0.081152,-0.000207
18.667312,-0.129961,0.000000,0.000000,-0.039944,0.000357
18.687353,-0.184197,0.000000,0.000000,-0.047994,0.000342
18.707395,-0.169865,0.000000,0.000000,-0.014393,0.000155
18.727437,-0.050895,0.000000,0.000000,-0.074684,0.000285
18.747478,-0.138865,0.000000,0.000000,-0.080437,0.000077
18.767520,-0.119545,0.000000,0.000000,-0.081131,0.000125
18.787562,-0.122900,0.000000,0.000000,-0.058658,0.000160
18.807603,-0.111280,0.000000,0.000000,0.043160,-0.000114
18.827645,-0.090123,0.000000,0.000000,-0.045696,0.000606
18.847687,-0.060838,0.000000,0.000000,0.007001,0.000527
18.867728,-0.016696,0.000000,0.000000,-0.049971,0.000099
18.887770,-0.040953,0.000000,0.000000,-0.056818,-0.000018
18.907812,0.000057,0.000000,0.000000,0.036023,-0.000041
18.927853,0.050738,0.000000,0.000000,0.012179,0.000043
18.947895,0.052366,0.000000,0.000000,0.022372,0.000030
18.967937,-0.013650,0.000000,0.000000,-0.006636,0.000330
18.987979,0.074302,0.000000,0.000000,0.039359,0.000091
19.008020,0.066405,0.000000,0.000000,0.040909,0.000140
19.028062,0.109335,0.000000,0.000000,0.049742,0.000018
19.048104,0.146328,0.000000,0.000000,0.052399,0.000241
19.068145,0.167150,0.000000,0.000000,0.034982,0.000154
19.088187,0.209207,0.000000,0.000000,0.086321,-0.000300
19.108229,0.184671,0.000000,0.000000,0.030339,0.000373
19.128270,0.201071,0.000000,0.000000,0.018686,0.000164
19.148312,0.143238,0.000000,0.000000,0.061085,0.000010
19.168354,0.224285,0.000000,0.000000,0.074515,0.000176
19.188395,0.198592,0.000000,0.000000,0.047214,0.000173
19.208437,0.219343,0.000000,0.000000,0.091623,0.000080
19.228479,0.200267,0.000000,0.000000,0.056921,0.000002
19.248520,0.186939,0.000000,0.000000,0.044602,-0.000109
19.268562,0.209975,0.000000,0.000000,0.062489,0.000041
19.288604,0.206734,0.000000,0.000000,0.096173,-0.000133
19.308645,0.238773,0.000000,0.000000,0.095291,0.000267
19.328687,0.217691,0.000000,0.000000,0.099374,0.000193
19.348729,0.211956,0.000000,-0.648164,0.104068,0.000249
19.368771,0.191147,0.000000,-0.001117,0.064251,0.000185
19.388812,0.219745,0.000000,-0.001280,0.000470,-0.000006
19.408854,0.202434,0.000000,-0.000550,0.051286,0.000188
19.428896,0.145597,0.000000,-0.000686,0.000818,0.000448
19.448937,0.157854,0.000000,-0.000534,0.066386,0.000028
19.468979,0.103015,0.000000,-0.000440,0.047262,0.000335
19.489021,0.082224,0.000000,-0.000865,0.062503,0.000396
19.509062,0.091754,0.000000,-0.000854,0.060155,-0.000073
19.529104,0.086958,0.000000,-0.205981,0.040873,0.000052
19.549146,0.108362,0.000000,0.000238,0.005461,-0.000129
19.569187,0.130078,0.000000,0.002095,0.000519,0.000180
19.589229,0.057194,0.000000,0.001765,0.051435,-0.000073
19.609271,0.093308,0.000000,0.187281,-0.001140,0.000205
19.629312,0.069864,0.000000,0.180841,0.054997,-0.000010
19.649354,0.065912,0.000000,-0.002108,0.051241,0.000079
19.669396,0.071170,0.000000,-0.006822,0.059807,-0.000162
19.689437,0.035498,0.000000,-0.001257,0.107975,0.000125
19.709479,0.084448,0.000000,-0.001405,0.052167,0.000148
19.729521,0.054884,0.000000,0.000450,0.003928,0.000118
19.749563,0.024121,0.000000,-0.001326,0.108988,0.000229
19.769604,0.052134,0.000000,0.359887,-0.002191,0.000123
19.789646,0.021864,0.000000,-0.000179,0.012071,-0.000138
19.809688,0.010650,0.000000,-0.000516,-0.045027,0.000298
19.829729,0.079726,0.000000,-0.000961,0.061255,0.000155
19.849771,0.009257,0.000000,-0.000941,-0.050820,0.000257
19.869813,0.012867,0.000000,-0.000604,0.061293,0.000267
19.889854,0.139408,0.000000,-0.000873,0.012001,0.000106
19.909896,0.005535,0.000000,-0.000927,-0.005189,0.000056
19.929938,0.103481,0.000000,-0.000765,-0.004007,-0.000033
19.949979,0.068093,0.000000,-0.000556,-0.004634,0.000028
19.970021,0.070529,0.000000,-0.000843,-0.038162,-0.000160
19.990063,0.015538,0.000000,-0.001195,0.001599,0.000142
20.010104,0.061602,0.000000,-0.000664,0.052327,0.000308
20.030146,0.056782,0.000000,-0.000705,0.050397,0.000209
20.050188,0.044524,0.000000,-0.001440,0.047040,0.000225
20.070229,0.025726,0.000000,-0.000773,0.006141,-0.000041
20.090271,0.069823,0.000000,-0.000474,-0.012650,-0.000047
20.110313,0.130698,0.000000,0.000006,0.011032,0.000067
20.130355,0.099639,0.000000,0.000000,0.016328,0.000067
20.150396,0.077721,0.000000,0.000000,0.042603,0.000103
20.170438,0.051980,0.000000,0.000000,0.052736,0.000107
20.190480,0.034557,0.000000,0.000000,0.003709,0.000015
20.210521,0.011484,0.000000,0.000000,-0.007455,-0.000054
20.230563,0.044060,0.000000,0.000000,0.048375,0.000238
20.250605,0.029906,0.000000,0.000000,0.043260,0.000064
20.270646,0.120806,0.000000,0.000000,0.044434,0.000284
20.290688,0.073712,0.000000,0.000000,0.015584,0.000221
20.310730,0.094671,0.000000,0.000000,0.016936,0.000087
20.330771,0.033422,0.000000,0.000000,-0.045812,0.000111
20.350813,0.048086,0.000000,0.000000,0.047599,-0.000140
20.370855,0.042848,0.000000,0.000000,0.045508,0.000047
20.390896,0.043366,0.000000,0.000000,0.046626,0.000324
20.410938,0.032324,0.000000,0.000000,-0.006073,0.000280
20.430980,0.022262,0.000000,0.000000,-0.001599,-0.000066
20.451022,-0.022263,0.000000,0.000000,0.000925,0.000046
20.471063,0.044232,0.000000,0.000000,0.006461,0.000074
20.491105,0.017561,0.000000,0.000000,0.007669,0.000078
20.511147,-0.021699,0.000000,0.000000,0.049026,0.000110
20.531188,0.000808,0.000000,0.000000,-0.007109,0.000120
20.551230,-0.024275,0.000000,0.000000,-0.045675,0.000242
20.571272,-0.032462,0.000000,0.000000,-0.043405,-0.000019
20.591313,0.001171,0.000000,0.000000,-0.049898,0.000123
20.611355,-0.052380,0.000000,0.000000,0.108925,0.000078
20.631397,0.026327,0.000000,0.000000,0.058284,0.000062
20.651438,-0.005561,0.000000,0.000000,0.001807,-0.000097
20.671480,0.036384,0.000000,0.000000,0.003251,0.000137
20.691522,0.032258,0.000000,0.000000,-0.005326,-0.000046
20.711563,0.020509,0.000000,0.000000,0.006132,0.000001
20.731605,0.013601,0.000000,0.000000,0.038088,0.000187
20.751647,-0.049185,0.000000,0.000000,0.050871,0.000186
20.771688,0.015518,0.000000,0.000000,-0.046397,0.000248
20.791730,-0.033182,0.000000,0.000000,0.005702,0.000004
20.811772,0.029593,0.000000,-0.002886,-0.047744,0.000133
20.831814,-0.054350,0.000000,0.647419,-0.003604,-0.000129
20.851855,-0.045852,0.000000,-0.000373,-0.034513,0.000177
20.871897,-0.015816,0.000000,-0.000029,0.005784,0.000446
20.891939,-0.028238,0.000000,-0.001339,-0.005183,0.000121
20.911980,-0.018396,0.000000,-0.001216,-0.009175,0.000214
20.932022,0.015716,0.000000,-0.001559,-0.002523,0.000015
20.952064,-0.021633,0.000000,-0.001005,-0.034036,0.000190
20.972105,-0.017714,0.000000,-0.000685,0.000996,0.000155
20.992147,0.013572,0.000000,-0.001316,0.043451,0.000122
21.012189,0.025611,0.000000,-0.001407,0.030382,-0.000153
21.032230,0.000198,0.000000,-0.001306,0.032044,0.000244
21.052272,-0.027747,0.000000,-0.001221,-0.002365,0.000218
21.072314,0.042729,0.000000,-0.001421,0.009684,-0.000003
21.092355,0.001629,0.000000,-0.000876,0.047374,0.000081
21.112397,0.028190,0.000000,-0.001226,0.025527,0.000031
21.132439,0.024118,0.000000,-0.000579,0.036150,0.000365
21.152480,0.007444,0.000000,-0.001281,-0.001520,0.000060
21.172522,-0.011367,0.000000,-0.001183,0.003345,0.000197
21.192564,0.056142,0.000000,-0.001199,0.008985,0.000091
21.212606,0.092712,0.000000,-0.000807,0.041630,0.000040
21.232647,0.000089,0.000000,-0.000485,0.009962,-0.000095
21.252689,0.054563,0.000000,-0.000701,0.054346,0.000123
21.272731,0.107137,0.000000,-0.000979,-0.047094,0.000114
21.292772,0.090983,0.000000,-0.001095,-0.008933,0.000016
21.312814,0.116041,0.000000,-0.000705,0.025534,0.000190
21.332856,0.084491,0.000000,-0.001234,0.035242,0.000082
21.352897,0.102872,0.000000,-0.001498,0.000707,0.000061
21.372939,0.106313,0.000000,-0.000860,0.042402,-0.000088
21.392981,0.124210,0.000000,-0.000893,0.008244,0.000028
21.413022,0.137022,0.000000,-0.000774,0.009404,-0.000058
21.433064,0.040006,0.000000,-0.000856,0.004859,0.000069
21.453106,0.109989,0.000000,-0.001005,0.045714,0.000083
21.473147,0.051393,0.000000,-0.001342,0.051889,-0.000055
21.493189,0.079734,0.000000,-0.000994,0.025916,-0.000019
21.513231,0.128463,0.000000,-0.000706,0.016102,0.000186
21.533272,0.093780,0.000000,-0.001187,-0.002123,0.000214
21.553314,0.076415,0.000000,-0.000518,0.008878,0.000142
21.573356,0.093682,0.000000,-0.000684,0.006724,-0.000275
21.593398,0.085691,0.000000,-0.000832,0.046115,0.000201
21.613439,0.085411,0.000000,-0.000978,0.052516,0.000078
21.633481,0.057190,0.000000,-0.000447,0.016943,0.000160
21.653523,0.102054,0.000000,-0.000709,0.054515,0.000022
21.673564,0.103275,0.000000,-0.000549,-0.001605,0.000127
21.693606,0.037075,0.000000,-0.001083,0.008619,0.000129
21.713648,0.042617,0.000000,-0.000959,0.003177,-0.000127
21.733689,0.040442,0.000000,-0.001137,0.032421,-0.000044
21.753731,0.090531,0.000000,-0.000882,0.011322,0.000045
21.773773,0.098653,0.000000,-0.001018,0.048232,0.000037
21.793814,0.104860,0.000000,-0.001399,0.045285,0.000159
21.813856,0.073699,0.000000,-0.001045,0.036712,0.000191
21.833898,0.120123,0.000000,-0.000628,0.016264,0.000100
21.853939,0.098591,0.000000,-0.001380,0.043116,0.000120
21.873981,0.074385,0.000000,-0.000603,0.051285,0.000263
21.894023,0.086713,0.000000,-0.000974,0.042110,-0.000134
21.914064,0.048763,0.000000,-0.000860,0.047889,0.000094
21.934106,0.053638,0.000000,-0.000675,0.009323,0.000191
21.954148,0.028131,0.000000,-0.000985,0.006365,0.000027
21.974190,-0.021527,0.000000,-0.000761,0.042198,0.000194
21.994231,0.078478,0.000000,-0.000942,0.043643,0.000051
22.014273,0.120477,0.000000,-0.000354,0.043927,0.000050
22.034315,0.013857,0.000000,-0.000865,0.002624,0.000088
22.054356,0.023291,0.000000,-0.001003,0.052837,-0.000217
22.074398,0.092386,0.000000,-0.001091,0.060924,0.000080
22.094440,0.048927,0.000000,-0.001131,-0.049712,0.000359
22.114481,0.057542,0.000000,-0.001181,-0.000833,0.000039
22.134523,0.020811,0.000000,-0.000888,-0.064617,0.000075
22.154565,0.058492,0.000000,-0.001187,0.050844,0.000270
22.174606,0.047010,0.000000,-0.000887,0.036087,0.000496
22.194648,-0.012867,0.000000,-0.001700,-0.041167,0.000275
22.214690,0.023489,0.000000,-0.001084,0.006955,-0.000041
22.234731,0.083356,0.000000,-0.000639,0.053869,0.000126
22.254773,0.074533,0.000000,-0.000924,0.040105,0.000053
22.274815,0.090592,0.000000,-0.000899,0.009066,0.000399
22.294856,0.029700,0.000000,-0.000938,-0.011105,-0.000053
22.314898,0.050425,0.000000,-0.000421,0.057705,-0.000056
22.334940,0.051240,0.000000,-0.001381,0.059851,-0.000562
22.354982,0.068401,0.000000,-0.001554,0.000828,0.000196
22.375023,0.019633,0.000000,-0.001471,0.026105,-0.000210
22.395065,0.039708,0.000000,-0.001113,0.002169,-0.000009
22.415107,-0.001980,0.000000,-0.000690,-0.007542,-0.000089
22.435148,0.026094,0.000000,-0.001673,0.053786,0.000060
22.455190,0.086971,0.000000,-0.000491,0.052936,0.000267
22.475232,0.063159,0.000000,-0.000557,-0.001994,0.000468
22.495273,-0.020167,0.000000,-0.000578,0.053847,-0.000006
22.515315,0.074585,0.000000,-0.001005,0.011675,-0.000111
22.535357,0.016923,0.000000,-0.000905,0.002501,0.000206
22.555398,0.004246,0.000000,-0.000680,0.047558,0.000422
22.575440,0.021198,0.000000,-0.000671,0.059282,0.000050
22.595482,-0.032534,0.000000,-0.000054,0.041795,-0.000288
22.615523,-0.022909,0.000000,-0.000811,0.000643,-0.000095
22.635565,0.041292,0.000000,-0.000704,-0.001175,0.000426
22.655607,0.046318,0.000000,0.000225,0.008589,-0.001597
22.675648,0.017319,0.000000,0.000416,0.047111,-0.000571
22.695690,-0.009057,0.000000,-0.002297,-0.043476,-0.000173
22.715732,0.009143,0.000000,-0.000544,0.020191,0.603507
22.735774,0.088033,0.000000,0.360908,0.041283,0.000092
22.755815,0.054420,0.000000,-0.001565,0.059419,0.000503
22.775857,0.023489,0.000000,-0.000456,0.011864,0.000577
22.795899,0.046530,0.000000,0.367166,0.000322,-0.603352
22.815940,0.100031,0.000000,0.367418,0.050736,0.000605
22.835982,0.064953,0.000000,-0.368831,0.044977,-0.000021
22.856024,0.053149,0.000000,0.367722,0.006094,-0.000429
22.876065,0.058641,0.000000,-0.000155,-0.005136,0.603398
22.896107,0.045385,0.000000,-0.002319,-0.043266,0.603423
22.916149,0.040219,0.000000,-0.001384,0.052879,0.000000
22.936190,0.048900,0.000000,-0.002239,0.045660,0.602801
22.956232,0.076830,0.000000,-0.003294,0.062384,0.603261
22.976274,0.038268,0.000000,-0.000791,0.060377,0.000000
22.996315,0.066581,0.000000,-0.001738,0.034062,0.000000
23.016357,0.051868,0.000000,-0.001402,-0.043683,0.000000
23.036399,0.032008,0.000000,-0.000286,0.043362,-0.425796
23.056440,-0.006609,0.000000,-0.001596,-0.007847,0.603129
23.076482,0.054838,0.000000,-0.001680,0.048019,0.000000
23.096524,0.019677,0.000000,-0.000704,0.033437,0.000000
23.116566,0.025066,0.000000,-0.001747,0.012961,0.000000
23.136607,0.000583,0.000000,-0.001660,-0.042818,0.000000
23.156649,0.071350,0.000000,-0.002068,-0.013824,0.602837
23.176691,0.026400,0.000000,-0.001949,-0.001959,0.000000
23.196732,0.042797,0.000000,-0.001848,0.096179,0.000000
23.216774,0.039110,0.000000,-0.000452,-0.045654,0.000000
23.236816,0.042613,0.000000,-0.001269,-0.004472,0.000000
23.256857,0.006341,0.000000,-0.001708,0.038082,0.000000
23.276899,0.044847,0.000000,-0.000412,-0.041126,0.000000
23.296941,0.004103,0.000000,0.000025,0.041529,0.000000
23.316982,0.062722,0.000000,-0.000856,0.054896,0.000000
23.337024,0.048900,0.000000,-0.001350,0.053590,0.000000
23.357066,0.045015,0.000000,-0.001141,0.053210,0.000000
23.377107,0.038463,0.000000,-0.000062,-0.000048,0.000000
23.397149,0.008157,0.000000,-0.001477,0.009036,0.000000
23.417191,0.017671,0.000000,0.000251,0.040915,0.000000
23.437233,0.045617,0.000000,-0.001650,0.011583,0.000000
23.457274,0.031803,0.000000,-0.001806,-0.038396,0.000000
23.477316,-0.049906,0.000000,-0.000671,-0.002249,0.000000
23.497358,0.063871,0.000000,-0.000237,0.018587,0.000000
23.517399,0.073570,0.000000,-0.001610,0.051342,0.000000
23.537441,0.022577,0.000000,-0.001055,0.038500,0.000000
23.557483,0.003744,0.000000,-0.001578,0.054826,0.000000
23.577524,0.085071,0.000000,0.000059,0.040846,0.000000
23.597566,0.054131,0.000000,-0.000582,0.040121,0.000000
23.617608,0.038249,0.000000,0.000998,0.054372,0.000000
23.637649,0.024258,0.000000,-0.001775,-0.031573,0.000000
23.657691,0.007012,0.000000,-0.000533,0.050671,0.000000
23.677733,0.014317,0.000000,-0.000433,-0.012601,0.000000
23.697774,-0.027170,0.000000,0.000405,0.004680,0.000000
23.717816,0.025501,0.000000,-0.148166,0.054180,0.000000
23.737858,0.038874,0.000000,-0.002181,-0.049473,0.000000
23.757899,0.007396,0.000000,-0.000227,0.001811,0.000000
23.777941,0.029860,0.000000,-0.281321,-0.000816,0.000000
23.797983,0.038837,0.000000,-0.286472,-0.012379,0.000000
23.818025,-0.026633,0.000000,0.000714,-0.007382,0.000000
23.838066,0.070982,0.000000,-0.002454,0.046620,0.000000
23.858108,0.051553,0.000000,-0.001253,0.043037,0.000000
23.878150,0.063553,0.000000,-0.001244,0.003358,0.000000
23.898191,-0.010803,0.000000,-0.003557,0.052440,0.000000
23.918233,0.085074,0.000000,-0.001521,0.084118,0.000000
23.938275,-0.016017,0.000000,0.000032,0.049195,0.000000
23.958316,0.089171,0.000000,0.000017,0.040561,0.000000
23.978358,0.105805,0.000000,-0.001223,0.008960,0.000000
23.998400,0.052037,0.000000,-0.001769,0.063503,0.000000
24.018441,0.037164,0.000000,-0.001522,0.049232,0.000000
24.038483,0.047412,0.000000,-0.001092,0.013492,0.000000
24.058525,0.057217,0.000000,-0.000319,0.089595,0.000000
24.078566,0.077484,0.000000,-0.002129,-0.000982,0.000000
24.098608,0.024632,0.000000,-0.001572,0.013369,0.000000
24.118650,0.066745,0.000000,-0.002640,0.055698,0.000000
24.138691,0.023703,0.000000,-0.002337,0.003192,0.000000
24.158733,0.052050,0.000000,0.000173,-0.007168,0.000000
24.178775,0.057781,0.000000,-0.002324,-0.009548,0.000000
24.198817,0.060151,0.000000,-0.001320,0.008972,0.000000
24.218858,0.070131,0.000000,-0.000822,0.003717,0.000000
24.238900,-0.001123,0.000000,-0.001887,0.000570,0.000000
24.258942,0.057772,0.000000,-0.002007,-0.005475,0.000000
24.278983,0.055886,0.000000,-0.001485,0.021496,0.000000
24.299025,0.013659,0.000000,-0.002936,-0.000437,0.000000
24.319067,0.045603,0.000000,-0.001014,0.081422,0.000000
24.339108,0.062274,0.000000,-0.001483,0.046900,0.000000
24.359150,0.033641,0.000000,-0.000884,0.004440,0.000000
24.379192,0.032255,0.000000,-0.001239,0.083881,0.000000
24.399233,0.031716,0.000000,-0.003319,0.034985,0.000000
24.419275,0.061651,0.000000,-0.000301,0.040733,0.000000
24.439317,0.049034,0.000000,0.000456,0.041346,0.000000
24.459358,0.071300,0.000000,0.002192,-0.001061,0.000000
24.479400,0.007230,0.000000,-0.001375,0.031315,0.000000
24.499442,-0.001399,0.000000,-0.001088,0.087470,0.000000
24.519483,0.055183,0.000000,-0.002800,0.001987,0.000000
24.539525,0.038321,0.000000,0.001045,0.076153,0.000000
24.559567,0.046536,0.000000,-0.004834,0.016383,0.000000
24.579609,0.082115,0.000000,-0.004406,0.038451,0.000000
24.599650,0.082686,0.000000,0.000862,0.039713,0.000000
24.619692,0.071074,0.000000,-0.002521,-0.032018,0.000000
24.639734,0.042699,0.000000,-0.003006,0.005697,0.000000
24.659775,0.025147,0.000000,-0.003180,0.021207,0.000000
24.679817,0.039413,0.000000,-0.000728,-0.001711,0.000000
24.699859,0.054021,0.000000,0.001656,0.018274,0.000000
24.719900,0.074828,0.000000,-0.002286,0.035464,0.000000
24.739942,0.079543,0.000000,-0.002310,-0.007991,0.000000
24.759984,-0.010888,0.000000,-0.002196,0.039874,0.000000
24.780025,0.022735,0.000000,-0.002002,0.044511,0.000000
24.800067,0.041687,0.000000,-0.002908,0.006599,0.000000
24.820109,0.070197,0.000000,0.205122,0.043291,0.000000
24.840150,0.011542,0.000000,0.003263,0.000032,0.000000
24.860192,0.048485,0.000000,-0.001264,0.026760,0.000000
24.880234,0.033366,0.000000,-0.001254,0.041070,0.000000
24.900275,0.002563,0.000000,0.184089,0.047268,0.000000
24.920317,0.071625,0.000000,-0.002190,0.040780,0.000000
24.940359,0.065081,0.000000,-0.002518,0.001858,0.000000
24.960401,0.045338,0.000000,-0.004977,0.021065,0.000000
24.980442,0.060262,0.000000,-0.003903,0.040043,0.000000
25.000484,-0.008972,0.000000,0.000072,0.046724,0.000000
25.020526,0.076576,0.000000,-0.005702,0.018343,0.000000
25.040567,0.031622,0.000000,-0.000641,0.084442,0.000000
25.060609,0.036220,0.000000,0.000220,0.000052,0.000000
25.080651,0.060898,0.000000,-0.002080,0.011660,0.000000
25.100692,0.001368,0.000000,0.000449,0.084510,0.000000
25.120734,0.093506,0.000000,-0.000601,0.020464,0.000000
25.140776,0.012487,0.000000,-0.001449,0.034868,0.000000
25.160817,0.093490,0.000000,0.125579,0.038657,0.000000
25.180859,0.003158,0.000000,0.000861,0.057133,0.000000
25.200901,0.104706,0.000000,-0.005611,0.027374,0.000000
25.220942,0.012892,0.000000,0.125811,0.040918,0.000000
25.240984,0.025850,0.000000,-0.012543,0.040505,0.000000
25.261026,0.034430,0.000000,-0.003975,0.014099,0.000000
25.281067,0.032107,0.000000,-0.006588,0.054486,0.000000
25.301109,0.049569,0.000000,-0.008414,0.017669,0.000000
25.321151,0.016460,0.000000,-0.003903,0.082876,0.000000
25.341193,0.067082,0.000000,0.003925,0.082731,0.000000
25.361234,0.055194,0.000000,-0.148354,0.078126,0.000000
25.381276,0.095391,0.000000,-0.000430,0.049470,0.000000
25.401318,-0.005932,0.000000,-0.003804,0.000185,0.000000
25.421359,-0.068501,0.000000,-0.005757,0.037893,0.000000
25.441401,0.043142,0.000000,-0.172787,0.043634,0.000000
25.461443,0.012053,0.000000,-0.000969,-0.037574,0.000000
25.481484,0.038059,0.000000,0.001834,0.036016,0.000000
25.501526,0.037489,0.000000,-0.002846,0.009210,0.000000
25.521568,0.021008,0.000000,0.000118,-0.005001,0.000000
25.541609,0.064344,0.000000,-0.004471,0.010254,0.000000
25.561651,0.064526,0.000000,-0.002047,0.077954,0.000000
25.581693,0.039730,0.000000,-0.003408,0.037418,0.000000
25.601734,0.028672,0.000000,0.185881,0.005294,0.000000
25.621776,0.091060,0.000000,0.175855,0.020703,0.000000
25.641818,0.068583,0.000000,0.001346,-0.017415,0.000000
25.661859,0.013532,0.000000,0.179170,0.034452,0.000000
25.681901,0.060286,0.000000,-0.001784,0.048623,0.000000
25.701943,-0.004032,0.000000,-0.000663,-0.014136,0.000000
25.721985,0.006197,0.000000,-0.005413,0.040264,0.000000
25.742026,0.079478,0.000000,0.000280,0.005030,0.000000
25.762068,0.059696,0.000000,-0.006741,0.045310,0.000000
25.782110,0.054294,0.000000,-0.002547,0.068852,0.000000
25.802151,-0.013857,0.000000,-0.000303,0.039447,0.000000
25.822193,0.068675,0.000000,-0.002756,0.014021,0.000000
25.842235,-0.001351,0.000000,-0.005129,0.006151,0.000000
25.862276,0.079188,0.000000,-0.002058,0.047102,0.000000
25.882318,-0.001617,0.000000,-0.004523,0.000858,0.000000
25.902360,0.014986,0.000000,0.000963,0.010866,0.000000
25.922401,0.004252,0.000000,0.004285,0.052053,0.000000
25.942443,0.034540,0.000000,-0.002695,0.050406,0.000000
25.962485,0.078112,0.000000,-0.006460,0.049464,0.000000
25.982526,-0.010811,0.000000,-0.001361,0.061039,0.000000
26.002568,0.042734,0.000000,-0.004011,0.004001,0.000000
26.022610,0.041946,0.000000,-0.002502,-0.000731,0.000000
26.042651,0.087547,0.000000,-0.001940,0.044647,0.000000
26.062693,0.098352,0.000000,-0.008147,0.048273,0.000000
26.082735,0.046103,0.000000,-0.001450,0.019815,0.000000
26.102777,0.029013,0.000000,-0.165532,0.085181,0.000000
26.122818,0.051845,0.000000,-0.000254,0.051421,0.000000
26.142860,0.010939,0.000000,0.167280,0.009506,0.000000
26.162902,0.047400,0.000000,-0.003061,0.038638,0.000000
26.182943,-0.010245,0.000000,0.001420,0.035800,0.000000
26.202985,0.051307,0.000000,-0.000181,0.076707,0.000000
26.223027,0.019745,0.000000,-0.006641,0.023608,0.000000
26.243068,0.060495,0.000000,-0.004037,0.047464,0.000000
26.263110,0.009953,0.000000,-0.001154,0.020873,0.000000
26.283152,0.055428,0.000000,-0.006601,-0.006217,0.000000
26.303193,0.086107,0.000000,-0.006746,0.047821,0.000000
26.323235,0.033350,0.000000,-0.003310,0.023919,0.000000
26.343277,0.029514,0.000000,0.004414,0.047001,0.000000
26.363318,0.037427,0.000000,-0.001079,0.010946,0.000000
26.383360,-0.025329,0.000000,-0.001394,-0.036741,0.000000
26.403402,0.029816,0.000000,-0.001358,0.043003,0.000000
26.423444,0.048832,0.000000,-0.157826,0.070513,0.000000
26.443485,0.065716,0.000000,-0.001389,-0.031667,0.000000
26.463527,0.052159,0.000000,0.004986,0.042456,0.000000
26.483569,0.050048,0.000000,0.002344,0.045738,0.000000
26.503610,0.102023,0.000000,0.000497,0.013294,0.000000
26.523652,0.017678,0.000000,-0.001659,0.016182,0.000000
26.543694,0.065059,0.000000,0.154018,0.087864,0.000000
26.563735,0.025160,0.000000,-0.006511,-0.007481,0.000000
26.583777,0.036657,0.000000,-0.000948,0.083105,0.000000
26.603819,0.010412,0.000000,-0.153723,0.074176,0.000000
26.623860,0.036174,0.000000,0.003469,0.019013,0.000000
26.643902,0.053138,0.000000,0.152848,0.042987,0.000000
26.663944,-0.007983,0.000000,0.155515,-0.034835,0.000000
26.683985,0.072931,0.000000,-0.001081,0.004678,0.000000
26.704027,0.065855,0.000000,0.151294,0.004918,0.000000
26.724069,0.073467,0.000000,-0.004904,0.005634,0.000000
26.744110,0.020165,0.000000,-0.000830,0.070828,0.000000
26.764152,0.024080,0.000000,-0.003667,0.085580,0.000000
26.784194,0.066930,0.000000,-0.004493,0.078135,0.000000
26.804236,0.093854,0.000000,0.000335,-0.022007,0.000000
26.824277,-0.011259,0.000000,0.000526,-0.001949,0.000000
26.844319,0.057911,0.000000,-0.002944,-0.014200,0.000000
26.864361,0.054039,0.000000,-0.002627,0.046045,0.000000
26.884402,0.091813,0.000000,-0.005206,0.017182,0.000000
26.904444,0.027744,0.000000,0.001237,-0.031975,0.000000
26.924486,0.007863,0.000000,-0.001197,-0.031242,0.000000
26.944527,0.104478,0.000000,-0.002559,0.064576,0.000000
26.964569,0.073511,0.000000,-0.004023,0.014840,0.000000
26.984611,0.038882,0.000000,-0.000217,0.059083,0.000000
27.004652,0.014701,0.000000,0.002372,0.055487,0.000000
27.024694,0.054240,0.000000,0.141515,-0.000465,0.000000
27.044736,0.077368,0.000000,-0.144229,0.051193,0.000000
27.064777,0.062681,0.000000,-0.001982,0.051420,0.000000
27.084819,0.008675,0.000000,-0.000294,0.036509,0.000000
27.104861,0.024508,0.000000,-0.005449,0.042054,0.000000
27.124902,0.057850,0.000000,0.001069,0.008287,0.000000
27.144944,0.025783,0.000000,0.000711,0.007368,0.000000
27.164986,0.056663,0.000000,0.005552,0.044619,0.000000
27.185028,0.023831,0.000000,-0.006794,0.000864,0.000000
27.205069,0.031581,0.000000,0.004481,0.041975,0.000000
27.225111,0.031597,0.000000,-0.001714,0.081254,0.000000
27.245153,-0.002553,0.000000,0.137284,0.040026,0.000000
27.265194,0.001541,0.000000,0.129891,-0.018967,0.000000
27.285236,0.074965,0.000000,-0.001590,0.051386,0.000000
27.305278,-0.039698,0.000000,0.004936,0.063912,0.000000
27.325319,0.053481,0.000000,0.003763,0.025489,0.000000
27.345361,0.075287,0.000000,-0.009111,0.016467,0.000000
27.365403,0.088967,0.000000,-0.005929,0.032661,0.000000
27.385444,0.007067,0.000000,-0.003870,-0.004926,0.000000
27.405486,0.067667,0.000000,-0.001797,0.040644,0.000000
27.425528,0.103989,0.000000,0.004729,0.035781,0.000000
27.445569,0.048113,0.000000,0.001273,0.043845,0.000000
27.465611,0.011353,0.000000,0.000077,0.035073,0.000000
27.485653,0.058034,0.000000,-0.001146,0.039518,0.000000
27.505694,0.049006,0.000000,-0.123729,0.000725,0.000000
27.525736,0.005403,0.000000,-0.001818,0.052990,0.000000
27.545778,0.020249,0.000000,0.002557,0.001339,0.000000
27.565820,0.072557,0.000000,0.128766,0.043680,0.000000
27.585861,0.037456,0.000000,-0.000032,0.008074,0.000000
27.605903,0.061531,0.000000,-0.000704,0.051228,0.000000
27.625945,0.012683,0.000000,-0.003801,0.050338,0.000000
27.645986,0.039498,0.000000,-0.001999,0.067327,0.000000
27.666028,0.007388,0.000000,-0.004770,0.053094,0.000000
27.686070,0.055128,0.000000,-0.001516,0.000419,0.000000
27.706111,0.015357,0.000000,-0.001490,0.000144,0.000000
27.726153,-0.020140,0.000000,0.000640,0.002024,0.000000
27.746195,0.069546,0.000000,-0.007468,0.045010,0.000000
27.766236,0.040474,0.000000,-0.002251,0.004535,0.000000
27.786278,0.041328,0.000000,0.000856,0.034048,0.000000
27.806320,0.052079,0.000000,-0.010584,0.040225,0.000000
27.826361,0.082617,0.000000,-0.005573,0.000406,0.000000
27.846403,0.090884,0.000000,-0.001975,0.042402,0.000000
27.866445,0.042212,0.000000,-0.002442,0.019109,0.000000
27.886486,-0.019304,0.000000,0.001499,0.079232,0.000000
27.906528,0.041060,0.000000,0.003961,0.059352,0.000000
27.926570,0.030285,0.000000,0.122263,0.000470,0.000000
27.946612,0.040159,0.000000,0.000561,0.042145,0.000000
27.966653,0.010181,0.000000,-0.005635,0.016044,0.000000
27.986695,0.006714,0.000000,0.127458,0.046533,0.000000
28.006737,0.039731,0.000000,0.127931,0.011181,0.000000
28.026778,0.022079,0.000000,0.000894,0.010930,0.000000
28.046820,0.070433,0.000000,-0.006629,0.034834,0.000000
28.066862,0.043197,0.000000,0.124520,0.069576,0.000000
28.086903,0.012752,0.000000,0.002594,0.016021,0.000000
28.106945,0.103108,0.000000,-0.003019,0.029830,0.000000
28.126987,0.046125,0.000000,-0.002415,0.042715,0.000000
28.147028,0.050761,0.000000,-0.000043,0.101883,0.000000
28.167070,0.030484,0.000000,-0.002619,0.008535,0.000000
28.187112,0.024346,0.000000,-0.005408,0.044082,0.000000
28.207153,0.058577,0.000000,-0.003481,0.013948,0.000000
28.227195,0.032701,0.000000,-0.001189,0.014565,0.000000
28.247237,-0.001303,0.000000,0.003394,0.014643,0.000000
28.267278,0.070083,0.000000,0.114203,0.013415,0.000000
28.287320,0.043787,0.000000,0.115952,0.049986,0.000000
28.307362,-0.021662,0.000000,-0.004219,0.075250,0.000000
28.327404,0.027300,0.000000,0.115609,0.007862,0.000000
28.347445,0.028646,0.000000,0.000269,0.075260,0.000000
28.367487,0.058418,0.000000,0.006995,0.044870,0.000000
28.387529,0.060032,0.000000,-0.007351,-0.007556,0.000000
28.407570,0.069660,0.000000,0.110859,0.048057,0.000000
28.427612,0.068883,0.000000,0.119304,0.040886,0.000000
28.447654,0.075896,0.000000,0.001360,-0.001667,0.000000
28.467695,0.065010,0.000000,0.051622,0.038406,0.000000
28.487737,-0.015563,0.000000,-0.020696,0.043940,0.000000
28.507779,0.059088,0.000000,0.000401,0.008223,0.000000
28.527820,0.011153,0.000000,0.114240,0.055586,0.000000
28.547862,0.072963,0.000000,-0.000229,0.061561,0.000000
28.567904,0.017264,0.000000,0.002712,0.019130,0.000000
28.587945,0.054224,0.000000,-0.000777,0.080661,0.000000
28.607987,0.031286,0.000000,-0.121401,-0.032546,0.000000
28.628029,0.035628,0.000000,0.002711,-0.037022,0.000000
28.648070,0.008279,0.000000,-0.000815,0.030571,0.000000
28.668112,0.086336,0.000000,0.004292,-0.001180,0.000000
28.688154,0.063726,0.000000,0.106722,-0.000974,0.000000
28.708196,0.043006,0.000000,0.001998,0.056595,0.000000
28.728237,-0.010496,0.000000,0.114700,0.003287,0.000000
28.748279,0.056063,0.000000,0.109928,0.010577,0.000000
28.768321,0.060018,0.000000,-0.002732,0.049185,0.000000
28.788362,-0.012537,0.000000,0.107557,0.039954,0.000000
28.808404,0.033907,0.000000,0.001050,0.036455,0.000000
28.828446,0.091952,0.000000,-0.053413,0.006935,0.000000
28.848487,0.030463,0.000000,0.113278,0.034724,0.000000
28.868529,0.039481,0.000000,0.006125,0.004516,0.000000
28.888571,0.094210,0.000000,-0.006072,0.042769,0.000000
28.908612,0.042006,0.000000,-0.001378,0.000708,0.000000
28.928654,0.053975,0.000000,0.005037,-0.005098,0.000000
28.948696,0.038167,0.000000,-0.001602,0.047577,0.000000
28.968737,0.080240,0.000000,-0.018928,0.094831,0.000000
28.988779,0.065368,0.000000,-0.005359,0.030269,0.000000
29.008821,0.025887,0.000000,-0.001442,0.084423,0.000000
29.028862,0.031553,0.000000,0.004531,0.036984,0.000000
29.048904,0.036374,0.000000,-0.008043,0.005730,0.000000
29.068946,0.070962,0.000000,-0.001692,0.029148,0.000000
29.088988,-0.021108,0.000000,0.005489,0.045245,0.000000
29.109029,0.037002,0.000000,-0.004547,0.067804,0.000000
29.129071,-0.004161,0.000000,0.107647,0.015543,0.000000
29.149113,0.050687,0.000000,0.003652,0.113742,0.000000
29.169154,-0.017704,0.000000,-0.111810,0.056516,0.000000
29.189196,0.050473,0.000000,-0.007868,0.049098,0.000000
29.209238,0.057353,0.000000,0.004312,0.034362,0.000000
29.229279,0.002246,0.000000,0.103267,0.001904,0.000000
29.249321,0.050988,0.000000,-0.005450,0.049742,0.000000
29.269363,0.039760,0.000000,-0.007864,0.028680,0.000000
29.289404,0.047343,0.000000,0.111118,0.033508,0.000000
29.309446,0.048010,0.000000,-0.008155,0.002244,0.000000
29.329488,0.058037,0.000000,-0.109242,0.003640,0.000000
29.349529,-0.020548,0.000000,0.110574,-0.003914,0.000000
29.369571,0.064320,0.000000,-0.113999,-0.007491,0.000000
29.389613,0.029863,0.000000,-0.009525,0.032544,0.000000
29.409655,0.036117,0.000000,-0.114844,0.047898,0.000000
29.429696,0.051566,0.000000,0.101343,0.044466,0.000000
29.449738,-0.029376,0.000000,-0.002720,0.040755,0.000000
29.469780,0.055783,0.000000,0.106451,0.017453,0.000000
29.489821,0.042215,0.000000,-0.009590,0.050521,0.000000
29.509863,0.056102,0.000000,0.005128,0.041445,0.000000
29.529905,0.046036,0.000000,-0.008950,-0.000899,0.000000
29.549946,0.049846,0.000000,-0.000420,0.008982,0.000000
29.569988,0.013797,0.000000,-0.000859,0.050275,0.000000
29.590030,0.004886,0.000000,-0.002475,0.045066,0.000000
29.610071,0.042908,0.000000,0.003126,0.044683,0.000000
29.630113,0.053735,0.000000,0.005376,0.038029,0.000000
29.650155,0.024633,0.000000,-0.014673,0.011070,0.000000
29.670196,0.063933,0.000000,-0.011218,-0.030528,0.000000
29.690238,0.064537,0.000000,0.002744,0.050299,0.000000
29.710280,0.032573,0.000000,0.106645,0.034818,0.000000
29.730321,-0.002078,0.000000,-0.000445,0.041370,0.000000
29.750363,0.040622,0.000000,0.101588,0.038385,0.000000
29.770405,0.068470,0.000000,0.098990,-0.011385,0.000000
29.790447,0.017751,0.000000,0.103781,0.002143,0.000000
29.810488,0.012332,0.000000,-0.000268,0.036961,0.000000
29.830530,0.121993,0.000000,0.006407,0.048805,0.000000
29.850572,0.045492,0.000000,-0.115387,-0.003213,0.000000
29.870613,0.029088,0.000000,0.002817,0.087729,0.000000
29.890655,0.023070,0.000000,0.105635,0.005309,0.000000
29.910697,0.051184,0.000000,0.007076,0.039013,0.000000
29.930738,0.023027,0.000000,-0.004567,0.041822,0.000000
29.950780,0.052390,0.000000,-0.001143,0.003781,0.000000
29.970822,0.104015,0.000000,-0.002414,-0.006351,0.000000
29.990863,0.019509,0.000000,-0.006365,-0.013928,0.000000
30.010905,0.047004,0.000000,0.003409,-0.003849,0.000000
30.030947,0.062525,0.000000,0.015311,0.078488,0.000000
30.050988,0.060597,0.000000,-0.005545,0.057418,0.000000
30.071030,0.019619,0.000000,-0.001588,0.042128,0.000000
30.091072,0.017590,0.000000,-0.006283,0.001840,0.000000
30.111113,0.055313,0.000000,0.003975,0.001290,0.000000
30.131155,0.028587,0.000000,-0.001877,0.058247,0.000000
30.151197,0.014770,0.000000,-0.000595,0.013408,0.000000
30.171239,0.047961,0.000000,-0.000795,0.042973,0.000000
30.191280,0.021350,0.000000,-0.007805,-0.004657,0.000000
30.211322,0.008097,0.000000,-0.002936,0.083969,0.000000
30.231364,0.005056,0.000000,0.006912,0.081997,0.000000
30.251405,0.021136,0.000000,0.091810,0.042765,0.000000
30.271447,0.063569,0.000000,-0.001668,0.007439,0.000000
30.291489,-0.004541,0.000000,-0.004376,0.088408,0.000000
30.311530,0.039382,0.000000,0.009749,-0.004331,0.000000
30.331572,0.006815,0.000000,-0.005020,-0.005916,0.000000
30.351614,0.029310,0.000000,0.106201,0.068186,0.000000
30.371655,0.022823,0.000000,0.094453,0.006770,0.000000
30.391697,0.045251,0.000000,0.087981,0.051968,0.000000
30.411739,0.034541,0.000000,-0.005716,0.043291,0.000000
30.431780,0.116791,0.000000,0.002661,0.011496,0.000000
30.451822,0.014716,0.000000,-0.001049,-0.002635,0.000000
30.471864,0.003103,0.000000,0.107470,0.008829,0.000000
30.491905,-0.001314,0.000000,-0.001257,0.050566,0.000000
30.511947,0.087658,0.000000,0.095297,0.051749,0.000000
30.531989,0.036807,0.000000,-0.008318,0.052255,0.000000
30.552031,0.010579,0.000000,0.103325,0.039786,0.000000
30.572072,0.041955,0.000000,-0.004421,0.009725,0.000000
30.592114,-0.017062,0.000000,0.001836,0.041484,0.000000
30.612156,0.005597,0.000000,-0.000325,0.060268,0.000000
30.632197,0.049477,0.000000,0.003472,0.000631,0.000000
30.652239,0.063507,0.000000,-0.000400,0.095478,0.000000
30.672281,0.113581,0.000000,0.002668,0.008034,0.000000
30.692322,0.024410,0.000000,-0.000984,0.047103,0.000000
30.712364,0.062963,0.000000,0.010469,0.012768,0.000000
30.732406,0.051268,0.000000,0.005138,0.053945,0.000000
30.752447,0.019578,0.000000,-0.004225,0.001957,0.000000
30.772489,0.011435,0.000000,0.002047,0.049848,0.000000
30.792531,0.021966,0.000000,-0.003354,0.002851,0.000000
30.812572,0.049293,0.000000,-0.003521,0.032126,0.000000
30.832614,0.025896,0.000000,0.090958,0.012959,0.000000
30.852656,0.061303,0.000000,0.103223,0.005675,0.000000
30.872697,0.001574,0.000000,0.096846,0.043260,0.000000
30.892739,0.035038,0.000000,-0.002885,0.005269,0.000000
30.912781,0.011235,0.000000,0.078338,0.120605,0.000000
30.932823,0.089190,0.000000,0.097430,0.038367,0.000000
30.952864,0.050154,0.000000,0.002733,0.044247,0.000000
30.972906,0.054899,0.000000,-0.101864,-0.040263,0.000000
30.992948,-0.022601,0.000000,-0.089442,0.005592,0.000000
31.012989,0.095062,0.000000,0.001606,0.043006,0.000000
31.033031,-0.030412,0.000000,0.002580,0.004447,0.000000
31.053073,0.069371,0.000000,0.003281,0.009360,0.000000
31.073114,0.021168,0.000000,0.001025,0.043610,0.000000
31.093156,0.042338,0.000000,-0.004636,0.041367,0.000000
31.113198,0.017129,0.000000,-0.002209,0.045938,0.000000
31.133239,0.062651,0.000000,0.002085,0.029078,0.000000
31.153281,0.066433,0.000000,-0.004680,0.042856,0.000000
31.173323,0.036012,0.000000,-0.101775,0.042779,0.000000
31.193364,0.028969,0.000000,-0.006045,0.048332,0.000000
31.213406,0.056304,0.000000,-0.000008,0.055744,0.000000
31.233448,-0.034453,0.000000,-0.000275,0.061785,0.000000
31.253489,0.056616,0.000000,-0.000496,0.008597,0.000000
31.273531,0.043413,0.000000,0.010719,0.053281,0.000000
31.293573,0.007347,0.000000,-0.007800,-0.002785,0.000000
31.313615,0.054974,0.000000,-0.106535,0.020895,0.000000
31.333656,0.024139,0.000000,-0.006792,0.050034,0.000000
31.353698,0.058654,0.000000,0.001915,0.095609,0.000000
31.373740,0.032450,0.000000,0.003075,0.051109,0.000000
31.393781,0.018611,0.000000,-0.000690,0.051485,0.000000
31.413823,0.027499,0.000000,0.008963,0.046153,0.000000
31.433865,0.072019,0.000000,-0.006301,0.011419,0.000000
31.453906,0.021291,0.000000,0.004293,0.000073,0.000000
31.473948,0.041114,0.000000,-0.006279,0.063899,0.000000
31.493990,-0.008350,0.000000,0.003254,0.060077,0.000000
31.514031,0.061838,0.000000,0.092755,0.049776,0.000000
31.534073,0.060569,0.000000,-0.045923,0.043865,0.000000
31.554115,0.012620,0.000000,0.001871,0.060219,0.000000
31.574156,0.026270,0.000000,0.092082,0.018330,0.000000
31.594198,0.074463,0.000000,0.004784,0.010243,0.000000
31.614240,0.064379,0.000000,0.015127,-0.000147,0.000000
31.634281,0.064455,0.000000,-0.001429,0.049442,0.000000
31.654323,0.078824,0.000000,0.003532,0.000147,0.000000
31.674365,0.051734,0.000000,-0.004019,-0.042676,0.000000
31.694407,0.001750,0.000000,0.093345,0.089286,0.000000
31.714448,0.018821,0.000000,0.001802,0.045008,0.000000
31.734490,0.046534,0.000000,0.008894,0.006268,0.000000
31.754532,-0.002612,0.000000,0.086677,-0.018959,0.000000
31.774573,-0.041031,0.000000,0.095244,0.005877,0.000000
31.794615,0.037825,0.000000,-0.002494,0.008588,0.000000
31.814657,0.108471,0.000000,-0.002919,0.102998,0.000000
31.834698,0.062050,0.000000,-0.000781,0.010417,0.000000
31.854740,-0.002618,0.000000,0.084280,0.054432,0.000000
31.874782,0.105439,0.000000,-0.002414,0.094724,0.000000
31.894823,0.010295,0.000000,-0.006318,0.016494,0.000000
31.914865,0.059457,0.000000,0.099834,0.060695,0.000000
31.934907,0.078294,0.000000,-0.003004,0.022451,0.000000
31.954948,-0.000224,0.000000,0.004337,0.010776,0.000000
31.974990,0.047561,0.000000,0.084489,0.011824,0.000000
31.995032,0.115375,0.000000,0.008662,0.003562,0.000000
32.015073,0.003286,0.000000,-0.004138,0.057547,0.000000
32.035115,0.056444,0.000000,0.002244,0.001123,0.000000
32.055157,0.073991,0.000000,0.088067,-0.047480,0.000000
32.075199,0.009323,0.000000,0.002830,0.050509,0.000000
32.095240,-0.007448,0.000000,-0.086354,-0.041633,0.000000
32.115282,0.084869,0.000000,0.091122,0.052812,0.000000
32.135324,0.064356,0.000000,0.095821,0.006626,0.000000
32.155365,0.023739,0.000000,0.004051,0.047741,0.000000
32.175407,-0.033403,0.000000,0.003554,0.057226,0.000000
32.195449,0.022059,0.000000,0.004054,0.053696,0.000000
32.215490,0.077307,0.000000,-0.015199,0.011818,0.000000
32.235532,-0.053989,0.000000,-0.003971,0.013162,0.000000
32.255574,0.015586,0.000000,0.076040,0.003600,0.000000
32.275615,-0.004674,0.000000,0.009128,0.000288,0.000000
32.295657,0.067790,0.000000,-0.003457,0.004134,0.000000
32.315699,0.017571,0.000000,0.079559,0.048373,0.000000
32.335740,0.052904,0.000000,-0.008217,0.005947,0.000000
32.355782,0.044888,0.000000,0.003657,0.005722,0.000000
32.375824,0.073889,0.000000,0.091002,0.106602,0.000000
32.395866,-0.056456,0.000000,-0.006850,0.056050,0.000000
32.415907,0.032125,0.000000,0.083265,0.004750,0.000000
32.435949,0.069021,0.000000,-0.009113,0.007325,0.000000
32.455991,0.013124,0.000000,0.084980,0.009010,0.000000
32.476032,0.010025,0.000000,0.006094,0.054276,0.000000
32.496074,-0.025884,0.000000,0.095106,0.001714,0.000000
32.516116,0.036131,0.000000,0.000248,-0.000338,0.000000
32.536157,0.004543,0.000000,0.001514,0.058707,0.000000
32.556199,0.055880,0.000000,-0.009655,0.009316,0.000000
32.576241,0.010023,0.000000,-0.104060,0.049049,0.000000
32.596282,0.076329,0.000000,0.083874,0.004462,0.000000
32.616324,-0.003242,0.000000,-0.007826,0.009659,0.000000
32.636366,0.012409,0.000000,0.002496,0.058894,0.000000
32.656407,0.064193,0.000000,0.090092,0.062940,0.000000
32.676449,0.061830,0.000000,0.094082,-0.002640,0.000000
32.696491,0.017727,0.000000,-0.008487,0.051576,0.000000
32.716532,0.061394,0.000000,0.093974,0.054987,0.000000
32.736574,0.020698,0.000000,-0.001617,0.062978,0.000000
32.756616,0.056387,0.000000,-0.005835,0.062761,0.000000
32.776658,0.006745,0.000000,-0.026387,0.007268,0.000000
32.796699,0.007926,0.000000,0.005755,0.058252,0.000000
32.816741,0.072609,0.000000,0.002170,-0.001302,0.000000
32.836783,0.000679,0.000000,0.010327,0.063798,0.000000
32.856824,-0.050257,0.000000,-0.011301,0.002193,0.000000
32.876866,0.076057,0.000000,-0.009133,0.110423,0.000000
32.896908,0.079686,0.000000,0.006357,0.059691,0.000000
32.916949,0.017186,0.000000,0.004134,0.071024,0.000000
32.936991,0.041521,0.000000,0.096828,0.121892,0.000000
32.957033,0.081700,0.000000,-0.003196,0.061439,0.000000
32.977074,0.016721,0.000000,-0.003999,0.007474,0.000000
32.997116,0.023913,0.000000,-0.002835,0.011803,0.000000
33.017158,0.078340,0.000000,0.011739,0.057128,0.000000
33.037199,-0.001603,0.000000,0.086391,0.010099,0.000000
33.057241,0.009289,0.000000,0.000818,0.060625,0.000000
33.077283,0.009886,0.000000,-0.006293,0.058843,0.000000
33.097324,0.011315,0.000000,-0.004050,0.056190,0.000000
33.117366,0.063278,0.000000,-0.004104,0.063131,0.000000
33.137408,0.008367,0.000000,-0.001872,0.002363,0.000000
33.157450,0.069977,0.000000,-0.089279,0.011356,0.000000
33.177491,0.012720,0.000000,-0.008729,0.004147,0.000000
33.197533,0.066586,0.000000,0.083467,0.001881,0.000000
33.217575,0.061288,0.000000,-0.010958,0.007054,0.000000
33.237616,0.088923,0.000000,-0.005026,0.004689,0.000000
33.257658,0.059230,0.000000,-0.004897,0.000887,0.000000
33.277700,0.022634,0.000000,0.000178,0.062159,0.000000
33.297741,0.076477,0.000000,-0.001192,0.063037,0.000000
33.317783,0.079215,0.000000,0.008386,0.066622,0.000000
33.337825,0.006718,0.000000,0.007783,0.006203,0.000000
33.357866,0.013463,0.000000,0.000035,0.006457,0.000000
33.377908,-0.008217,0.000000,-0.083720,-0.002758,0.000000
33.397950,0.024458,0.000000,-0.002483,0.009141,0.000000
33.417991,0.063140,0.000000,0.075816,0.065725,0.000000
33.438033,0.061410,0.000000,-0.098742,0.064576,0.000000
33.458075,0.061175,0.000000,0.000893,-0.004997,0.000000
33.478116,0.008118,0.000000,-0.001779,0.071308,0.000000
33.498158,0.073700,0.000000,-0.014553,0.061954,0.000000
33.518200,0.003063,0.000000,0.007596,0.068568,0.000000
33.538242,0.066870,0.000000,0.007607,0.070377,0.000000
33.558283,0.068092,0.000000,0.081623,0.012729,0.000000
33.578325,0.079029,0.000000,-0.007811,0.009137,0.000000
33.598367,0.015069,0.000000,0.091514,0.067646,0.000000
33.618408,0.002073,0.000000,0.098627,0.024979,0.000000
33.638450,0.061181,0.000000,0.094841,0.065326,0.000000
33.658492,0.082839,0.000000,0.002385,0.066063,0.000000
33.678533,0.071678,0.000000,0.006910,0.068718,0.000000
33.698575,0.085685,0.000000,0.085432,-0.002041,0.000000
33.718617,0.081485,0.000000,0.008207,0.065893,0.000000
33.738658,0.006469,0.000000,-0.000060,0.000217,0.000000
33.758700,0.013942,0.000000,-0.008878,0.074676,0.000000
33.778742,0.006381,0.000000,-0.087681,0.070333,0.000000
33.798783,0.004246,0.000000,0.000469,0.005806,0.000000
33.818825,0.003019,0.000000,0.001707,0.068289,0.000000
33.838867,0.008785,0.000000,-0.008621,0.000739,0.000000
33.858908,0.005358,0.000000,0.087769,0.000119,0.000000
33.878950,0.078020,0.000000,0.076649,0.000912,0.000000
33.898992,0.016036,0.000000,-0.009939,0.076719,0.000000
33.919034,0.083092,0.000000,0.094097,0.010339,0.000000
33.939075,0.009252,0.000000,-0.083905,-0.067529,0.000000
33.959117,0.010840,0.000000,0.089843,-0.005523,0.000000
33.979159,0.080253,0.000000,0.042562,0.002720,0.000000
33.999200,0.007741,0.000000,0.094027,-0.034255,0.000000
34.019242,-0.057402,0.000000,0.089830,0.004183,0.000000
34.039284,0.072318,0.000000,-0.088869,0.003225,0.000000
34.059325,0.085394,0.000000,-0.082863,0.003105,0.000000
34.079367,0.008715,0.000000,0.071787,0.006936,0.000000
34.099409,0.008504,0.000000,0.077431,0.071745,0.000000
34.119450,0.090190,0.000000,0.084925,-0.001181,0.000000
34.139492,0.000723,0.000000,0.080862,0.003523,0.000000
34.159534,0.013597,0.000000,-0.084841,-0.037701,0.000000
34.179575,0.078542,0.000000,0.088064,0.003624,0.000000
34.199617,0.010102,0.000000,-0.009833,-0.002140,0.000000
34.219659,0.009239,0.000000,-0.079555,0.006592,0.000000
34.239700,0.015737,0.000000,0.002021,-0.002945,0.000000
34.259742,0.014568,0.000000,0.089426,-0.003752,0.000000
34.279784,-0.073764,0.000000,0.090601,-0.075037,0.000000
34.299826,0.008964,0.000000,0.001780,0.054425,0.000000
34.319867,0.012433,0.000000,0.001833,0.081938,0.000000
34.339909,0.000004,0.000000,0.038591,0.001503,0.000000
34.359951,0.092936,0.000000,-0.000586,0.088787,0.000000
34.379992,0.001627,0.000000,0.004299,0.087871,0.000000
34.400034,0.090033,0.000000,0.083927,0.004964,0.000000
34.420076,0.004822,0.000000,0.098451,0.007167,0.000000
34.440117,0.089583,0.000000,0.083154,0.086522,0.000000
34.460159,0.097276,0.000000,0.082946,0.002982,0.000000
34.480201,0.023087,0.000000,0.001067,0.090598,0.000000
34.500242,-0.027695,0.000000,0.075766,0.003420,0.000000
34.520284,0.007788,0.000000,0.084935,-0.000840,0.000000
34.540326,0.102997,0.000000,0.089500,0.004157,0.000000
34.560367,-0.082368,0.000000,0.007364,-0.000490,0.000000
34.580409,0.003799,0.000000,-0.000695,-0.002219,0.000000
34.600451,0.009480,0.000000,-0.007391,-0.089618,0.000000
34.620492,0.000360,0.000000,0.091897,-0.001073,0.000000
34.640534,0.107359,0.000000,0.003602,0.004055,0.000000
34.660576,0.009667,0.000000,-0.007380,0.099095,0.000000
34.680618,0.104080,0.000000,0.003640,0.001840,0.000000
34.700659,0.012315,0.000000,-0.008770,0.004345,0.000000
34.720701,0.105452,0.000000,0.004801,0.097449,0.000000
34.740743,0.103307,0.000000,0.083436,0.004886,0.000000
34.760784,0.007068,0.000000,0.095367,0.001372,0.000000
34.780826,0.107065,0.000000,0.001652,0.001010,0.000000
34.800868,0.006583,0.000000,-0.008861,0.105202,0.000000
34.820909,0.011381,0.000000,-0.001327,0.109499,0.000000
34.840951,0.108446,0.000000,-0.087678,0.105242,0.000000
34.860993,0.009145,0.000000,0.092175,0.003224,0.000000
34.881034,0.008124,0.000000,-0.010743,0.112080,0.000000
34.901076,0.014222,0.000000,-0.006352,0.113516,0.000000
34.921118,0.005378,0.000000,0.104217,0.001031,0.000000
34.941159,0.009977,0.000000,-0.011030,0.003428,0.000000
34.961201,0.009526,0.000000,0.088461,0.000504,0.000000
34.981243,0.016174,0.000000,0.088417,0.000819,0.000000
35.001284,0.008231,0.000000,0.083800,0.001541,0.000000
35.021326,0.009146,0.000000,0.049019,-0.000071,0.000000
35.041368,0.125151,0.000000,0.087597,0.000841,0.000000
35.061410,0.005486,0.000000,0.084832,0.003939,0.000000
35.081451,0.008362,0.000000,-0.002314,0.123918,0.000000
35.101493,0.006179,0.000000,0.093921,0.001822,0.000000
35.121535,0.004436,0.000000,0.096091,0.001721,0.000000
35.141576,0.005966,0.000000,-0.093216,0.130071,0.000000
35.161618,0.008401,0.000000,-0.086157,0.129119,0.000000
35.181660,0.021889,0.000000,0.087882,0.130134,0.000000
35.201701,0.127311,0.000000,-0.084347,-0.000405,0.000000
35.221743,0.005684,0.000000,0.000699,0.002580,0.000000
35.241785,0.005172,0.000000,-0.005505,0.136566,0.000000
35.261826,0.007914,0.000000,0.088287,0.136743,0.000000
35.281868,0.003494,0.000000,0.083786,0.001505,0.000000
35.301910,0.007050,0.000000,0.003731,0.001199,0.000000
35.321951,0.004130,0.000000,0.089538,0.147782,0.000000
35.341993,0.005545,0.000000,0.089284,0.146839,0.000000
35.362035,0.003312,0.000000,0.002723,-0.000552,0.000000
35.382077,0.006868,0.000000,0.000551,-0.000173,0.000000
35.402118,0.008441,0.000000,0.001203,0.158455,0.000000
35.422160,0.007488,0.000000,-0.011138,0.157212,0.000000
35.442202,0.005002,0.000000,0.087458,0.154101,0.000000
35.462243,0.162869,0.000000,0.079497,0.000945,0.000000
35.482285,0.160838,0.000000,0.032723,-0.000467,0.000000
35.502327,0.005290,0.000000,0.012928,0.001600,0.000000
35.522368,0.005059,0.000000,-0.044111,0.001712,0.000000
35.542410,0.003963,0.000000,-0.009874,0.001398,0.000000
35.562452,0.003909,0.000000,-0.002721,0.002017,0.000000
35.582493,0.005247,0.000000,0.093884,0.001564,0.000000
35.602535,0.173417,0.000000,-0.003901,0.002088,0.000000
35.622577,0.004591,0.000000,-0.094468,0.000203,0.000000
35.642618,0.005893,0.000000,-0.002093,-0.000109,0.000000
35.662660,0.002702,0.000000,0.090111,0.000444,0.000000
35.682702,0.006801,0.000000,0.073624,0.182641,0.000000
35.702743,0.003053,0.000000,0.005474,0.182927,0.000000
35.722785,0.001574,0.000000,-0.004972,-0.000034,0.000000
35.742827,0.003557,0.000000,-0.000747,0.000632,0.000000
35.762869,0.003348,0.000000,0.002213,0.000779,0.000000
35.782910,0.004461,0.000000,0.008237,0.000225,0.000000
35.802952,0.003812,0.000000,-0.003396,0.000422,0.000000
35.822994,0.003847,0.000000,0.009949,-0.003828,0.000000
35.843035,0.004005,0.000000,0.004677,-0.202623,0.000000
35.863077,0.004704,0.000000,0.082780,0.203073,0.000000
35.883119,0.002864,0.000000,-0.008124,0.001467,0.000000
35.903160,0.001763,0.000000,-0.000727,0.000370,0.000000
35.923202,0.002990,0.000000,-0.000418,-0.000229,0.000000
35.943244,0.002868,0.000000,0.005077,0.000064,0.000000
35.963285,0.207713,0.000000,-0.004003,0.000059,0.000000
35.983327,0.003147,0.000000,0.006652,0.000878,0.000000
36.003369,0.004650,0.000000,-0.003635,-0.000014,0.000000
36.023410,0.005679,0.000000,0.010634,0.001476,0.000000
36.043452,0.003237,0.000000,-0.005186,0.000827,0.000000
36.063494,0.002044,0.000000,0.012073,0.001190,0.000000
36.083535,0.003265,0.000000,-0.007278,0.231469,0.000000
36.103577,0.001264,0.000000,-0.095086,-0.000759,0.000000
36.123619,0.002221,0.000000,-0.000926,0.000213,0.000000
36.143661,0.003981,0.000000,0.003615,0.229524,0.000000
36.163702,0.001715,0.000000,-0.005016,-0.000549,0.000000
36.183744,0.002795,0.000000,-0.001720,0.000022,0.000000
36.203786,0.002214,0.000000,-0.000839,0.000429,0.000000
36.223827,0.004045,0.000000,-0.089388,0.000175,0.000000
36.243869,-0.235296,0.000000,0.001945,0.000225,0.000000
36.263911,0.001999,0.000000,-0.001877,-0.000275,0.000000
36.283952,-0.235881,0.000000,-0.005023,-0.000357,0.000000
36.303994,0.238768,0.000000,-0.002358,0.000290,0.000000
36.324036,0.001244,0.000000,0.088319,-0.001045,0.000000
36.344077,0.004778,0.000000,0.006451,-0.000008,0.000000
36.364119,0.003538,0.000000,0.009569,0.000559,0.000000
36.384161,0.003192,0.000000,0.001595,0.000887,0.000000
36.404202,0.003001,0.000000,0.000239,-0.000047,0.000000
36.424244,0.002847,0.000000,-0.003058,0.000337,0.000000
36.444286,0.001901,0.000000,0.003577,0.274341,0.000000
36.464327,0.002136,0.000000,0.009356,0.000127,0.000000
36.484369,0.002762,0.000000,0.085612,0.274913,0.000000
36.504411,0.001950,0.000000,-0.000353,-0.000730,0.000000
36.524453,0.002765,0.000000,0.011708,0.000191,0.000000
36.544494,0.001595,0.000000,0.000906,0.000598,0.000000
36.564536,0.002328,0.000000,0.003916,0.000370,0.000000
36.584578,0.002408,0.000000,0.008364,0.000197,0.000000
36.604619,0.002493,0.000000,0.090958,0.000225,0.000000
36.624661,0.002778,0.000000,-0.002548,0.000042,0.000000
36.644703,0.002457,0.000000,-0.085815,0.000136,0.000000
36.664744,0.001560,0.000000,-0.000176,0.000453,0.000000
36.684786,0.002858,0.000000,0.095328,0.000816,0.000000
36.704828,0.002428,0.000000,-0.002879,-0.000174,0.000000
36.724869,0.285388,0.000000,-0.078169,-0.000054,0.000000
36.744911,-0.255667,0.000000,-0.006704,-0.000132,0.000000
36.764953,0.273223,0.000000,0.089977,-0.000081,0.000000
36.784994,0.282494,0.000000,0.084537,0.000090,0.000000
36.805036,0.003031,0.000000,0.084993,0.000514,0.000000
36.825078,-0.277108,0.000000,0.082180,-0.000429,0.000000
36.845119,0.002719,0.000000,0.083983,0.000224,0.000000
36.865161,0.003572,0.000000,0.081385,-0.000324,0.000000
36.885203,0.002893,0.000000,0.086296,0.000148,0.000000
36.905245,0.002527,0.000000,0.087701,0.000057,0.000000
36.925286,0.002129,0.000000,-0.008036,0.000496,0.000000
36.945328,0.001954,0.000000,-0.009803,-0.000222,0.000000
36.965370,0.003124,0.000000,-0.000897,0.000858,0.000000
36.985411,0.001602,0.000000,-0.005302,-0.000112,0.000000
37.005453,0.002588,0.000000,0.001531,0.356632,0.000000
37.025495,0.001723,0.000000,0.086258,-0.000419,0.000000
37.045536,0.001715,0.000000,-0.008063,-0.000490,0.000000
37.065578,0.002251,0.000000,-0.002536,0.000242,0.000000
37.085620,0.001518,0.000000,0.003099,0.355978,0.000000
37.105661,0.001443,0.000000,0.001111,0.356505,0.000000
37.125703,0.001649,0.000000,0.009661,0.000505,0.000000
37.145745,0.001512,0.000000,-0.003838,0.000548,0.000000
37.165786,0.001859,0.000000,0.002774,0.000703,0.000000
37.185828,0.001154,0.000000,0.010027,0.000454,0.000000
37.205870,0.002031,0.000000,-0.006213,0.000030,0.000000
37.225911,0.001216,0.000000,0.000845,-0.000202,0.000000
37.245953,0.001712,0.000000,0.002644,0.000258,0.000000
37.265995,0.001272,0.000000,0.011104,0.000262,0.000000
37.286037,0.001192,0.000000,-0.005268,-0.000248,0.000000
37.306078,0.001485,0.000000,0.005919,0.000325,0.000000
37.326120,0.001240,0.000000,-0.001996,-0.000184,0.000000
37.346162,0.001939,0.000000,0.002624,-0.000075,0.000000
37.366203,0.001660,0.000000,0.094839,-0.000046,0.000000
37.386245,0.002220,0.000000,0.006582,0.000160,0.000000
37.406287,0.001996,0.000000,0.002331,-0.000302,0.000000
37.426328,0.001791,0.000000,-0.004933,-0.000120,0.000000
37.446370,0.001312,0.000000,0.102132,-0.000154,0.000000
37.466412,0.002092,0.000000,-0.096858,0.000207,0.000000
37.486453,0.002219,0.000000,0.003655,0.000102,0.000000
37.506495,0.002153,0.000000,0.088553,0.000001,0.000000
37.526537,0.001149,0.000000,-0.096656,0.000025,0.000000
37.546578,0.002344,0.000000,0.005807,0.000137,0.000000
37.566620,0.001717,0.000000,0.001146,0.000069,0.000000
37.586662,0.001462,0.000000,0.092345,0.000090,0.000000
37.606703,0.002133,0.000000,0.002080,0.000230,0.000000
37.626745,0.001967,0.000000,-0.051601,-0.000095,0.000000
37.646787,0.000558,0.000000,0.090779,0.000033,0.000000
37.666829,0.002096,0.000000,0.003713,-0.000071,0.000000
37.686870,0.002272,0.000000,0.000244,0.000123,0.000000
37.706912,0.002546,0.000000,-0.000809,-0.000095,0.000000
37.726954,0.003152,0.000000,-0.013557,-0.000074,0.000000
37.746995,0.006681,0.000000,-0.008979,0.000168,0.000000
37.767037,0.002501,0.000000,-0.004852,-0.000034,0.000000
37.787079,0.001694,0.000000,0.009755,0.000238,0.000000
37.807120,0.001850,0.000000,0.012997,-0.000152,0.000000
37.827162,0.002568,0.000000,-0.000897,-0.000089,0.000000
37.847204,0.002892,0.000000,-0.004076,0.000131,0.000000
37.867245,0.000580,0.000000,-0.001789,0.000205,0.000000
37.887287,0.000361,0.000000,-0.002205,0.000087,0.000000
37.907329,0.352995,0.000000,0.012302,-0.000081,0.000000
37.927370,0.367458,0.000000,0.000716,0.000255,0.000000
37.947412,0.367411,0.000000,-0.008810,0.000037,0.000000
37.967454,0.366851,0.000000,0.004078,0.000222,0.000000
37.987495,0.367742,0.000000,-0.004618,-0.000013,0.000000
38.007537,0.364856,0.000000,-0.002465,0.000165,0.000000
38.027579,0.367132,0.000000,-0.100538,0.000145,0.000000
38.047621,0.001620,0.000000,0.096354,0.000030,0.000000
38.067662,0.001791,0.000000,0.100099,-0.000009,0.000000
38.087704,0.002520,0.000000,-0.098813,0.000108,0.000000
38.107746,0.002271,0.000000,-0.001219,-0.000138,0.000000
38.127787,0.001129,0.000000,0.036224,0.000316,0.000000
38.147829,0.001984,0.000000,0.048261,0.000034,0.000000
38.167871,0.001755,0.000000,0.002179,-0.000393,0.000000
38.187912,0.001402,0.000000,0.006227,0.000061,0.000000
38.207954,0.001075,0.000000,-0.003068,0.000203,0.000000
38.227996,0.001248,0.000000,-0.000969,-0.000313,0.000000
38.248037,0.001594,0.000000,0.086186,-0.000093,0.000000
38.268079,0.001517,0.000000,0.105642,-0.000448,0.000000
38.288121,0.001445,0.000000,0.015788,-0.000446,0.000000
38.308162,0.001418,0.000000,0.097606,0.000073,0.000000
38.328204,0.001264,0.000000,0.001637,-0.000070,0.000000
38.348246,0.001418,0.000000,0.000867,-0.621400,0.000000
38.368288,0.001348,0.000000,0.098658,-0.001275,0.000000
38.388329,0.001171,0.000000,-0.001959,0.621280,0.000000
38.408371,0.001090,0.000000,0.006617,0.000258,0.000000
38.428413,0.001185,0.000000,-0.003165,0.000000,0.000000
38.448454,0.001569,0.000000,0.004899,0.000000,0.000000
38.468496,0.001278,0.000000,0.003687,0.000000,0.000000
38.488538,0.001344,0.000000,-0.001821,-0.620893,0.000000
38.508579,0.001247,0.000000,0.003595,0.000000,0.000000
38.528621,0.001727,0.000000,-0.003310,0.000000,0.000000
38.548663,0.001274,0.000000,0.005729,0.000000,0.000000
38.568704,0.001110,0.000000,-0.007772,0.000000,0.000000
38.588746,0.001326,0.000000,0.008199,0.000000,0.000000
38.608788,0.000880,0.000000,0.000425,0.000000,0.000000
38.628829,0.001084,0.000000,-0.002501,0.000000,0.000000
38.648871,0.001059,0.000000,-0.006898,0.000000,0.000000
38.668913,0.001040,0.000000,0.003612,0.000000,0.000000
38.688954,0.001113,0.000000,-0.002442,0.000000,0.000000
38.708996,0.000853,0.000000,0.103054,0.000000,0.000000
38.729038,0.000914,0.000000,0.104202,0.000000,0.000000
38.749080,0.001438,0.000000,-0.005654,0.000000,0.000000
38.769121,0.001202,0.000000,0.096483,0.000000,0.000000
38.789163,0.001271,0.000000,0.101692,0.000000,0.000000
38.809205,0.001402,0.000000,0.007912,0.000000,0.000000
38.829246,0.001047,0.000000,-0.000776,0.000000,0.000000
38.849288,0.001336,0.000000,-0.000857,0.000000,0.000000
38.869330,0.001093,0.000000,-0.003004,0.000000,0.000000
38.889371,0.001150,0.000000,0.001118,0.000000,0.000000
38.909413,0.001127,0.000000,0.000103,0.000000,0.000000
38.929455,0.001225,0.000000,-0.004066,0.000000,0.000000
38.949496,0.000928,0.000000,0.004502,0.000000,0.000000
38.969538,0.001302,0.000000,0.002535,0.000000,0.000000
38.989580,0.001082,0.000000,-0.007693,0.000000,0.000000
39.009621,0.001100,0.000000,-0.004071,0.000000,0.000000
39.029663,0.001308,0.000000,0.001784,0.000000,0.000000
39.049705,0.001265,0.000000,0.002536,0.000000,0.000000
39.069746,0.001094,0.000000,0.011665,0.000000,0.000000
39.089788,0.001630,0.000000,0.010027,0.000000,0.000000
39.109830,0.001189,0.000000,0.103218,0.000000,0.000000
39.129872,0.000970,0.000000,0.094760,0.000000,0.000000
39.149913,0.001056,0.000000,0.109460,0.000000,0.000000
39.169955,0.001042,0.000000,-0.000846,0.000000,0.000000
39.189997,0.001626,0.000000,0.000516,0.000000,0.000000
39.210038,0.001062,0.000000,0.000210,0.000000,0.000000
39.230080,0.001626,0.000000,-0.105613,0.000000,0.000000
39.250122,0.001238,0.000000,0.001281,0.000000,0.000000
39.270163,0.001162,0.000000,0.101542,0.000000,0.000000
39.290205,0.001458,0.000000,-0.004764,0.000000,0.000000
39.310247,0.001312,0.000000,-0.004500,0.000000,0.000000
39.330288,0.001278,0.000000,0.107989,0.000000,0.000000
39.350330,0.001172,0.000000,0.114082,0.000000,0.000000
39.370372,0.001230,0.000000,-0.005166,0.000000,0.000000
39.390413,0.001015,0.000000,-0.001482,0.000000,0.000000
39.410455,0.001603,0.000000,0.114583,0.000000,0.000000
39.430497,0.001454,0.000000,0.001190,0.000000,0.000000
39.450538,0.000543,0.000000,-0.011398,0.000000,0.000000
39.470580,0.000994,0.000000,-0.004324,0.000000,0.000000
39.490622,0.001665,0.000000,-0.006262,0.000000,0.000000
39.510664,0.001275,0.000000,-0.005046,0.000000,0.000000
39.530705,0.000547,0.000000,0.004694,0.000000,0.000000
39.550747,0.001326,0.000000,-0.004747,0.000000,0.000000
39.570789,0.000674,0.000000,0.116413,0.000000,0.000000
39.590830,0.008111,0.000000,0.108929,0.000000,0.000000
39.610872,0.000594,0.000000,-0.001924,0.000000,0.000000
39.630914,0.003440,0.000000,0.001293,0.000000,0.000000
39.650955,0.001843,0.000000,0.002308,0.000000,0.000000
39.670997,0.001713,0.000000,0.111676,0.000000,0.000000
39.691039,0.001244,0.000000,-0.008492,0.000000,0.000000
39.711080,0.000912,0.000000,-0.001175,0.000000,0.000000
39.731122,0.000480,0.000000,0.111927,0.000000,0.000000
39.751164,0.000876,0.000000,-0.007113,0.000000,0.000000
39.771205,0.024018,0.000000,-0.000988,0.000000,0.000000
39.791247,0.641206,0.000000,-0.003960,0.000000,0.000000
39.811289,0.008028,0.000000,0.002854,0.000000,0.000000
39.831330,0.640467,0.000000,0.009603,0.000000,0.000000
39.851372,0.002110,0.000000,-0.000339,0.000000,0.000000
39.871414,0.639284,0.000000,0.000501,0.000000,0.000000
39.891456,0.001215,0.000000,0.000795,0.000000,0.000000
39.911497,0.641089,0.000000,0.000886,0.000000,0.000000
39.931539,-0.640320,0.000000,-0.001662,0.000000,0.000000
39.951581,0.000413,0.000000,0.003436,0.000000,0.000000
39.971622,0.000000,0.000000,-0.004109,0.000000,0.000000
39.991664,0.000000,0.000000,-0.011394,0.000000,0.000000
40.011706,0.000000,0.000000,-0.110632,0.000000,0.000000
40.031747,0.001038,0.000000,-0.006825,0.000000,0.000000
40.051789,0.000000,0.000000,0.001659,0.000000,0.000000
40.071831,-0.635053,0.000000,0.117204,0.000000,0.000000
40.091872,0.640481,0.000000,0.004662,0.000000,0.000000
40.111914,0.639115,0.000000,0.117000,0.000000,0.000000
40.131956,0.640717,0.000000,0.114345,0.000000,0.000000
40.151997,0.000000,0.000000,-0.004333,0.000000,0.000000
40.172039,0.000000,0.000000,0.002609,0.000000,0.000000
40.192081,0.000000,0.000000,0.004202,0.000000,0.000000
40.212122,0.000000,0.000000,0.001047,0.000000,0.000000
40.232164,-0.636773,0.000000,0.000115,0.000000,0.000000
40.252206,0.639837,0.000000,0.001589,0.000000,0.000000
40.272248,0.000000,0.000000,0.000221,0.000000,0.000000
40.292289,-0.639499,0.000000,0.009045,0.000000,0.000000
40.312331,0.639837,0.000000,-0.003277,0.000000,0.000000
40.332373,0.000000,0.000000,-0.004988,0.000000,0.000000
40.352414,0.636813,0.000000,0.002553,0.000000,0.000000
40.372456,-0.639392,0.000000,0.113529,0.000000,0.000000
40.392498,-0.639778,0.000000,0.004598,0.000000,0.000000
40.412539,0.000000,0.000000,0.119127,0.000000,0.000000
40.432581,0.000000,0.000000,0.124420,0.000000,0.000000
40.452623,0.000000,0.000000,0.116216,0.000000,0.000000
40.472664,0.640601,0.000000,0.115414,0.000000,0.000000
40.492706,0.000000,0.000000,-0.005274,0.000000,0.000000
40.512748,0.000000,0.000000,-0.003405,0.000000,0.000000
40.532789,0.000000,0.000000,0.000129,0.000000,0.000000
40.552831,0.000000,0.000000,0.003062,0.000000,0.000000
40.572873,0.000000,0.000000,-0.001785,0.000000,0.000000
40.592914,0.000000,0.000000,-0.001555,0.000000,0.000000
40.612956,0.000000,0.000000,0.004898,0.000000,0.000000
40.632998,0.000000,0.000000,0.000760,0.000000,0.000000
40.653040,0.000000,0.000000,0.004150,0.000000,0.000000
40.673081,0.000000,0.000000,0.002829,0.000000,0.000000
40.693123,0.000000,0.000000,-0.006902,0.000000,0.000000
40.713165,0.000000,0.000000,0.006070,0.000000,0.000000
40.733206,0.000000,0.000000,0.001316,0.000000,0.000000
40.753248,0.000000,0.000000,0.125065,0.000000,0.000000
40.773290,0.000000,0.000000,-0.124977,0.000000,0.000000
40.793331,0.000000,0.000000,-0.129404,0.000000,0.000000
40.813373,0.000000,0.000000,-0.001260,0.000000,0.000000
40.833415,0.000000,0.000000,-0.008270,0.000000,0.000000
40.853456,0.000000,0.000000,0.000790,0.000000,0.000000
40.873498,0.000000,0.000000,-0.002961,0.000000,0.000000
40.893540,0.000000,0.000000,-0.000591,0.000000,0.000000
40.913581,0.000000,0.000000,0.003073,0.000000,0.000000
40.933623,0.000000,0.000000,0.003281,0.000000,0.000000
40.953665,0.000000,0.000000,-0.007574,0.000000,0.000000
40.973706,0.000000,0.000000,-0.001646,0.000000,0.000000
40.993748,0.000000,0.000000,0.133457,0.000000,0.000000
41.013790,0.000000,0.000000,0.135893,0.000000,0.000000
