image_path,label_name,pred_name,y_true,y_pred,correct,pred_confidence
C:\Users\phuynh\Projects\robotray-main\robotray_v2\sample_outputs_v2\023012_2026_04_14_nephe_150\023129_2026_04_14_nephe.jpg,nephe,nephe,3,3,1,0.956479549407959
C:\Users\phuynh\Projects\robotray-main\robotray_v2\sample_outputs_v2\019712_2026_04_03_rutile_150\019771_2026_04_03_rutile.jpg,rutile,rutile,5,5,1,0.999995231628418
C:\Users\phuynh\Projects\robotray-main\robotray_v2\sample_outputs_v2\019562_2026_04_03_rutile_150\019570_2026_04_03_rutile.jpg,rutile,rutile,5,5,1,0.9999743700027466
C:\Users\phuynh\Projects\robotray-main\robotray_v2\sample_outputs_v2\023012_2026_04_14_nephe_150\023085_2026_04_14_nephe.jpg,nephe,nephe,3,3,1,0.9999891519546509
C:\Users\phuynh\Projects\robotray-main\robotray_v2\sample_outputs_v2\024362_2026_04_16_garnet_150\024419_2026_04_16_garnet.jpg,garnet,garnet,1,1,1,0.9999653100967407
C:\Users\phuynh\Projects\robotray-main\robotray_v2\sample_outputs_v2\023012_2026_04_14_nephe_150\023107_2026_04_14_nephe.jpg,nephe,nephe,3,3,1,0.9997846484184265
C:\Users\phuynh\Projects\robotray-main\robotray_v2\sample_outputs_v2\019712_2026_04_03_rutile_150\019721_2026_04_03_rutile.jpg,rutile,rutile,5,5,1,0.9999890327453613
C:\Users\phuynh\Projects\robotray-main\robotray_v2\sample_outputs_v2\023312_2026_04_14_nephe_150\023378_2026_04_14_nephe.jpg,nephe,nephe,3,3,1,0.9996028542518616
C:\Users\phuynh\Projects\robotray-main\robotray_v2\sample_outputs_v2\022862_2026_04_14_zircon_150\023002_2026_04_14_zircon.jpg,zircon,zircon,7,7,1,0.9999967813491821
C:\Users\phuynh\Projects\robotray-main\robotray_v2\sample_outputs_v2\020762_2026_04_08_feldspar_150\020799_2026_04_08_feldspar.jpg,feldspar,feldspar,0,0,1,0.848272979259491
C:\Users\phuynh\Projects\robotray-main\robotray_v2\sample_outputs_v2\024362_2026_04_16_garnet_150\024459_2026_04_16_garnet.jpg,garnet,garnet,1,1,1,0.9999992847442627
C:\Users\phuynh\Projects\robotray-main\robotray_v2\sample_outputs_v2\024962_2026_04_21_tray_150\025097_2026_04_21_tray.jpg,tray,tray,6,6,1,0.9999983310699463
C:\Users\phuynh\Projects\robotray-main\robotray_v2\sample_outputs_v2\024062_2026_04_15_garnet_150\024148_2026_04_15_garnet.jpg,garnet,garnet,1,1,1,0.9911212921142578
C:\Users\phuynh\Projects\robotray-main\robotray_v2\sample_outputs_v2\025562_2026_04_22_tray_150\025656_2026_04_22_tray.jpg,tray,tray,6,6,1,0.9999921321868896
C:\Users\phuynh\Projects\robotray-main\robotray_v2\sample_outputs_v2\021812_2026_04_10_quartz_150\021960_2026_04_10_quartz.jpg,quartz,quartz,4,4,1,0.993920087814331
C:\Users\phuynh\Projects\robotray-main\robotray_v2\sample_outputs_v2\025562_2026_04_22_tray_150\025684_2026_04_22_tray.jpg,tray,tray,6,6,1,0.9999984502792358
C:\Users\phuynh\Projects\robotray-main\robotray_v2\sample_outputs_v2\023762_2026_04_15_nephe_150\023866_2026_04_15_nephe.jpg,nephe,nephe,3,3,1,0.9972444772720337
C:\Users\phuynh\Projects\robotray-main\robotray_v2\sample_outputs_v2\019262_2026_04_03_rutile_150\019327_2026_04_03_rutile.jpg,rutile,rutile,5,5,1,0.999921441078186
C:\Users\phuynh\Projects\robotray-main\robotray_v2\sample_outputs_v2\023912_2026_04_15_garnet_150\023917_2026_04_15_garnet.jpg,garnet,garnet,1,1,1,0.8833168148994446
C:\Users\phuynh\Projects\robotray-main\robotray_v2\sample_outputs_v2\024812_2026_04_21_tray_150\024917_2026_04_21_tray.jpg,tray,tray,6,6,1,0.9999998807907104
C:\Users\phuynh\Projects\robotray-main\robotray_v2\sample_outputs_v2\020762_2026_04_08_feldspar_150\020791_2026_04_08_feldspar.jpg,feldspar,feldspar,0,0,1,0.9886094331741333
C:\Users\phuynh\Projects\robotray-main\robotray_v2\sample_outputs_v2\025562_2026_04_22_tray_150\025597_2026_04_22_tray.jpg,tray,tray,6,6,1,0.9999994039535522
C:\Users\phuynh\Projects\robotray-main\robotray_v2\sample_outputs_v2\024812_2026_04_21_tray_150\024860_2026_04_21_tray.jpg,tray,tray,6,6,1,0.9999998807907104
C:\Users\phuynh\Projects\robotray-main\robotray_v2\sample_outputs_v2\021212_2026_04_08_quartz_150\021215_2026_04_08_quartz.jpg,quartz,quartz,4,4,1,0.9997958540916443
C:\Users\phuynh\Projects\robotray-main\robotray_v2\sample_outputs_v2\020462_2026_04_07_feldspar_150\020478_2026_04_07_feldspar.jpg,feldspar,feldspar,0,0,1,0.999993085861206
C:\Users\phuynh\Projects\robotray-main\robotray_v2\sample_outputs_v2\024512_2026_04_16_garnet_150\024647_2026_04_16_garnet.jpg,garnet,garnet,1,1,1,0.9997662901878357
C:\Users\phuynh\Projects\robotray-main\robotray_v2\sample_outputs_v2\020762_2026_04_08_feldspar_150\020774_2026_04_08_feldspar.jpg,feldspar,feldspar,0,0,1,0.9998387098312378
C:\Users\phuynh\Projects\robotray-main\robotray_v2\sample_outputs_v2\020762_2026_04_08_feldspar_150\020881_2026_04_08_feldspar.jpg,feldspar,feldspar,0,0,1,0.9992105960845947
C:\Users\phuynh\Projects\robotray-main\robotray_v2\sample_outputs_v2\022412_2026_04_13_zircon_150\022511_2026_04_13_zircon.jpg,zircon,zircon,7,7,1,0.9999940395355225
C:\Users\phuynh\Projects\robotray-main\robotray_v2\sample_outputs_v2\021362_2026_04_08_quartz_150\021395_2026_04_08_quartz.jpg,quartz,quartz,4,4,1,0.9204238653182983
C:\Users\phuynh\Projects\robotray-main\robotray_v2\sample_outputs_v2\021212_2026_04_08_quartz_150\021234_2026_04_08_quartz.jpg,quartz,quartz,4,4,1,0.9999899864196777
C:\Users\phuynh\Projects\robotray-main\robotray_v2\sample_outputs_v2\018662_2026_04_02_monazite-bra_150\018679_2026_04_02_monazite-bra.jpg,monazite-bra,monazite-bra,2,2,1,0.9999873638153076
C:\Users\phuynh\Projects\robotray-main\robotray_v2\sample_outputs_v2\019562_2026_04_03_rutile_150\019640_2026_04_03_rutile.jpg,rutile,rutile,5,5,1,0.9997203946113586
C:\Users\phuynh\Projects\robotray-main\robotray_v2\sample_outputs_v2\021362_2026_04_08_quartz_150\021363_2026_04_08_quartz.jpg,quartz,quartz,4,4,1,0.9966233968734741
C:\Users\phuynh\Projects\robotray-main\robotray_v2\sample_outputs_v2\019712_2026_04_03_rutile_150\019787_2026_04_03_rutile.jpg,rutile,rutile,5,5,1,0.9999934434890747
C:\Users\phuynh\Projects\robotray-main\robotray_v2\sample_outputs_v2\019562_2026_04_03_rutile_150\019693_2026_04_03_rutile.jpg,rutile,rutile,5,5,1,0.999677300453186
C:\Users\phuynh\Projects\robotray-main\robotray_v2\sample_outputs_v2\023312_2026_04_14_nephe_150\023428_2026_04_14_nephe.jpg,nephe,nephe,3,3,1,0.9999353885650635
C:\Users\phuynh\Projects\robotray-main\robotray_v2\sample_outputs_v2\024512_2026_04_16_garnet_150\024558_2026_04_16_garnet.jpg,garnet,garnet,1,1,1,0.9999401569366455
C:\Users\phuynh\Projects\robotray-main\robotray_v2\sample_outputs_v2\024212_2026_04_15_garnet_150\024227_2026_04_15_garnet.jpg,garnet,garnet,1,1,1,0.9995766282081604
C:\Users\phuynh\Projects\robotray-main\robotray_v2\sample_outputs_v2\024962_2026_04_21_tray_150\024997_2026_04_21_tray.jpg,tray,tray,6,6,1,0.9999997615814209
C:\Users\phuynh\Projects\robotray-main\robotray_v2\sample_outputs_v2\019712_2026_04_03_rutile_150\019832_2026_04_03_rutile.jpg,rutile,rutile,5,5,1,0.9999617338180542
C:\Users\phuynh\Projects\robotray-main\robotray_v2\sample_outputs_v2\024962_2026_04_21_tray_150\025026_2026_04_21_tray.jpg,tray,tray,6,6,1,0.9999997615814209
C:\Users\phuynh\Projects\robotray-main\robotray_v2\sample_outputs_v2\024962_2026_04_21_tray_150\024985_2026_04_21_tray.jpg,tray,tray,6,6,1,0.9999995231628418
C:\Users\phuynh\Projects\robotray-main\robotray_v2\sample_outputs_v2\023312_2026_04_14_nephe_150\023422_2026_04_14_nephe.jpg,nephe,nephe,3,3,1,0.999829888343811
C:\Users\phuynh\Projects\robotray-main\robotray_v2\sample_outputs_v2\021812_2026_04_10_quartz_150\021827_2026_04_10_quartz.jpg,quartz,quartz,4,4,1,0.8929749727249146
C:\Users\phuynh\Projects\robotray-main\robotray_v2\sample_outputs_v2\024662_2026_04_21_tray_150\024800_2026_04_21_tray.jpg,tray,tray,6,6,1,0.9999924898147583
C:\Users\phuynh\Projects\robotray-main\robotray_v2\sample_outputs_v2\021212_2026_04_08_quartz_150\021342_2026_04_08_quartz.jpg,quartz,quartz,4,4,1,0.9999816417694092
C:\Users\phuynh\Projects\robotray-main\robotray_v2\sample_outputs_v2\022862_2026_04_14_zircon_150\022865_2026_04_14_zircon.jpg,zircon,zircon,7,7,1,0.9999955892562866
C:\Users\phuynh\Projects\robotray-main\robotray_v2\sample_outputs_v2\025112_2026_04_21_tray_150\025180_2026_04_21_tray.jpg,tray,tray,6,6,1,0.9999997615814209
C:\Users\phuynh\Projects\robotray-main\robotray_v2\sample_outputs_v2\024662_2026_04_21_tray_150\024715_2026_04_21_tray.jpg,tray,tray,6,6,1,0.9999986886978149
C:\Users\phuynh\Projects\robotray-main\robotray_v2\sample_outputs_v2\020762_2026_04_08_feldspar_150\020861_2026_04_08_feldspar.jpg,feldspar,feldspar,0,0,1,0.9999189376831055
C:\Users\phuynh\Projects\robotray-main\robotray_v2\sample_outputs_v2\023462_2026_04_14_nephe_150\023610_2026_04_14_nephe.jpg,nephe,nephe,3,3,1,0.9998821020126343
C:\Users\phuynh\Projects\robotray-main\robotray_v2\sample_outputs_v2\018662_2026_04_02_monazite-bra_150\018668_2026_04_02_monazite-bra.jpg,monazite-bra,monazite-bra,2,2,1,0.9999932050704956
C:\Users\phuynh\Projects\robotray-main\robotray_v2\sample_outputs_v2\022412_2026_04_13_zircon_150\022476_2026_04_13_zircon.jpg,zircon,zircon,7,7,1,0.9999998807907104
C:\Users\phuynh\Projects\robotray-main\robotray_v2\sample_outputs_v2\019562_2026_04_03_rutile_150\019651_2026_04_03_rutile.jpg,rutile,rutile,5,5,1,0.9998326301574707
C:\Users\phuynh\Projects\robotray-main\robotray_v2\sample_outputs_v2\024812_2026_04_21_tray_150\024846_2026_04_21_tray.jpg,tray,tray,6,6,1,0.9999997615814209
C:\Users\phuynh\Projects\robotray-main\robotray_v2\sample_outputs_v2\018212_2026_04_02_monazite-bra_150\018344_2026_04_02_monazite-bra.jpg,monazite-bra,monazite-bra,2,2,1,0.9999979734420776
C:\Users\phuynh\Projects\robotray-main\robotray_v2\sample_outputs_v2\023462_2026_04_14_nephe_150\023499_2026_04_14_nephe.jpg,nephe,quartz,3,4,0,0.9278504848480225
C:\Users\phuynh\Projects\robotray-main\robotray_v2\sample_outputs_v2\020462_2026_04_07_feldspar_150\020564_2026_04_07_feldspar.jpg,feldspar,quartz,0,4,0,0.8522412180900574
C:\Users\phuynh\Projects\robotray-main\robotray_v2\sample_outputs_v2\023462_2026_04_14_nephe_150\023549_2026_04_14_nephe.jpg,nephe,nephe,3,3,1,0.9774103760719299
C:\Users\phuynh\Projects\robotray-main\robotray_v2\sample_outputs_v2\020762_2026_04_08_feldspar_150\020907_2026_04_08_feldspar.jpg,feldspar,feldspar,0,0,1,0.9986352324485779
C:\Users\phuynh\Projects\robotray-main\robotray_v2\sample_outputs_v2\017762_2026_04_01_rutile_150\017885_2026_04_01_rutile.jpg,rutile,rutile,5,5,1,0.9999146461486816
C:\Users\phuynh\Projects\robotray-main\robotray_v2\sample_outputs_v2\020912_2026_04_08_feldspar_150\021018_2026_04_08_feldspar.jpg,feldspar,feldspar,0,0,1,0.9999195337295532
C:\Users\phuynh\Projects\robotray-main\robotray_v2\sample_outputs_v2\024962_2026_04_21_tray_150\024998_2026_04_21_tray.jpg,tray,tray,6,6,1,0.9999991655349731
C:\Users\phuynh\Projects\robotray-main\robotray_v2\sample_outputs_v2\020462_2026_04_07_feldspar_150\020589_2026_04_07_feldspar.jpg,feldspar,feldspar,0,0,1,0.9999369382858276
C:\Users\phuynh\Projects\robotray-main\robotray_v2\sample_outputs_v2\019712_2026_04_03_rutile_150\019719_2026_04_03_rutile.jpg,rutile,rutile,5,5,1,0.9999959468841553
C:\Users\phuynh\Projects\robotray-main\robotray_v2\sample_outputs_v2\018812_2026_04_02_monazite-bra_150\018812_2026_04_02_monazite-bra.jpg,monazite-bra,monazite-bra,2,2,1,0.9999479055404663
C:\Users\phuynh\Projects\robotray-main\robotray_v2\sample_outputs_v2\020762_2026_04_08_feldspar_150\020806_2026_04_08_feldspar.jpg,feldspar,feldspar,0,0,1,0.9978367686271667
C:\Users\phuynh\Projects\robotray-main\robotray_v2\sample_outputs_v2\020462_2026_04_07_feldspar_150\020553_2026_04_07_feldspar.jpg,feldspar,feldspar,0,0,1,0.9990559220314026
C:\Users\phuynh\Projects\robotray-main\robotray_v2\sample_outputs_v2\023912_2026_04_15_garnet_150\023960_2026_04_15_garnet.jpg,garnet,garnet,1,1,1,1.0
C:\Users\phuynh\Projects\robotray-main\robotray_v2\sample_outputs_v2\018962_2026_04_02_monazite-bra_150\019079_2026_04_02_monazite-bra.jpg,monazite-bra,monazite-bra,2,2,1,0.9999960660934448
C:\Users\phuynh\Projects\robotray-main\robotray_v2\sample_outputs_v2\021962_2026_04_13_zircon_150\022087_2026_04_13_zircon.jpg,zircon,zircon,7,7,1,0.999992847442627
C:\Users\phuynh\Projects\robotray-main\robotray_v2\sample_outputs_v2\023012_2026_04_14_nephe_150\023091_2026_04_14_nephe.jpg,nephe,nephe,3,3,1,0.9999531507492065
C:\Users\phuynh\Projects\robotray-main\robotray_v2\sample_outputs_v2\022862_2026_04_14_zircon_150\023001_2026_04_14_zircon.jpg,zircon,zircon,7,7,1,0.9953305721282959
C:\Users\phuynh\Projects\robotray-main\robotray_v2\sample_outputs_v2\023312_2026_04_14_nephe_150\023368_2026_04_14_nephe.jpg,nephe,nephe,3,3,1,0.999996542930603
C:\Users\phuynh\Projects\robotray-main\robotray_v2\sample_outputs_v2\021812_2026_04_10_quartz_150\021916_2026_04_10_quartz.jpg,quartz,quartz,4,4,1,0.9988935589790344
C:\Users\phuynh\Projects\robotray-main\robotray_v2\sample_outputs_v2\025562_2026_04_22_tray_150\025680_2026_04_22_tray.jpg,tray,tray,6,6,1,0.9999992847442627
C:\Users\phuynh\Projects\robotray-main\robotray_v2\sample_outputs_v2\023012_2026_04_14_nephe_150\023023_2026_04_14_nephe.jpg,nephe,nephe,3,3,1,0.9998687505722046
C:\Users\phuynh\Projects\robotray-main\robotray_v2\sample_outputs_v2\020912_2026_04_08_feldspar_150\021057_2026_04_08_feldspar.jpg,feldspar,feldspar,0,0,1,0.9401335120201111
C:\Users\phuynh\Projects\robotray-main\robotray_v2\sample_outputs_v2\023912_2026_04_15_garnet_150\023920_2026_04_15_garnet.jpg,garnet,garnet,1,1,1,0.9983841180801392
C:\Users\phuynh\Projects\robotray-main\robotray_v2\sample_outputs_v2\020462_2026_04_07_feldspar_150\020556_2026_04_07_feldspar.jpg,feldspar,feldspar,0,0,1,0.9984360337257385
C:\Users\phuynh\Projects\robotray-main\robotray_v2\sample_outputs_v2\018812_2026_04_02_monazite-bra_150\018906_2026_04_02_monazite-bra.jpg,monazite-bra,monazite-bra,2,2,1,0.9999884366989136
C:\Users\phuynh\Projects\robotray-main\robotray_v2\sample_outputs_v2\018212_2026_04_02_monazite-bra_150\018290_2026_04_02_monazite-bra.jpg,monazite-bra,monazite-bra,2,2,1,0.9999969005584717
C:\Users\phuynh\Projects\robotray-main\robotray_v2\sample_outputs_v2\024512_2026_04_16_garnet_150\024563_2026_04_16_garnet.jpg,garnet,garnet,1,1,1,0.9988688826560974
C:\Users\phuynh\Projects\robotray-main\robotray_v2\sample_outputs_v2\018212_2026_04_02_monazite-bra_150\018325_2026_04_02_monazite-bra.jpg,monazite-bra,monazite-bra,2,2,1,0.4693451523780823
C:\Users\phuynh\Projects\robotray-main\robotray_v2\sample_outputs_v2\019562_2026_04_03_rutile_150\019623_2026_04_03_rutile.jpg,rutile,rutile,5,5,1,0.9997202754020691
C:\Users\phuynh\Projects\robotray-main\robotray_v2\sample_outputs_v2\020612_2026_04_07_feldspar_150\020692_2026_04_07_feldspar.jpg,feldspar,feldspar,0,0,1,0.9972206354141235
C:\Users\phuynh\Projects\robotray-main\robotray_v2\sample_outputs_v2\021812_2026_04_10_quartz_150\021844_2026_04_10_quartz.jpg,quartz,quartz,4,4,1,0.9252521395683289
C:\Users\phuynh\Projects\robotray-main\robotray_v2\sample_outputs_v2\021362_2026_04_08_quartz_150\021493_2026_04_08_quartz.jpg,quartz,quartz,4,4,1,0.8902603387832642
C:\Users\phuynh\Projects\robotray-main\robotray_v2\sample_outputs_v2\021662_2026_04_09_quartz_150\021703_2026_04_09_quartz.jpg,quartz,quartz,4,4,1,0.9996387958526611
C:\Users\phuynh\Projects\robotray-main\robotray_v2\sample_outputs_v2\018812_2026_04_02_monazite-bra_150\018912_2026_04_02_monazite-bra.jpg,monazite-bra,monazite-bra,2,2,1,0.9997950196266174
C:\Users\phuynh\Projects\robotray-main\robotray_v2\sample_outputs_v2\022412_2026_04_13_zircon_150\022437_2026_04_13_zircon.jpg,zircon,zircon,7,7,1,0.9983838796615601
C:\Users\phuynh\Projects\robotray-main\robotray_v2\sample_outputs_v2\021812_2026_04_10_quartz_150\021949_2026_04_10_quartz.jpg,quartz,quartz,4,4,1,0.960902988910675
C:\Users\phuynh\Projects\robotray-main\robotray_v2\sample_outputs_v2\020312_2026_04_07_feldspar_150\020364_2026_04_07_feldspar.jpg,feldspar,feldspar,0,0,1,0.999994158744812
C:\Users\phuynh\Projects\robotray-main\robotray_v2\sample_outputs_v2\023912_2026_04_15_garnet_150\023979_2026_04_15_garnet.jpg,garnet,garnet,1,1,1,0.9993568062782288
C:\Users\phuynh\Projects\robotray-main\robotray_v2\sample_outputs_v2\019412_2026_04_03_rutile_150\019561_2026_04_03_rutile.jpg,rutile,rutile,5,5,1,0.9992758631706238
C:\Users\phuynh\Projects\robotray-main\robotray_v2\sample_outputs_v2\024362_2026_04_16_garnet_150\024491_2026_04_16_garnet.jpg,garnet,garnet,1,1,1,0.9999783039093018
C:\Users\phuynh\Projects\robotray-main\robotray_v2\sample_outputs_v2\021212_2026_04_08_quartz_150\021293_2026_04_08_quartz.jpg,quartz,quartz,4,4,1,0.9995043277740479
C:\Users\phuynh\Projects\robotray-main\robotray_v2\sample_outputs_v2\025562_2026_04_22_tray_150\025667_2026_04_22_tray.jpg,tray,tray,6,6,1,0.9999998807907104
C:\Users\phuynh\Projects\robotray-main\robotray_v2\sample_outputs_v2\024362_2026_04_16_garnet_150\024438_2026_04_16_garnet.jpg,garnet,garnet,1,1,1,0.998997151851654
C:\Users\phuynh\Projects\robotray-main\robotray_v2\sample_outputs_v2\020762_2026_04_08_feldspar_150\020871_2026_04_08_feldspar.jpg,feldspar,feldspar,0,0,1,0.8637425303459167
C:\Users\phuynh\Projects\robotray-main\robotray_v2\sample_outputs_v2\021212_2026_04_08_quartz_150\021337_2026_04_08_quartz.jpg,quartz,quartz,4,4,1,0.9994432330131531
C:\Users\phuynh\Projects\robotray-main\robotray_v2\sample_outputs_v2\022412_2026_04_13_zircon_150\022452_2026_04_13_zircon.jpg,zircon,zircon,7,7,1,0.9999994039535522
C:\Users\phuynh\Projects\robotray-main\robotray_v2\sample_outputs_v2\019562_2026_04_03_rutile_150\019669_2026_04_03_rutile.jpg,rutile,rutile,5,5,1,0.9191055297851562
C:\Users\phuynh\Projects\robotray-main\robotray_v2\sample_outputs_v2\018962_2026_04_02_monazite-bra_150\019000_2026_04_02_monazite-bra.jpg,monazite-bra,monazite-bra,2,2,1,0.9999971389770508
C:\Users\phuynh\Projects\robotray-main\robotray_v2\sample_outputs_v2\020912_2026_04_08_feldspar_150\020948_2026_04_08_feldspar.jpg,feldspar,feldspar,0,0,1,0.9998341798782349
C:\Users\phuynh\Projects\robotray-main\robotray_v2\sample_outputs_v2\024062_2026_04_15_garnet_150\024119_2026_04_15_garnet.jpg,garnet,garnet,1,1,1,0.999829888343811
C:\Users\phuynh\Projects\robotray-main\robotray_v2\sample_outputs_v2\019112_2026_04_02_monazite-bra_150\019192_2026_04_02_monazite-bra.jpg,monazite-bra,monazite-bra,2,2,1,0.999997615814209
C:\Users\phuynh\Projects\robotray-main\robotray_v2\sample_outputs_v2\022862_2026_04_14_zircon_150\022892_2026_04_14_zircon.jpg,zircon,zircon,7,7,1,0.9999547004699707
C:\Users\phuynh\Projects\robotray-main\robotray_v2\sample_outputs_v2\024212_2026_04_15_garnet_150\024335_2026_04_15_garnet.jpg,garnet,garnet,1,1,1,0.9998807907104492
C:\Users\phuynh\Projects\robotray-main\robotray_v2\sample_outputs_v2\018662_2026_04_02_monazite-bra_150\018738_2026_04_02_monazite-bra.jpg,monazite-bra,monazite-bra,2,2,1,0.9999958276748657
C:\Users\phuynh\Projects\robotray-main\robotray_v2\sample_outputs_v2\019562_2026_04_03_rutile_150\019631_2026_04_03_rutile.jpg,rutile,rutile,5,5,1,0.9999744892120361
C:\Users\phuynh\Projects\robotray-main\robotray_v2\sample_outputs_v2\020612_2026_04_07_feldspar_150\020715_2026_04_07_feldspar.jpg,feldspar,feldspar,0,0,1,0.9995538592338562
C:\Users\phuynh\Projects\robotray-main\robotray_v2\sample_outputs_v2\023912_2026_04_15_garnet_150\023915_2026_04_15_garnet.jpg,garnet,garnet,1,1,1,0.9999905824661255
C:\Users\phuynh\Projects\robotray-main\robotray_v2\sample_outputs_v2\019112_2026_04_02_monazite-bra_150\019128_2026_04_02_monazite-bra.jpg,monazite-bra,monazite-bra,2,2,1,0.9998636245727539
C:\Users\phuynh\Projects\robotray-main\robotray_v2\sample_outputs_v2\022562_2026_04_13_zircon_150\022692_2026_04_13_zircon.jpg,zircon,zircon,7,7,1,0.9999992847442627
C:\Users\phuynh\Projects\robotray-main\robotray_v2\sample_outputs_v2\022562_2026_04_13_zircon_150\022626_2026_04_13_zircon.jpg,zircon,zircon,7,7,1,1.0
C:\Users\phuynh\Projects\robotray-main\robotray_v2\sample_outputs_v2\021212_2026_04_08_quartz_150\021262_2026_04_08_quartz.jpg,quartz,quartz,4,4,1,0.9840843081474304
C:\Users\phuynh\Projects\robotray-main\robotray_v2\sample_outputs_v2\019562_2026_04_03_rutile_150\019709_2026_04_03_rutile.jpg,rutile,rutile,5,5,1,0.9999209642410278
C:\Users\phuynh\Projects\robotray-main\robotray_v2\sample_outputs_v2\024212_2026_04_15_garnet_150\024348_2026_04_15_garnet.jpg,garnet,garnet,1,1,1,0.99983811378479
C:\Users\phuynh\Projects\robotray-main\robotray_v2\sample_outputs_v2\023462_2026_04_14_nephe_150\023582_2026_04_14_nephe.jpg,nephe,nephe,3,3,1,0.996901273727417
C:\Users\phuynh\Projects\robotray-main\robotray_v2\sample_outputs_v2\019712_2026_04_03_rutile_150\019727_2026_04_03_rutile.jpg,rutile,rutile,5,5,1,0.9998828172683716
C:\Users\phuynh\Projects\robotray-main\robotray_v2\sample_outputs_v2\019262_2026_04_03_rutile_150\019378_2026_04_03_rutile.jpg,rutile,rutile,5,5,1,0.9999359846115112
C:\Users\phuynh\Projects\robotray-main\robotray_v2\sample_outputs_v2\024662_2026_04_21_tray_150\024722_2026_04_21_tray.jpg,tray,tray,6,6,1,1.0
C:\Users\phuynh\Projects\robotray-main\robotray_v2\sample_outputs_v2\025562_2026_04_22_tray_150\025701_2026_04_22_tray.jpg,tray,tray,6,6,1,0.9999997615814209
C:\Users\phuynh\Projects\robotray-main\robotray_v2\sample_outputs_v2\021962_2026_04_13_zircon_150\022061_2026_04_13_zircon.jpg,zircon,zircon,7,7,1,0.9999998807907104
C:\Users\phuynh\Projects\robotray-main\robotray_v2\sample_outputs_v2\024212_2026_04_15_garnet_150\024215_2026_04_15_garnet.jpg,garnet,garnet,1,1,1,0.9998528957366943
C:\Users\phuynh\Projects\robotray-main\robotray_v2\sample_outputs_v2\018812_2026_04_02_monazite-bra_150\018937_2026_04_02_monazite-bra.jpg,monazite-bra,monazite-bra,2,2,1,0.9998832941055298
C:\Users\phuynh\Projects\robotray-main\robotray_v2\sample_outputs_v2\022562_2026_04_13_zircon_150\022638_2026_04_13_zircon.jpg,zircon,zircon,7,7,1,0.9999972581863403
C:\Users\phuynh\Projects\robotray-main\robotray_v2\sample_outputs_v2\019562_2026_04_03_rutile_150\019675_2026_04_03_rutile.jpg,rutile,rutile,5,5,1,0.9994878768920898
C:\Users\phuynh\Projects\robotray-main\robotray_v2\sample_outputs_v2\022712_2026_04_13_zircon_150\022727_2026_04_13_zircon.jpg,zircon,zircon,7,7,1,0.999977707862854
C:\Users\phuynh\Projects\robotray-main\robotray_v2\sample_outputs_v2\018662_2026_04_02_monazite-bra_150\018789_2026_04_02_monazite-bra.jpg,monazite-bra,monazite-bra,2,2,1,0.9999974966049194
C:\Users\phuynh\Projects\robotray-main\robotray_v2\sample_outputs_v2\018962_2026_04_02_monazite-bra_150\018995_2026_04_02_monazite-bra.jpg,monazite-bra,monazite-bra,2,2,1,0.9999942779541016
C:\Users\phuynh\Projects\robotray-main\robotray_v2\sample_outputs_v2\023312_2026_04_14_nephe_150\023345_2026_04_14_nephe.jpg,nephe,nephe,3,3,1,0.9969943761825562
C:\Users\phuynh\Projects\robotray-main\robotray_v2\sample_outputs_v2\018812_2026_04_02_monazite-bra_150\018874_2026_04_02_monazite-bra.jpg,monazite-bra,monazite-bra,2,2,1,0.9999682903289795
C:\Users\phuynh\Projects\robotray-main\robotray_v2\sample_outputs_v2\021812_2026_04_10_quartz_150\021825_2026_04_10_quartz.jpg,quartz,quartz,4,4,1,0.9999164342880249
C:\Users\phuynh\Projects\robotray-main\robotray_v2\sample_outputs_v2\019562_2026_04_03_rutile_150\019604_2026_04_03_rutile.jpg,rutile,rutile,5,5,1,0.9998655319213867
C:\Users\phuynh\Projects\robotray-main\robotray_v2\sample_outputs_v2\024212_2026_04_15_garnet_150\024356_2026_04_15_garnet.jpg,garnet,garnet,1,1,1,0.9999953508377075
C:\Users\phuynh\Projects\robotray-main\robotray_v2\sample_outputs_v2\018662_2026_04_02_monazite-bra_150\018671_2026_04_02_monazite-bra.jpg,monazite-bra,monazite-bra,2,2,1,0.9999973773956299
C:\Users\phuynh\Projects\robotray-main\robotray_v2\sample_outputs_v2\018812_2026_04_02_monazite-bra_150\018829_2026_04_02_monazite-bra.jpg,monazite-bra,monazite-bra,2,2,1,0.9999735355377197
C:\Users\phuynh\Projects\robotray-main\robotray_v2\sample_outputs_v2\024812_2026_04_21_tray_150\024872_2026_04_21_tray.jpg,tray,tray,6,6,1,0.9999986886978149
C:\Users\phuynh\Projects\robotray-main\robotray_v2\sample_outputs_v2\018212_2026_04_02_monazite-bra_150\018251_2026_04_02_monazite-bra.jpg,monazite-bra,monazite-bra,2,2,1,0.9999915361404419
C:\Users\phuynh\Projects\robotray-main\robotray_v2\sample_outputs_v2\023462_2026_04_14_nephe_150\023583_2026_04_14_nephe.jpg,nephe,nephe,3,3,1,0.8764982223510742
C:\Users\phuynh\Projects\robotray-main\robotray_v2\sample_outputs_v2\024212_2026_04_15_garnet_150\024242_2026_04_15_garnet.jpg,garnet,garnet,1,1,1,0.9999995231628418
C:\Users\phuynh\Projects\robotray-main\robotray_v2\sample_outputs_v2\019412_2026_04_03_rutile_150\019463_2026_04_03_rutile.jpg,rutile,rutile,5,5,1,0.9996380805969238
C:\Users\phuynh\Projects\robotray-main\robotray_v2\sample_outputs_v2\019412_2026_04_03_rutile_150\019538_2026_04_03_rutile.jpg,rutile,rutile,5,5,1,0.9997275471687317
C:\Users\phuynh\Projects\robotray-main\robotray_v2\sample_outputs_v2\025112_2026_04_21_tray_150\025234_2026_04_21_tray.jpg,tray,tray,6,6,1,0.9999996423721313
C:\Users\phuynh\Projects\robotray-main\robotray_v2\sample_outputs_v2\025112_2026_04_21_tray_150\025144_2026_04_21_tray.jpg,tray,tray,6,6,1,0.9999979734420776
C:\Users\phuynh\Projects\robotray-main\robotray_v2\sample_outputs_v2\022562_2026_04_13_zircon_150\022631_2026_04_13_zircon.jpg,zircon,zircon,7,7,1,1.0
C:\Users\phuynh\Projects\robotray-main\robotray_v2\sample_outputs_v2\024662_2026_04_21_tray_150\024664_2026_04_21_tray.jpg,tray,tray,6,6,1,0.9999949932098389
C:\Users\phuynh\Projects\robotray-main\robotray_v2\sample_outputs_v2\018662_2026_04_02_monazite-bra_150\018734_2026_04_02_monazite-bra.jpg,monazite-bra,monazite-bra,2,2,1,0.9999923706054688
C:\Users\phuynh\Projects\robotray-main\robotray_v2\sample_outputs_v2\024062_2026_04_15_garnet_150\024128_2026_04_15_garnet.jpg,garnet,garnet,1,1,1,0.998907208442688
C:\Users\phuynh\Projects\robotray-main\robotray_v2\sample_outputs_v2\021062_2026_04_08_quartz_150\021126_2026_04_08_quartz.jpg,quartz,quartz,4,4,1,0.9907497763633728
C:\Users\phuynh\Projects\robotray-main\robotray_v2\sample_outputs_v2\018962_2026_04_02_monazite-bra_150\019091_2026_04_02_monazite-bra.jpg,monazite-bra,monazite-bra,2,2,1,0.999997615814209
C:\Users\phuynh\Projects\robotray-main\robotray_v2\sample_outputs_v2\022562_2026_04_13_zircon_150\022668_2026_04_13_zircon.jpg,zircon,zircon,7,7,1,0.9996325969696045
C:\Users\phuynh\Projects\robotray-main\robotray_v2\sample_outputs_v2\018812_2026_04_02_monazite-bra_150\018876_2026_04_02_monazite-bra.jpg,monazite-bra,monazite-bra,2,2,1,0.9999644756317139
C:\Users\phuynh\Projects\robotray-main\robotray_v2\sample_outputs_v2\024812_2026_04_21_tray_150\024953_2026_04_21_tray.jpg,tray,tray,6,6,1,0.9999995231628418
C:\Users\phuynh\Projects\robotray-main\robotray_v2\sample_outputs_v2\018662_2026_04_02_monazite-bra_150\018778_2026_04_02_monazite-bra.jpg,monazite-bra,monazite-bra,2,2,1,0.9999966621398926
C:\Users\phuynh\Projects\robotray-main\robotray_v2\sample_outputs_v2\021062_2026_04_08_quartz_150\021087_2026_04_08_quartz.jpg,quartz,quartz,4,4,1,0.994210958480835
C:\Users\phuynh\Projects\robotray-main\robotray_v2\sample_outputs_v2\023012_2026_04_14_nephe_150\023095_2026_04_14_nephe.jpg,nephe,nephe,3,3,1,0.999941349029541
C:\Users\phuynh\Projects\robotray-main\robotray_v2\sample_outputs_v2\019112_2026_04_02_monazite-bra_150\019178_2026_04_02_monazite-bra.jpg,monazite-bra,monazite-bra,2,2,1,0.9999945163726807
C:\Users\phuynh\Projects\robotray-main\robotray_v2\sample_outputs_v2\020312_2026_04_07_feldspar_150\020383_2026_04_07_feldspar.jpg,feldspar,feldspar,0,0,1,0.9999644756317139
C:\Users\phuynh\Projects\robotray-main\robotray_v2\sample_outputs_v2\020762_2026_04_08_feldspar_150\020835_2026_04_08_feldspar.jpg,feldspar,feldspar,0,0,1,0.9480734467506409
C:\Users\phuynh\Projects\robotray-main\robotray_v2\sample_outputs_v2\024962_2026_04_21_tray_150\025048_2026_04_21_tray.jpg,tray,tray,6,6,1,0.9999998807907104
C:\Users\phuynh\Projects\robotray-main\robotray_v2\sample_outputs_v2\020612_2026_04_07_feldspar_150\020727_2026_04_07_feldspar.jpg,feldspar,feldspar,0,0,1,0.9993928670883179
C:\Users\phuynh\Projects\robotray-main\robotray_v2\sample_outputs_v2\019112_2026_04_02_monazite-bra_150\019146_2026_04_02_monazite-bra.jpg,monazite-bra,monazite-bra,2,2,1,0.9999396800994873
C:\Users\phuynh\Projects\robotray-main\robotray_v2\sample_outputs_v2\019262_2026_04_03_rutile_150\019268_2026_04_03_rutile.jpg,rutile,rutile,5,5,1,0.9995248317718506
C:\Users\phuynh\Projects\robotray-main\robotray_v2\sample_outputs_v2\020462_2026_04_07_feldspar_150\020601_2026_04_07_feldspar.jpg,feldspar,quartz,0,4,0,0.8786365985870361
C:\Users\phuynh\Projects\robotray-main\robotray_v2\sample_outputs_v2\019412_2026_04_03_rutile_150\019412_2026_04_03_rutile.jpg,rutile,rutile,5,5,1,0.9999533891677856
C:\Users\phuynh\Projects\robotray-main\robotray_v2\sample_outputs_v2\024962_2026_04_21_tray_150\025010_2026_04_21_tray.jpg,tray,tray,6,6,1,0.999998927116394
C:\Users\phuynh\Projects\robotray-main\robotray_v2\sample_outputs_v2\024962_2026_04_21_tray_150\025063_2026_04_21_tray.jpg,tray,tray,6,6,1,0.9999990463256836
C:\Users\phuynh\Projects\robotray-main\robotray_v2\sample_outputs_v2\019262_2026_04_03_rutile_150\019265_2026_04_03_rutile.jpg,rutile,rutile,5,5,1,0.9999957084655762
C:\Users\phuynh\Projects\robotray-main\robotray_v2\sample_outputs_v2\018962_2026_04_02_monazite-bra_150\019049_2026_04_02_monazite-bra.jpg,monazite-bra,monazite-bra,2,2,1,0.999991774559021
C:\Users\phuynh\Projects\robotray-main\robotray_v2\sample_outputs_v2\025112_2026_04_21_tray_150\025132_2026_04_21_tray.jpg,tray,tray,6,6,1,0.9999996423721313
C:\Users\phuynh\Projects\robotray-main\robotray_v2\sample_outputs_v2\024062_2026_04_15_garnet_150\024201_2026_04_15_garnet.jpg,garnet,garnet,1,1,1,0.999966025352478
C:\Users\phuynh\Projects\robotray-main\robotray_v2\sample_outputs_v2\021962_2026_04_13_zircon_150\021980_2026_04_13_zircon.jpg,zircon,zircon,7,7,1,0.9999281167984009
C:\Users\phuynh\Projects\robotray-main\robotray_v2\sample_outputs_v2\022562_2026_04_13_zircon_150\022710_2026_04_13_zircon.jpg,zircon,zircon,7,7,1,0.9999899864196777
C:\Users\phuynh\Projects\robotray-main\robotray_v2\sample_outputs_v2\022862_2026_04_14_zircon_150\022931_2026_04_14_zircon.jpg,zircon,zircon,7,7,1,0.9995197057723999
C:\Users\phuynh\Projects\robotray-main\robotray_v2\sample_outputs_v2\020312_2026_04_07_feldspar_150\020316_2026_04_07_feldspar.jpg,feldspar,feldspar,0,0,1,0.9960072636604309
C:\Users\phuynh\Projects\robotray-main\robotray_v2\sample_outputs_v2\020762_2026_04_08_feldspar_150\020868_2026_04_08_feldspar.jpg,feldspar,feldspar,0,0,1,0.9787561893463135
C:\Users\phuynh\Projects\robotray-main\robotray_v2\sample_outputs_v2\021212_2026_04_08_quartz_150\021344_2026_04_08_quartz.jpg,quartz,quartz,4,4,1,0.9958356618881226
C:\Users\phuynh\Projects\robotray-main\robotray_v2\sample_outputs_v2\021362_2026_04_08_quartz_150\021503_2026_04_08_quartz.jpg,quartz,quartz,4,4,1,0.9658912420272827
C:\Users\phuynh\Projects\robotray-main\robotray_v2\sample_outputs_v2\024512_2026_04_16_garnet_150\024609_2026_04_16_garnet.jpg,garnet,garnet,1,1,1,0.9999657869338989
C:\Users\phuynh\Projects\robotray-main\robotray_v2\sample_outputs_v2\025112_2026_04_21_tray_150\025255_2026_04_21_tray.jpg,tray,tray,6,6,1,0.9999998807907104
C:\Users\phuynh\Projects\robotray-main\robotray_v2\sample_outputs_v2\021362_2026_04_08_quartz_150\021381_2026_04_08_quartz.jpg,quartz,nephe,4,3,0,0.6345992088317871
C:\Users\phuynh\Projects\robotray-main\robotray_v2\sample_outputs_v2\020462_2026_04_07_feldspar_150\020499_2026_04_07_feldspar.jpg,feldspar,feldspar,0,0,1,0.9999872446060181
C:\Users\phuynh\Projects\robotray-main\robotray_v2\sample_outputs_v2\020312_2026_04_07_feldspar_150\020370_2026_04_07_feldspar.jpg,feldspar,feldspar,0,0,1,0.999300479888916
C:\Users\phuynh\Projects\robotray-main\robotray_v2\sample_outputs_v2\021812_2026_04_10_quartz_150\021908_2026_04_10_quartz.jpg,quartz,quartz,4,4,1,0.9947119951248169
C:\Users\phuynh\Projects\robotray-main\robotray_v2\sample_outputs_v2\021362_2026_04_08_quartz_150\021441_2026_04_08_quartz.jpg,quartz,quartz,4,4,1,0.9984764456748962
C:\Users\phuynh\Projects\robotray-main\robotray_v2\sample_outputs_v2\021212_2026_04_08_quartz_150\021336_2026_04_08_quartz.jpg,quartz,quartz,4,4,1,0.5711681842803955
C:\Users\phuynh\Projects\robotray-main\robotray_v2\sample_outputs_v2\024812_2026_04_21_tray_150\024881_2026_04_21_tray.jpg,tray,tray,6,6,1,0.9999994039535522
C:\Users\phuynh\Projects\robotray-main\robotray_v2\sample_outputs_v2\024662_2026_04_21_tray_150\024718_2026_04_21_tray.jpg,tray,tray,6,6,1,0.9999998807907104
C:\Users\phuynh\Projects\robotray-main\robotray_v2\sample_outputs_v2\018812_2026_04_02_monazite-bra_150\018959_2026_04_02_monazite-bra.jpg,monazite-bra,monazite-bra,2,2,1,0.9999911785125732
C:\Users\phuynh\Projects\robotray-main\robotray_v2\sample_outputs_v2\021662_2026_04_09_quartz_150\021769_2026_04_09_quartz.jpg,quartz,quartz,4,4,1,0.834743857383728
C:\Users\phuynh\Projects\robotray-main\robotray_v2\sample_outputs_v2\021212_2026_04_08_quartz_150\021240_2026_04_08_quartz.jpg,quartz,quartz,4,4,1,0.9999598264694214
C:\Users\phuynh\Projects\robotray-main\robotray_v2\sample_outputs_v2\019112_2026_04_02_monazite-bra_150\019255_2026_04_02_monazite-bra.jpg,monazite-bra,monazite-bra,2,2,1,0.9999475479125977
C:\Users\phuynh\Projects\robotray-main\robotray_v2\sample_outputs_v2\021362_2026_04_08_quartz_150\021404_2026_04_08_quartz.jpg,quartz,quartz,4,4,1,0.9961264729499817
C:\Users\phuynh\Projects\robotray-main\robotray_v2\sample_outputs_v2\020462_2026_04_07_feldspar_150\020586_2026_04_07_feldspar.jpg,feldspar,feldspar,0,0,1,0.990916907787323
C:\Users\phuynh\Projects\robotray-main\robotray_v2\sample_outputs_v2\021362_2026_04_08_quartz_150\021468_2026_04_08_quartz.jpg,quartz,quartz,4,4,1,0.9932235479354858
C:\Users\phuynh\Projects\robotray-main\robotray_v2\sample_outputs_v2\021962_2026_04_13_zircon_150\022058_2026_04_13_zircon.jpg,zircon,zircon,7,7,1,0.9999885559082031
C:\Users\phuynh\Projects\robotray-main\robotray_v2\sample_outputs_v2\020912_2026_04_08_feldspar_150\020989_2026_04_08_feldspar.jpg,feldspar,feldspar,0,0,1,0.9993237257003784
C:\Users\phuynh\Projects\robotray-main\robotray_v2\sample_outputs_v2\019562_2026_04_03_rutile_150\019634_2026_04_03_rutile.jpg,rutile,rutile,5,5,1,0.9998084902763367
C:\Users\phuynh\Projects\robotray-main\robotray_v2\sample_outputs_v2\023012_2026_04_14_nephe_150\023078_2026_04_14_nephe.jpg,nephe,nephe,3,3,1,0.9989120960235596
C:\Users\phuynh\Projects\robotray-main\robotray_v2\sample_outputs_v2\019112_2026_04_02_monazite-bra_150\019222_2026_04_02_monazite-bra.jpg,monazite-bra,monazite-bra,2,2,1,0.9999902248382568
C:\Users\phuynh\Projects\robotray-main\robotray_v2\sample_outputs_v2\019112_2026_04_02_monazite-bra_150\019234_2026_04_02_monazite-bra.jpg,monazite-bra,monazite-bra,2,2,1,0.9999831914901733
C:\Users\phuynh\Projects\robotray-main\robotray_v2\sample_outputs_v2\021662_2026_04_09_quartz_150\021758_2026_04_09_quartz.jpg,quartz,quartz,4,4,1,0.998896598815918
C:\Users\phuynh\Projects\robotray-main\robotray_v2\sample_outputs_v2\024062_2026_04_15_garnet_150\024078_2026_04_15_garnet.jpg,garnet,garnet,1,1,1,0.9999721050262451
C:\Users\phuynh\Projects\robotray-main\robotray_v2\sample_outputs_v2\022412_2026_04_13_zircon_150\022455_2026_04_13_zircon.jpg,zircon,zircon,7,7,1,0.9999997615814209
C:\Users\phuynh\Projects\robotray-main\robotray_v2\sample_outputs_v2\023012_2026_04_14_nephe_150\023018_2026_04_14_nephe.jpg,nephe,nephe,3,3,1,0.9928962588310242
C:\Users\phuynh\Projects\robotray-main\robotray_v2\sample_outputs_v2\024362_2026_04_16_garnet_150\024433_2026_04_16_garnet.jpg,garnet,garnet,1,1,1,0.9998530149459839
C:\Users\phuynh\Projects\robotray-main\robotray_v2\sample_outputs_v2\024662_2026_04_21_tray_150\024781_2026_04_21_tray.jpg,tray,tray,6,6,1,0.9999996423721313
C:\Users\phuynh\Projects\robotray-main\robotray_v2\sample_outputs_v2\018812_2026_04_02_monazite-bra_150\018941_2026_04_02_monazite-bra.jpg,monazite-bra,monazite-bra,2,2,1,0.999990701675415
C:\Users\phuynh\Projects\robotray-main\robotray_v2\sample_outputs_v2\020912_2026_04_08_feldspar_150\020915_2026_04_08_feldspar.jpg,feldspar,feldspar,0,0,1,0.999703586101532
C:\Users\phuynh\Projects\robotray-main\robotray_v2\sample_outputs_v2\020912_2026_04_08_feldspar_150\021061_2026_04_08_feldspar.jpg,feldspar,feldspar,0,0,1,0.9706948399543762
C:\Users\phuynh\Projects\robotray-main\robotray_v2\sample_outputs_v2\019262_2026_04_03_rutile_150\019346_2026_04_03_rutile.jpg,rutile,rutile,5,5,1,0.9992637038230896
C:\Users\phuynh\Projects\robotray-main\robotray_v2\sample_outputs_v2\025562_2026_04_22_tray_150\025605_2026_04_22_tray.jpg,tray,tray,6,6,1,0.999998927116394
C:\Users\phuynh\Projects\robotray-main\robotray_v2\sample_outputs_v2\022562_2026_04_13_zircon_150\022653_2026_04_13_zircon.jpg,zircon,zircon,7,7,1,0.8861015439033508
C:\Users\phuynh\Projects\robotray-main\robotray_v2\sample_outputs_v2\024062_2026_04_15_garnet_150\024141_2026_04_15_garnet.jpg,garnet,garnet,1,1,1,0.9999922513961792
C:\Users\phuynh\Projects\robotray-main\robotray_v2\sample_outputs_v2\024362_2026_04_16_garnet_150\024431_2026_04_16_garnet.jpg,garnet,garnet,1,1,1,0.9999995231628418
C:\Users\phuynh\Projects\robotray-main\robotray_v2\sample_outputs_v2\019562_2026_04_03_rutile_150\019707_2026_04_03_rutile.jpg,rutile,rutile,5,5,1,0.9998086094856262
C:\Users\phuynh\Projects\robotray-main\robotray_v2\sample_outputs_v2\025112_2026_04_21_tray_150\025194_2026_04_21_tray.jpg,tray,tray,6,6,1,0.9999986886978149
C:\Users\phuynh\Projects\robotray-main\robotray_v2\sample_outputs_v2\025112_2026_04_21_tray_150\025238_2026_04_21_tray.jpg,tray,tray,6,6,1,0.9999998807907104
C:\Users\phuynh\Projects\robotray-main\robotray_v2\sample_outputs_v2\021362_2026_04_08_quartz_150\021374_2026_04_08_quartz.jpg,quartz,quartz,4,4,1,0.5075451135635376
C:\Users\phuynh\Projects\robotray-main\robotray_v2\sample_outputs_v2\023612_2026_04_15_nephe_150\023755_2026_04_15_nephe.jpg,nephe,nephe,3,3,1,0.9997085928916931
C:\Users\phuynh\Projects\robotray-main\robotray_v2\sample_outputs_v2\019562_2026_04_03_rutile_150\019704_2026_04_03_rutile.jpg,rutile,rutile,5,5,1,0.9999251365661621
C:\Users\phuynh\Projects\robotray-main\robotray_v2\sample_outputs_v2\024212_2026_04_15_garnet_150\024299_2026_04_15_garnet.jpg,garnet,garnet,1,1,1,0.999998927116394
C:\Users\phuynh\Projects\robotray-main\robotray_v2\sample_outputs_v2\023912_2026_04_15_garnet_150\024015_2026_04_15_garnet.jpg,garnet,garnet,1,1,1,0.9999808073043823
C:\Users\phuynh\Projects\robotray-main\robotray_v2\sample_outputs_v2\022712_2026_04_13_zircon_150\022839_2026_04_13_zircon.jpg,zircon,zircon,7,7,1,0.9999997615814209
C:\Users\phuynh\Projects\robotray-main\robotray_v2\sample_outputs_v2\020912_2026_04_08_feldspar_150\021006_2026_04_08_feldspar.jpg,feldspar,feldspar,0,0,1,0.9905328750610352
C:\Users\phuynh\Projects\robotray-main\robotray_v2\sample_outputs_v2\019712_2026_04_03_rutile_150\019717_2026_04_03_rutile.jpg,rutile,rutile,5,5,1,0.9999860525131226
C:\Users\phuynh\Projects\robotray-main\robotray_v2\sample_outputs_v2\023012_2026_04_14_nephe_150\023161_2026_04_14_nephe.jpg,nephe,nephe,3,3,1,0.9878376722335815
C:\Users\phuynh\Projects\robotray-main\robotray_v2\sample_outputs_v2\022712_2026_04_13_zircon_150\022755_2026_04_13_zircon.jpg,zircon,zircon,7,7,1,1.0
C:\Users\phuynh\Projects\robotray-main\robotray_v2\sample_outputs_v2\024962_2026_04_21_tray_150\025031_2026_04_21_tray.jpg,tray,tray,6,6,1,0.9999978542327881
C:\Users\phuynh\Projects\robotray-main\robotray_v2\sample_outputs_v2\023912_2026_04_15_garnet_150\024033_2026_04_15_garnet.jpg,garnet,garnet,1,1,1,0.9997760653495789
C:\Users\phuynh\Projects\robotray-main\robotray_v2\sample_outputs_v2\021362_2026_04_08_quartz_150\021422_2026_04_08_quartz.jpg,quartz,quartz,4,4,1,0.9840908646583557
C:\Users\phuynh\Projects\robotray-main\robotray_v2\sample_outputs_v2\024362_2026_04_16_garnet_150\024439_2026_04_16_garnet.jpg,garnet,nephe,1,3,0,0.7725939750671387
C:\Users\phuynh\Projects\robotray-main\robotray_v2\sample_outputs_v2\019412_2026_04_03_rutile_150\019539_2026_04_03_rutile.jpg,rutile,rutile,5,5,1,0.9999923706054688
C:\Users\phuynh\Projects\robotray-main\robotray_v2\sample_outputs_v2\021962_2026_04_13_zircon_150\022090_2026_04_13_zircon.jpg,zircon,zircon,7,7,1,0.9999274015426636
C:\Users\phuynh\Projects\robotray-main\robotray_v2\sample_outputs_v2\023912_2026_04_15_garnet_150\023987_2026_04_15_garnet.jpg,garnet,garnet,1,1,1,0.9999220371246338
C:\Users\phuynh\Projects\robotray-main\robotray_v2\sample_outputs_v2\022412_2026_04_13_zircon_150\022496_2026_04_13_zircon.jpg,zircon,zircon,7,7,1,0.9945868253707886
C:\Users\phuynh\Projects\robotray-main\robotray_v2\sample_outputs_v2\020762_2026_04_08_feldspar_150\020825_2026_04_08_feldspar.jpg,feldspar,feldspar,0,0,1,0.9999539852142334
C:\Users\phuynh\Projects\robotray-main\robotray_v2\sample_outputs_v2\019112_2026_04_02_monazite-bra_150\019237_2026_04_02_monazite-bra.jpg,monazite-bra,monazite-bra,2,2,1,0.9999889135360718
C:\Users\phuynh\Projects\robotray-main\robotray_v2\sample_outputs_v2\023312_2026_04_14_nephe_150\023375_2026_04_14_nephe.jpg,nephe,nephe,3,3,1,0.8827654123306274
C:\Users\phuynh\Projects\robotray-main\robotray_v2\sample_outputs_v2\020912_2026_04_08_feldspar_150\021046_2026_04_08_feldspar.jpg,feldspar,feldspar,0,0,1,0.9979054927825928
C:\Users\phuynh\Projects\robotray-main\robotray_v2\sample_outputs_v2\023612_2026_04_15_nephe_150\023738_2026_04_15_nephe.jpg,nephe,nephe,3,3,1,0.999749481678009
C:\Users\phuynh\Projects\robotray-main\robotray_v2\sample_outputs_v2\020762_2026_04_08_feldspar_150\020875_2026_04_08_feldspar.jpg,feldspar,feldspar,0,0,1,0.9999330043792725
C:\Users\phuynh\Projects\robotray-main\robotray_v2\sample_outputs_v2\021212_2026_04_08_quartz_150\021264_2026_04_08_quartz.jpg,quartz,quartz,4,4,1,0.9999445676803589
C:\Users\phuynh\Projects\robotray-main\robotray_v2\sample_outputs_v2\022862_2026_04_14_zircon_150\022967_2026_04_14_zircon.jpg,zircon,zircon,7,7,1,0.9999998807907104
C:\Users\phuynh\Projects\robotray-main\robotray_v2\sample_outputs_v2\023912_2026_04_15_garnet_150\023940_2026_04_15_garnet.jpg,garnet,garnet,1,1,1,0.9997904896736145
C:\Users\phuynh\Projects\robotray-main\robotray_v2\sample_outputs_v2\021962_2026_04_13_zircon_150\022108_2026_04_13_zircon.jpg,zircon,zircon,7,7,1,0.9999741315841675
C:\Users\phuynh\Projects\robotray-main\robotray_v2\sample_outputs_v2\023912_2026_04_15_garnet_150\024050_2026_04_15_garnet.jpg,garnet,garnet,1,1,1,0.9999701976776123
C:\Users\phuynh\Projects\robotray-main\robotray_v2\sample_outputs_v2\019262_2026_04_03_rutile_150\019282_2026_04_03_rutile.jpg,rutile,rutile,5,5,1,0.9999858140945435
C:\Users\phuynh\Projects\robotray-main\robotray_v2\sample_outputs_v2\017762_2026_04_01_rutile_150\017820_2026_04_01_rutile.jpg,rutile,rutile,5,5,1,0.9981681108474731
C:\Users\phuynh\Projects\robotray-main\robotray_v2\sample_outputs_v2\023612_2026_04_15_nephe_150\023620_2026_04_15_nephe.jpg,nephe,nephe,3,3,1,0.9961349964141846
C:\Users\phuynh\Projects\robotray-main\robotray_v2\sample_outputs_v2\021212_2026_04_08_quartz_150\021280_2026_04_08_quartz.jpg,quartz,quartz,4,4,1,0.9185989499092102
C:\Users\phuynh\Projects\robotray-main\robotray_v2\sample_outputs_v2\020612_2026_04_07_feldspar_150\020711_2026_04_07_feldspar.jpg,feldspar,feldspar,0,0,1,0.9314355254173279
C:\Users\phuynh\Projects\robotray-main\robotray_v2\sample_outputs_v2\022712_2026_04_13_zircon_150\022717_2026_04_13_zircon.jpg,zircon,zircon,7,7,1,0.9999998807907104
C:\Users\phuynh\Projects\robotray-main\robotray_v2\sample_outputs_v2\020762_2026_04_08_feldspar_150\020807_2026_04_08_feldspar.jpg,feldspar,feldspar,0,0,1,0.9999572038650513
C:\Users\phuynh\Projects\robotray-main\robotray_v2\sample_outputs_v2\023462_2026_04_14_nephe_150\023543_2026_04_14_nephe.jpg,nephe,nephe,3,3,1,0.9995540976524353
C:\Users\phuynh\Projects\robotray-main\robotray_v2\sample_outputs_v2\024212_2026_04_15_garnet_150\024302_2026_04_15_garnet.jpg,garnet,garnet,1,1,1,0.9989688396453857
C:\Users\phuynh\Projects\robotray-main\robotray_v2\sample_outputs_v2\025562_2026_04_22_tray_150\025711_2026_04_22_tray.jpg,tray,tray,6,6,1,0.9999920129776001
C:\Users\phuynh\Projects\robotray-main\robotray_v2\sample_outputs_v2\025112_2026_04_21_tray_150\025253_2026_04_21_tray.jpg,tray,tray,6,6,1,0.9999998807907104
C:\Users\phuynh\Projects\robotray-main\robotray_v2\sample_outputs_v2\019262_2026_04_03_rutile_150\019298_2026_04_03_rutile.jpg,rutile,rutile,5,5,1,0.9999536275863647
C:\Users\phuynh\Projects\robotray-main\robotray_v2\sample_outputs_v2\022412_2026_04_13_zircon_150\022412_2026_04_13_zircon.jpg,zircon,zircon,7,7,1,0.9993337988853455
C:\Users\phuynh\Projects\robotray-main\robotray_v2\sample_outputs_v2\022862_2026_04_14_zircon_150\022964_2026_04_14_zircon.jpg,zircon,zircon,7,7,1,0.9999958276748657
C:\Users\phuynh\Projects\robotray-main\robotray_v2\sample_outputs_v2\021962_2026_04_13_zircon_150\021965_2026_04_13_zircon.jpg,zircon,zircon,7,7,1,0.999998927116394
C:\Users\phuynh\Projects\robotray-main\robotray_v2\sample_outputs_v2\020312_2026_04_07_feldspar_150\020450_2026_04_07_feldspar.jpg,feldspar,feldspar,0,0,1,0.9999268054962158
C:\Users\phuynh\Projects\robotray-main\robotray_v2\sample_outputs_v2\021062_2026_04_08_quartz_150\021134_2026_04_08_quartz.jpg,quartz,quartz,4,4,1,0.9990829229354858
C:\Users\phuynh\Projects\robotray-main\robotray_v2\sample_outputs_v2\020762_2026_04_08_feldspar_150\020892_2026_04_08_feldspar.jpg,feldspar,feldspar,0,0,1,0.9992966651916504
C:\Users\phuynh\Projects\robotray-main\robotray_v2\sample_outputs_v2\021062_2026_04_08_quartz_150\021150_2026_04_08_quartz.jpg,quartz,quartz,4,4,1,0.5535667538642883
C:\Users\phuynh\Projects\robotray-main\robotray_v2\sample_outputs_v2\023012_2026_04_14_nephe_150\023096_2026_04_14_nephe.jpg,nephe,nephe,3,3,1,0.996504545211792
C:\Users\phuynh\Projects\robotray-main\robotray_v2\sample_outputs_v2\018812_2026_04_02_monazite-bra_150\018905_2026_04_02_monazite-bra.jpg,monazite-bra,monazite-bra,2,2,1,0.999990701675415
C:\Users\phuynh\Projects\robotray-main\robotray_v2\sample_outputs_v2\019712_2026_04_03_rutile_150\019785_2026_04_03_rutile.jpg,rutile,rutile,5,5,1,0.9998395442962646
C:\Users\phuynh\Projects\robotray-main\robotray_v2\sample_outputs_v2\018212_2026_04_02_monazite-bra_150\018233_2026_04_02_monazite-bra.jpg,monazite-bra,monazite-bra,2,2,1,0.9999963045120239
C:\Users\phuynh\Projects\robotray-main\robotray_v2\sample_outputs_v2\024962_2026_04_21_tray_150\025054_2026_04_21_tray.jpg,tray,tray,6,6,1,0.9999996423721313
C:\Users\phuynh\Projects\robotray-main\robotray_v2\sample_outputs_v2\020912_2026_04_08_feldspar_150\021013_2026_04_08_feldspar.jpg,feldspar,feldspar,0,0,1,0.9998016953468323
C:\Users\phuynh\Projects\robotray-main\robotray_v2\sample_outputs_v2\021962_2026_04_13_zircon_150\022011_2026_04_13_zircon.jpg,zircon,zircon,7,7,1,0.9999923706054688
C:\Users\phuynh\Projects\robotray-main\robotray_v2\sample_outputs_v2\023312_2026_04_14_nephe_150\023425_2026_04_14_nephe.jpg,nephe,nephe,3,3,1,0.9994720816612244
C:\Users\phuynh\Projects\robotray-main\robotray_v2\sample_outputs_v2\021962_2026_04_13_zircon_150\022075_2026_04_13_zircon.jpg,zircon,zircon,7,7,1,0.9999997615814209
C:\Users\phuynh\Projects\robotray-main\robotray_v2\sample_outputs_v2\021662_2026_04_09_quartz_150\021809_2026_04_09_quartz.jpg,quartz,quartz,4,4,1,0.9337807297706604
C:\Users\phuynh\Projects\robotray-main\robotray_v2\sample_outputs_v2\020912_2026_04_08_feldspar_150\020974_2026_04_08_feldspar.jpg,feldspar,feldspar,0,0,1,0.9995694756507874
C:\Users\phuynh\Projects\robotray-main\robotray_v2\sample_outputs_v2\023612_2026_04_15_nephe_150\023674_2026_04_15_nephe.jpg,nephe,nephe,3,3,1,0.9997066855430603
C:\Users\phuynh\Projects\robotray-main\robotray_v2\sample_outputs_v2\020312_2026_04_07_feldspar_150\020433_2026_04_07_feldspar.jpg,feldspar,feldspar,0,0,1,0.9904825687408447
C:\Users\phuynh\Projects\robotray-main\robotray_v2\sample_outputs_v2\024962_2026_04_21_tray_150\024980_2026_04_21_tray.jpg,tray,tray,6,6,1,0.9999985694885254
C:\Users\phuynh\Projects\robotray-main\robotray_v2\sample_outputs_v2\021212_2026_04_08_quartz_150\021329_2026_04_08_quartz.jpg,quartz,nephe,4,3,0,0.6053145527839661
C:\Users\phuynh\Projects\robotray-main\robotray_v2\sample_outputs_v2\025112_2026_04_21_tray_150\025237_2026_04_21_tray.jpg,tray,tray,6,6,1,0.9999998807907104
C:\Users\phuynh\Projects\robotray-main\robotray_v2\sample_outputs_v2\020912_2026_04_08_feldspar_150\020954_2026_04_08_feldspar.jpg,feldspar,feldspar,0,0,1,0.99941086769104
C:\Users\phuynh\Projects\robotray-main\robotray_v2\sample_outputs_v2\023612_2026_04_15_nephe_150\023654_2026_04_15_nephe.jpg,nephe,nephe,3,3,1,0.9934355020523071
C:\Users\phuynh\Projects\robotray-main\robotray_v2\sample_outputs_v2\023612_2026_04_15_nephe_150\023681_2026_04_15_nephe.jpg,nephe,nephe,3,3,1,0.9994645714759827
C:\Users\phuynh\Projects\robotray-main\robotray_v2\sample_outputs_v2\023012_2026_04_14_nephe_150\023024_2026_04_14_nephe.jpg,nephe,quartz,3,4,0,0.6980051398277283
C:\Users\phuynh\Projects\robotray-main\robotray_v2\sample_outputs_v2\023312_2026_04_14_nephe_150\023404_2026_04_14_nephe.jpg,nephe,nephe,3,3,1,0.9999414682388306
C:\Users\phuynh\Projects\robotray-main\robotray_v2\sample_outputs_v2\020762_2026_04_08_feldspar_150\020789_2026_04_08_feldspar.jpg,feldspar,feldspar,0,0,1,0.909656822681427
C:\Users\phuynh\Projects\robotray-main\robotray_v2\sample_outputs_v2\024812_2026_04_21_tray_150\024898_2026_04_21_tray.jpg,tray,tray,6,6,1,0.9999997615814209
C:\Users\phuynh\Projects\robotray-main\robotray_v2\sample_outputs_v2\021962_2026_04_13_zircon_150\022026_2026_04_13_zircon.jpg,zircon,zircon,7,7,1,0.9999996423721313
C:\Users\phuynh\Projects\robotray-main\robotray_v2\sample_outputs_v2\021212_2026_04_08_quartz_150\021323_2026_04_08_quartz.jpg,quartz,quartz,4,4,1,0.791756272315979
C:\Users\phuynh\Projects\robotray-main\robotray_v2\sample_outputs_v2\025112_2026_04_21_tray_150\025166_2026_04_21_tray.jpg,tray,tray,6,6,1,0.9999996423721313
C:\Users\phuynh\Projects\robotray-main\robotray_v2\sample_outputs_v2\021362_2026_04_08_quartz_150\021436_2026_04_08_quartz.jpg,quartz,nephe,4,3,0,0.6791254878044128
C:\Users\phuynh\Projects\robotray-main\robotray_v2\sample_outputs_v2\023462_2026_04_14_nephe_150\023562_2026_04_14_nephe.jpg,nephe,nephe,3,3,1,0.999675989151001
C:\Users\phuynh\Projects\robotray-main\robotray_v2\sample_outputs_v2\020612_2026_04_07_feldspar_150\020732_2026_04_07_feldspar.jpg,feldspar,feldspar,0,0,1,0.999653697013855
C:\Users\phuynh\Projects\robotray-main\robotray_v2\sample_outputs_v2\024812_2026_04_21_tray_150\024867_2026_04_21_tray.jpg,tray,tray,6,6,1,0.9999994039535522
C:\Users\phuynh\Projects\robotray-main\robotray_v2\sample_outputs_v2\024962_2026_04_21_tray_150\025033_2026_04_21_tray.jpg,tray,tray,6,6,1,0.9999959468841553
C:\Users\phuynh\Projects\robotray-main\robotray_v2\sample_outputs_v2\019562_2026_04_03_rutile_150\019629_2026_04_03_rutile.jpg,rutile,rutile,5,5,1,0.9990541338920593
C:\Users\phuynh\Projects\robotray-main\robotray_v2\sample_outputs_v2\021662_2026_04_09_quartz_150\021751_2026_04_09_quartz.jpg,quartz,quartz,4,4,1,0.9978234767913818
C:\Users\phuynh\Projects\robotray-main\robotray_v2\sample_outputs_v2\022562_2026_04_13_zircon_150\022647_2026_04_13_zircon.jpg,zircon,zircon,7,7,1,0.9999970197677612
C:\Users\phuynh\Projects\robotray-main\robotray_v2\sample_outputs_v2\023612_2026_04_15_nephe_150\023664_2026_04_15_nephe.jpg,nephe,nephe,3,3,1,0.9998395442962646
C:\Users\phuynh\Projects\robotray-main\robotray_v2\sample_outputs_v2\023312_2026_04_14_nephe_150\023415_2026_04_14_nephe.jpg,nephe,nephe,3,3,1,0.9788233637809753
C:\Users\phuynh\Projects\robotray-main\robotray_v2\sample_outputs_v2\024962_2026_04_21_tray_150\024976_2026_04_21_tray.jpg,tray,tray,6,6,1,0.9999996423721313
C:\Users\phuynh\Projects\robotray-main\robotray_v2\sample_outputs_v2\020312_2026_04_07_feldspar_150\020326_2026_04_07_feldspar.jpg,feldspar,feldspar,0,0,1,0.9999463558197021
C:\Users\phuynh\Projects\robotray-main\robotray_v2\sample_outputs_v2\021362_2026_04_08_quartz_150\021467_2026_04_08_quartz.jpg,quartz,quartz,4,4,1,0.9906903505325317
C:\Users\phuynh\Projects\robotray-main\robotray_v2\sample_outputs_v2\019412_2026_04_03_rutile_150\019505_2026_04_03_rutile.jpg,rutile,rutile,5,5,1,0.9997468590736389
C:\Users\phuynh\Projects\robotray-main\robotray_v2\sample_outputs_v2\023312_2026_04_14_nephe_150\023320_2026_04_14_nephe.jpg,nephe,nephe,3,3,1,0.9996387958526611
C:\Users\phuynh\Projects\robotray-main\robotray_v2\sample_outputs_v2\023762_2026_04_15_nephe_150\023853_2026_04_15_nephe.jpg,nephe,nephe,3,3,1,0.9737390279769897
C:\Users\phuynh\Projects\robotray-main\robotray_v2\sample_outputs_v2\023762_2026_04_15_nephe_150\023890_2026_04_15_nephe.jpg,nephe,nephe,3,3,1,0.9999160766601562
C:\Users\phuynh\Projects\robotray-main\robotray_v2\sample_outputs_v2\024062_2026_04_15_garnet_150\024107_2026_04_15_garnet.jpg,garnet,garnet,1,1,1,0.9990816116333008
C:\Users\phuynh\Projects\robotray-main\robotray_v2\sample_outputs_v2\022412_2026_04_13_zircon_150\022421_2026_04_13_zircon.jpg,zircon,zircon,7,7,1,0.9999501705169678
C:\Users\phuynh\Projects\robotray-main\robotray_v2\sample_outputs_v2\019412_2026_04_03_rutile_150\019465_2026_04_03_rutile.jpg,rutile,rutile,5,5,1,0.9997158646583557
C:\Users\phuynh\Projects\robotray-main\robotray_v2\sample_outputs_v2\021962_2026_04_13_zircon_150\022009_2026_04_13_zircon.jpg,zircon,zircon,7,7,1,0.9999978542327881
C:\Users\phuynh\Projects\robotray-main\robotray_v2\sample_outputs_v2\023912_2026_04_15_garnet_150\023946_2026_04_15_garnet.jpg,garnet,garnet,1,1,1,0.9999991655349731
C:\Users\phuynh\Projects\robotray-main\robotray_v2\sample_outputs_v2\024212_2026_04_15_garnet_150\024220_2026_04_15_garnet.jpg,garnet,garnet,1,1,1,0.9988999366760254
C:\Users\phuynh\Projects\robotray-main\robotray_v2\sample_outputs_v2\019562_2026_04_03_rutile_150\019603_2026_04_03_rutile.jpg,rutile,rutile,5,5,1,0.9995249509811401
C:\Users\phuynh\Projects\robotray-main\robotray_v2\sample_outputs_v2\024962_2026_04_21_tray_150\025071_2026_04_21_tray.jpg,tray,tray,6,6,1,0.9999997615814209
C:\Users\phuynh\Projects\robotray-main\robotray_v2\sample_outputs_v2\024812_2026_04_21_tray_150\024822_2026_04_21_tray.jpg,tray,tray,6,6,1,0.9999995231628418
C:\Users\phuynh\Projects\robotray-main\robotray_v2\sample_outputs_v2\021062_2026_04_08_quartz_150\021181_2026_04_08_quartz.jpg,quartz,quartz,4,4,1,0.4696701765060425
C:\Users\phuynh\Projects\robotray-main\robotray_v2\sample_outputs_v2\018662_2026_04_02_monazite-bra_150\018744_2026_04_02_monazite-bra.jpg,monazite-bra,monazite-bra,2,2,1,0.9999914169311523
C:\Users\phuynh\Projects\robotray-main\robotray_v2\sample_outputs_v2\023612_2026_04_15_nephe_150\023683_2026_04_15_nephe.jpg,nephe,nephe,3,3,1,0.9998100399971008
C:\Users\phuynh\Projects\robotray-main\robotray_v2\sample_outputs_v2\019712_2026_04_03_rutile_150\019839_2026_04_03_rutile.jpg,rutile,rutile,5,5,1,0.9999673366546631
C:\Users\phuynh\Projects\robotray-main\robotray_v2\sample_outputs_v2\022712_2026_04_13_zircon_150\022851_2026_04_13_zircon.jpg,zircon,zircon,7,7,1,0.9940394163131714
C:\Users\phuynh\Projects\robotray-main\robotray_v2\sample_outputs_v2\020462_2026_04_07_feldspar_150\020473_2026_04_07_feldspar.jpg,feldspar,feldspar,0,0,1,0.8993332386016846
C:\Users\phuynh\Projects\robotray-main\robotray_v2\sample_outputs_v2\025112_2026_04_21_tray_150\025236_2026_04_21_tray.jpg,tray,tray,6,6,1,0.9999988079071045
C:\Users\phuynh\Projects\robotray-main\robotray_v2\sample_outputs_v2\021662_2026_04_09_quartz_150\021795_2026_04_09_quartz.jpg,quartz,quartz,4,4,1,0.6350156664848328
C:\Users\phuynh\Projects\robotray-main\robotray_v2\sample_outputs_v2\023612_2026_04_15_nephe_150\023658_2026_04_15_nephe.jpg,nephe,nephe,3,3,1,0.9998247027397156
C:\Users\phuynh\Projects\robotray-main\robotray_v2\sample_outputs_v2\020762_2026_04_08_feldspar_150\020855_2026_04_08_feldspar.jpg,feldspar,feldspar,0,0,1,0.9998672008514404
C:\Users\phuynh\Projects\robotray-main\robotray_v2\sample_outputs_v2\023762_2026_04_15_nephe_150\023843_2026_04_15_nephe.jpg,nephe,nephe,3,3,1,0.710286557674408
C:\Users\phuynh\Projects\robotray-main\robotray_v2\sample_outputs_v2\018212_2026_04_02_monazite-bra_150\018242_2026_04_02_monazite-bra.jpg,monazite-bra,monazite-bra,2,2,1,0.9999932050704956
C:\Users\phuynh\Projects\robotray-main\robotray_v2\sample_outputs_v2\024812_2026_04_21_tray_150\024862_2026_04_21_tray.jpg,tray,tray,6,6,1,0.9999997615814209
C:\Users\phuynh\Projects\robotray-main\robotray_v2\sample_outputs_v2\020462_2026_04_07_feldspar_150\020555_2026_04_07_feldspar.jpg,feldspar,feldspar,0,0,1,0.9999161958694458
C:\Users\phuynh\Projects\robotray-main\robotray_v2\sample_outputs_v2\023612_2026_04_15_nephe_150\023645_2026_04_15_nephe.jpg,nephe,nephe,3,3,1,0.9975422620773315
C:\Users\phuynh\Projects\robotray-main\robotray_v2\sample_outputs_v2\025112_2026_04_21_tray_150\025176_2026_04_21_tray.jpg,tray,tray,6,6,1,0.9999996423721313
C:\Users\phuynh\Projects\robotray-main\robotray_v2\sample_outputs_v2\021212_2026_04_08_quartz_150\021275_2026_04_08_quartz.jpg,quartz,nephe,4,3,0,0.824249267578125
C:\Users\phuynh\Projects\robotray-main\robotray_v2\sample_outputs_v2\018212_2026_04_02_monazite-bra_150\018214_2026_04_02_monazite-bra.jpg,monazite-bra,monazite-bra,2,2,1,0.9999548196792603
C:\Users\phuynh\Projects\robotray-main\robotray_v2\sample_outputs_v2\017762_2026_04_01_rutile_150\017883_2026_04_01_rutile.jpg,rutile,rutile,5,5,1,0.9998798370361328
C:\Users\phuynh\Projects\robotray-main\robotray_v2\sample_outputs_v2\022562_2026_04_13_zircon_150\022664_2026_04_13_zircon.jpg,zircon,zircon,7,7,1,0.9999747276306152
C:\Users\phuynh\Projects\robotray-main\robotray_v2\sample_outputs_v2\019412_2026_04_03_rutile_150\019444_2026_04_03_rutile.jpg,rutile,rutile,5,5,1,0.9999394416809082
C:\Users\phuynh\Projects\robotray-main\robotray_v2\sample_outputs_v2\024212_2026_04_15_garnet_150\024318_2026_04_15_garnet.jpg,garnet,garnet,1,1,1,0.9793016910552979
C:\Users\phuynh\Projects\robotray-main\robotray_v2\sample_outputs_v2\021062_2026_04_08_quartz_150\021193_2026_04_08_quartz.jpg,quartz,quartz,4,4,1,0.9923104047775269
C:\Users\phuynh\Projects\robotray-main\robotray_v2\sample_outputs_v2\018212_2026_04_02_monazite-bra_150\018286_2026_04_02_monazite-bra.jpg,monazite-bra,quartz,2,4,0,0.8699581623077393
C:\Users\phuynh\Projects\robotray-main\robotray_v2\sample_outputs_v2\021962_2026_04_13_zircon_150\022038_2026_04_13_zircon.jpg,zircon,zircon,7,7,1,0.9999548196792603
C:\Users\phuynh\Projects\robotray-main\robotray_v2\sample_outputs_v2\022562_2026_04_13_zircon_150\022695_2026_04_13_zircon.jpg,zircon,zircon,7,7,1,0.9999673366546631
C:\Users\phuynh\Projects\robotray-main\robotray_v2\sample_outputs_v2\024962_2026_04_21_tray_150\025107_2026_04_21_tray.jpg,tray,tray,6,6,1,0.9999977350234985
C:\Users\phuynh\Projects\robotray-main\robotray_v2\sample_outputs_v2\021662_2026_04_09_quartz_150\021744_2026_04_09_quartz.jpg,quartz,quartz,4,4,1,0.9894128441810608
C:\Users\phuynh\Projects\robotray-main\robotray_v2\sample_outputs_v2\023312_2026_04_14_nephe_150\023358_2026_04_14_nephe.jpg,nephe,monazite-bra,3,2,0,0.4273391366004944
C:\Users\phuynh\Projects\robotray-main\robotray_v2\sample_outputs_v2\019712_2026_04_03_rutile_150\019798_2026_04_03_rutile.jpg,rutile,rutile,5,5,1,0.9999841451644897
C:\Users\phuynh\Projects\robotray-main\robotray_v2\sample_outputs_v2\017762_2026_04_01_rutile_150\017787_2026_04_01_rutile.jpg,rutile,rutile,5,5,1,0.9999412298202515
C:\Users\phuynh\Projects\robotray-main\robotray_v2\sample_outputs_v2\019412_2026_04_03_rutile_150\019433_2026_04_03_rutile.jpg,rutile,rutile,5,5,1,0.9995695948600769
C:\Users\phuynh\Projects\robotray-main\robotray_v2\sample_outputs_v2\024062_2026_04_15_garnet_150\024194_2026_04_15_garnet.jpg,garnet,garnet,1,1,1,0.9997748732566833
C:\Users\phuynh\Projects\robotray-main\robotray_v2\sample_outputs_v2\019712_2026_04_03_rutile_150\019857_2026_04_03_rutile.jpg,rutile,rutile,5,5,1,0.9998586177825928
C:\Users\phuynh\Projects\robotray-main\robotray_v2\sample_outputs_v2\021662_2026_04_09_quartz_150\021680_2026_04_09_quartz.jpg,quartz,quartz,4,4,1,0.9975110292434692
C:\Users\phuynh\Projects\robotray-main\robotray_v2\sample_outputs_v2\019112_2026_04_02_monazite-bra_150\019208_2026_04_02_monazite-bra.jpg,monazite-bra,monazite-bra,2,2,1,0.9999901056289673
C:\Users\phuynh\Projects\robotray-main\robotray_v2\sample_outputs_v2\022412_2026_04_13_zircon_150\022474_2026_04_13_zircon.jpg,zircon,zircon,7,7,1,0.9999998807907104
C:\Users\phuynh\Projects\robotray-main\robotray_v2\sample_outputs_v2\024362_2026_04_16_garnet_150\024476_2026_04_16_garnet.jpg,garnet,garnet,1,1,1,0.9999916553497314
C:\Users\phuynh\Projects\robotray-main\robotray_v2\sample_outputs_v2\019562_2026_04_03_rutile_150\019680_2026_04_03_rutile.jpg,rutile,rutile,5,5,1,0.9994910955429077
C:\Users\phuynh\Projects\robotray-main\robotray_v2\sample_outputs_v2\023462_2026_04_14_nephe_150\023592_2026_04_14_nephe.jpg,nephe,nephe,3,3,1,0.9988316893577576
C:\Users\phuynh\Projects\robotray-main\robotray_v2\sample_outputs_v2\023912_2026_04_15_garnet_150\023985_2026_04_15_garnet.jpg,garnet,garnet,1,1,1,0.9999972581863403
C:\Users\phuynh\Projects\robotray-main\robotray_v2\sample_outputs_v2\024062_2026_04_15_garnet_150\024124_2026_04_15_garnet.jpg,garnet,garnet,1,1,1,0.9649969935417175
C:\Users\phuynh\Projects\robotray-main\robotray_v2\sample_outputs_v2\019712_2026_04_03_rutile_150\019829_2026_04_03_rutile.jpg,rutile,rutile,5,5,1,0.9999642372131348
C:\Users\phuynh\Projects\robotray-main\robotray_v2\sample_outputs_v2\024662_2026_04_21_tray_150\024710_2026_04_21_tray.jpg,tray,tray,6,6,1,0.9999998807907104
C:\Users\phuynh\Projects\robotray-main\robotray_v2\sample_outputs_v2\020912_2026_04_08_feldspar_150\020929_2026_04_08_feldspar.jpg,feldspar,feldspar,0,0,1,0.999559223651886
C:\Users\phuynh\Projects\robotray-main\robotray_v2\sample_outputs_v2\019262_2026_04_03_rutile_150\019389_2026_04_03_rutile.jpg,rutile,rutile,5,5,1,0.9998588562011719
C:\Users\phuynh\Projects\robotray-main\robotray_v2\sample_outputs_v2\025562_2026_04_22_tray_150\025647_2026_04_22_tray.jpg,tray,tray,6,6,1,0.9999990463256836
C:\Users\phuynh\Projects\robotray-main\robotray_v2\sample_outputs_v2\018962_2026_04_02_monazite-bra_150\018970_2026_04_02_monazite-bra.jpg,monazite-bra,monazite-bra,2,2,1,0.9997528195381165
C:\Users\phuynh\Projects\robotray-main\robotray_v2\sample_outputs_v2\024512_2026_04_16_garnet_150\024544_2026_04_16_garnet.jpg,garnet,garnet,1,1,1,0.9999761581420898
C:\Users\phuynh\Projects\robotray-main\robotray_v2\sample_outputs_v2\020912_2026_04_08_feldspar_150\020956_2026_04_08_feldspar.jpg,feldspar,feldspar,0,0,1,0.999968409538269
C:\Users\phuynh\Projects\robotray-main\robotray_v2\sample_outputs_v2\020312_2026_04_07_feldspar_150\020440_2026_04_07_feldspar.jpg,feldspar,feldspar,0,0,1,0.993803858757019
C:\Users\phuynh\Projects\robotray-main\robotray_v2\sample_outputs_v2\020462_2026_04_07_feldspar_150\020526_2026_04_07_feldspar.jpg,feldspar,feldspar,0,0,1,0.9999133348464966
C:\Users\phuynh\Projects\robotray-main\robotray_v2\sample_outputs_v2\022862_2026_04_14_zircon_150\022874_2026_04_14_zircon.jpg,zircon,zircon,7,7,1,0.9999988079071045
C:\Users\phuynh\Projects\robotray-main\robotray_v2\sample_outputs_v2\018212_2026_04_02_monazite-bra_150\018356_2026_04_02_monazite-bra.jpg,monazite-bra,monazite-bra,2,2,1,0.9999977350234985
C:\Users\phuynh\Projects\robotray-main\robotray_v2\sample_outputs_v2\022412_2026_04_13_zircon_150\022554_2026_04_13_zircon.jpg,zircon,zircon,7,7,1,0.9987465143203735
C:\Users\phuynh\Projects\robotray-main\robotray_v2\sample_outputs_v2\019412_2026_04_03_rutile_150\019450_2026_04_03_rutile.jpg,rutile,rutile,5,5,1,0.9999276399612427
C:\Users\phuynh\Projects\robotray-main\robotray_v2\sample_outputs_v2\023762_2026_04_15_nephe_150\023772_2026_04_15_nephe.jpg,nephe,nephe,3,3,1,0.9998051524162292
C:\Users\phuynh\Projects\robotray-main\robotray_v2\sample_outputs_v2\023762_2026_04_15_nephe_150\023880_2026_04_15_nephe.jpg,nephe,nephe,3,3,1,0.9089023470878601
C:\Users\phuynh\Projects\robotray-main\robotray_v2\sample_outputs_v2\024962_2026_04_21_tray_150\025104_2026_04_21_tray.jpg,tray,tray,6,6,1,0.9999957084655762
C:\Users\phuynh\Projects\robotray-main\robotray_v2\sample_outputs_v2\021362_2026_04_08_quartz_150\021498_2026_04_08_quartz.jpg,quartz,quartz,4,4,1,0.9795968532562256
C:\Users\phuynh\Projects\robotray-main\robotray_v2\sample_outputs_v2\018962_2026_04_02_monazite-bra_150\019082_2026_04_02_monazite-bra.jpg,monazite-bra,monazite-bra,2,2,1,0.9999938011169434
C:\Users\phuynh\Projects\robotray-main\robotray_v2\sample_outputs_v2\025112_2026_04_21_tray_150\025141_2026_04_21_tray.jpg,tray,tray,6,6,1,0.9999978542327881
C:\Users\phuynh\Projects\robotray-main\robotray_v2\sample_outputs_v2\024962_2026_04_21_tray_150\025040_2026_04_21_tray.jpg,tray,tray,6,6,1,0.9999996423721313
C:\Users\phuynh\Projects\robotray-main\robotray_v2\sample_outputs_v2\018812_2026_04_02_monazite-bra_150\018843_2026_04_02_monazite-bra.jpg,monazite-bra,monazite-bra,2,2,1,0.9999982118606567
C:\Users\phuynh\Projects\robotray-main\robotray_v2\sample_outputs_v2\024512_2026_04_16_garnet_150\024623_2026_04_16_garnet.jpg,garnet,garnet,1,1,1,0.9999957084655762
C:\Users\phuynh\Projects\robotray-main\robotray_v2\sample_outputs_v2\020462_2026_04_07_feldspar_150\020543_2026_04_07_feldspar.jpg,feldspar,feldspar,0,0,1,0.9685797691345215
C:\Users\phuynh\Projects\robotray-main\robotray_v2\sample_outputs_v2\024062_2026_04_15_garnet_150\024186_2026_04_15_garnet.jpg,garnet,garnet,1,1,1,0.9999960660934448
C:\Users\phuynh\Projects\robotray-main\robotray_v2\sample_outputs_v2\021062_2026_04_08_quartz_150\021188_2026_04_08_quartz.jpg,quartz,quartz,4,4,1,0.9621005654335022
C:\Users\phuynh\Projects\robotray-main\robotray_v2\sample_outputs_v2\025112_2026_04_21_tray_150\025219_2026_04_21_tray.jpg,tray,tray,6,6,1,0.9999994039535522
C:\Users\phuynh\Projects\robotray-main\robotray_v2\sample_outputs_v2\023012_2026_04_14_nephe_150\023140_2026_04_14_nephe.jpg,nephe,nephe,3,3,1,0.9997394680976868
C:\Users\phuynh\Projects\robotray-main\robotray_v2\sample_outputs_v2\017762_2026_04_01_rutile_150\017854_2026_04_01_rutile.jpg,rutile,rutile,5,5,1,0.9999302625656128
C:\Users\phuynh\Projects\robotray-main\robotray_v2\sample_outputs_v2\021062_2026_04_08_quartz_150\021110_2026_04_08_quartz.jpg,quartz,quartz,4,4,1,0.9872023463249207
C:\Users\phuynh\Projects\robotray-main\robotray_v2\sample_outputs_v2\019562_2026_04_03_rutile_150\019670_2026_04_03_rutile.jpg,rutile,rutile,5,5,1,0.9986714124679565
C:\Users\phuynh\Projects\robotray-main\robotray_v2\sample_outputs_v2\022712_2026_04_13_zircon_150\022720_2026_04_13_zircon.jpg,zircon,zircon,7,7,1,0.999393105506897
C:\Users\phuynh\Projects\robotray-main\robotray_v2\sample_outputs_v2\022862_2026_04_14_zircon_150\022878_2026_04_14_zircon.jpg,zircon,zircon,7,7,1,0.9997491240501404
C:\Users\phuynh\Projects\robotray-main\robotray_v2\sample_outputs_v2\024062_2026_04_15_garnet_150\024165_2026_04_15_garnet.jpg,garnet,garnet,1,1,1,0.9983718991279602
C:\Users\phuynh\Projects\robotray-main\robotray_v2\sample_outputs_v2\023912_2026_04_15_garnet_150\023963_2026_04_15_garnet.jpg,garnet,garnet,1,1,1,0.9999029636383057
C:\Users\phuynh\Projects\robotray-main\robotray_v2\sample_outputs_v2\024962_2026_04_21_tray_150\025046_2026_04_21_tray.jpg,tray,tray,6,6,1,0.9999994039535522
C:\Users\phuynh\Projects\robotray-main\robotray_v2\sample_outputs_v2\019562_2026_04_03_rutile_150\019618_2026_04_03_rutile.jpg,rutile,rutile,5,5,1,0.9992837309837341
C:\Users\phuynh\Projects\robotray-main\robotray_v2\sample_outputs_v2\024662_2026_04_21_tray_150\024753_2026_04_21_tray.jpg,tray,tray,6,6,1,0.9999994039535522
C:\Users\phuynh\Projects\robotray-main\robotray_v2\sample_outputs_v2\023612_2026_04_15_nephe_150\023629_2026_04_15_nephe.jpg,nephe,nephe,3,3,1,0.9998015761375427
C:\Users\phuynh\Projects\robotray-main\robotray_v2\sample_outputs_v2\018812_2026_04_02_monazite-bra_150\018864_2026_04_02_monazite-bra.jpg,monazite-bra,monazite-bra,2,2,1,0.9999043941497803
C:\Users\phuynh\Projects\robotray-main\robotray_v2\sample_outputs_v2\024512_2026_04_16_garnet_150\024653_2026_04_16_garnet.jpg,garnet,garnet,1,1,1,0.9999949932098389
C:\Users\phuynh\Projects\robotray-main\robotray_v2\sample_outputs_v2\020912_2026_04_08_feldspar_150\020949_2026_04_08_feldspar.jpg,feldspar,feldspar,0,0,1,0.9999144077301025
C:\Users\phuynh\Projects\robotray-main\robotray_v2\sample_outputs_v2\025562_2026_04_22_tray_150\025693_2026_04_22_tray.jpg,tray,tray,6,6,1,0.9999980926513672
C:\Users\phuynh\Projects\robotray-main\robotray_v2\sample_outputs_v2\019112_2026_04_02_monazite-bra_150\019121_2026_04_02_monazite-bra.jpg,monazite-bra,monazite-bra,2,2,1,0.9999675750732422
C:\Users\phuynh\Projects\robotray-main\robotray_v2\sample_outputs_v2\020762_2026_04_08_feldspar_150\020839_2026_04_08_feldspar.jpg,feldspar,feldspar,0,0,1,0.9999697208404541
C:\Users\phuynh\Projects\robotray-main\robotray_v2\sample_outputs_v2\021212_2026_04_08_quartz_150\021352_2026_04_08_quartz.jpg,quartz,quartz,4,4,1,0.9979740977287292
C:\Users\phuynh\Projects\robotray-main\robotray_v2\sample_outputs_v2\022562_2026_04_13_zircon_150\022679_2026_04_13_zircon.jpg,zircon,zircon,7,7,1,0.9999964237213135
C:\Users\phuynh\Projects\robotray-main\robotray_v2\sample_outputs_v2\019412_2026_04_03_rutile_150\019501_2026_04_03_rutile.jpg,rutile,rutile,5,5,1,0.9986574649810791
C:\Users\phuynh\Projects\robotray-main\robotray_v2\sample_outputs_v2\018812_2026_04_02_monazite-bra_150\018834_2026_04_02_monazite-bra.jpg,monazite-bra,monazite-bra,2,2,1,0.9999927282333374
C:\Users\phuynh\Projects\robotray-main\robotray_v2\sample_outputs_v2\024212_2026_04_15_garnet_150\024281_2026_04_15_garnet.jpg,garnet,garnet,1,1,1,0.9996715784072876
C:\Users\phuynh\Projects\robotray-main\robotray_v2\sample_outputs_v2\024662_2026_04_21_tray_150\024743_2026_04_21_tray.jpg,tray,tray,6,6,1,0.9999986886978149
C:\Users\phuynh\Projects\robotray-main\robotray_v2\sample_outputs_v2\019562_2026_04_03_rutile_150\019684_2026_04_03_rutile.jpg,rutile,rutile,5,5,1,0.9987014532089233
C:\Users\phuynh\Projects\robotray-main\robotray_v2\sample_outputs_v2\023612_2026_04_15_nephe_150\023612_2026_04_15_nephe.jpg,nephe,nephe,3,3,1,0.999383807182312
C:\Users\phuynh\Projects\robotray-main\robotray_v2\sample_outputs_v2\020762_2026_04_08_feldspar_150\020813_2026_04_08_feldspar.jpg,feldspar,feldspar,0,0,1,0.9941843152046204
C:\Users\phuynh\Projects\robotray-main\robotray_v2\sample_outputs_v2\025562_2026_04_22_tray_150\025592_2026_04_22_tray.jpg,tray,tray,6,6,1,0.9999997615814209
C:\Users\phuynh\Projects\robotray-main\robotray_v2\sample_outputs_v2\024062_2026_04_15_garnet_150\024104_2026_04_15_garnet.jpg,garnet,garnet,1,1,1,0.9998644590377808
C:\Users\phuynh\Projects\robotray-main\robotray_v2\sample_outputs_v2\020612_2026_04_07_feldspar_150\020627_2026_04_07_feldspar.jpg,feldspar,feldspar,0,0,1,0.9993175268173218
C:\Users\phuynh\Projects\robotray-main\robotray_v2\sample_outputs_v2\020762_2026_04_08_feldspar_150\020877_2026_04_08_feldspar.jpg,feldspar,feldspar,0,0,1,0.9986794590950012
C:\Users\phuynh\Projects\robotray-main\robotray_v2\sample_outputs_v2\025112_2026_04_21_tray_150\025190_2026_04_21_tray.jpg,tray,tray,6,6,1,0.9999994039535522
C:\Users\phuynh\Projects\robotray-main\robotray_v2\sample_outputs_v2\020612_2026_04_07_feldspar_150\020659_2026_04_07_feldspar.jpg,feldspar,feldspar,0,0,1,0.9998934268951416
C:\Users\phuynh\Projects\robotray-main\robotray_v2\sample_outputs_v2\019262_2026_04_03_rutile_150\019363_2026_04_03_rutile.jpg,rutile,rutile,5,5,1,0.9997898936271667
C:\Users\phuynh\Projects\robotray-main\robotray_v2\sample_outputs_v2\020762_2026_04_08_feldspar_150\020781_2026_04_08_feldspar.jpg,feldspar,feldspar,0,0,1,0.9807635545730591
C:\Users\phuynh\Projects\robotray-main\robotray_v2\sample_outputs_v2\022712_2026_04_13_zircon_150\022768_2026_04_13_zircon.jpg,zircon,zircon,7,7,1,0.9997897744178772
C:\Users\phuynh\Projects\robotray-main\robotray_v2\sample_outputs_v2\023912_2026_04_15_garnet_150\023990_2026_04_15_garnet.jpg,garnet,garnet,1,1,1,0.9998530149459839
C:\Users\phuynh\Projects\robotray-main\robotray_v2\sample_outputs_v2\020612_2026_04_07_feldspar_150\020657_2026_04_07_feldspar.jpg,feldspar,feldspar,0,0,1,0.9976109266281128
C:\Users\phuynh\Projects\robotray-main\robotray_v2\sample_outputs_v2\018662_2026_04_02_monazite-bra_150\018681_2026_04_02_monazite-bra.jpg,monazite-bra,monazite-bra,2,2,1,0.9999116659164429
C:\Users\phuynh\Projects\robotray-main\robotray_v2\sample_outputs_v2\019262_2026_04_03_rutile_150\019371_2026_04_03_rutile.jpg,rutile,rutile,5,5,1,0.9999018907546997
C:\Users\phuynh\Projects\robotray-main\robotray_v2\sample_outputs_v2\018662_2026_04_02_monazite-bra_150\018769_2026_04_02_monazite-bra.jpg,monazite-bra,nephe,2,3,0,0.43236374855041504
C:\Users\phuynh\Projects\robotray-main\robotray_v2\sample_outputs_v2\023012_2026_04_14_nephe_150\023122_2026_04_14_nephe.jpg,nephe,nephe,3,3,1,0.9995558857917786
C:\Users\phuynh\Projects\robotray-main\robotray_v2\sample_outputs_v2\021662_2026_04_09_quartz_150\021762_2026_04_09_quartz.jpg,quartz,quartz,4,4,1,0.9993997812271118
C:\Users\phuynh\Projects\robotray-main\robotray_v2\sample_outputs_v2\023762_2026_04_15_nephe_150\023830_2026_04_15_nephe.jpg,nephe,nephe,3,3,1,0.9996902942657471
C:\Users\phuynh\Projects\robotray-main\robotray_v2\sample_outputs_v2\023612_2026_04_15_nephe_150\023707_2026_04_15_nephe.jpg,nephe,nephe,3,3,1,0.9955780506134033
C:\Users\phuynh\Projects\robotray-main\robotray_v2\sample_outputs_v2\020612_2026_04_07_feldspar_150\020741_2026_04_07_feldspar.jpg,feldspar,feldspar,0,0,1,0.9932176470756531
C:\Users\phuynh\Projects\robotray-main\robotray_v2\sample_outputs_v2\021662_2026_04_09_quartz_150\021718_2026_04_09_quartz.jpg,quartz,nephe,4,3,0,0.9959470629692078
C:\Users\phuynh\Projects\robotray-main\robotray_v2\sample_outputs_v2\024062_2026_04_15_garnet_150\024126_2026_04_15_garnet.jpg,garnet,monazite-bra,1,2,0,0.6546111106872559
C:\Users\phuynh\Projects\robotray-main\robotray_v2\sample_outputs_v2\023912_2026_04_15_garnet_150\024019_2026_04_15_garnet.jpg,garnet,garnet,1,1,1,0.9997510313987732
C:\Users\phuynh\Projects\robotray-main\robotray_v2\sample_outputs_v2\024962_2026_04_21_tray_150\025057_2026_04_21_tray.jpg,tray,tray,6,6,1,0.9999990463256836
C:\Users\phuynh\Projects\robotray-main\robotray_v2\sample_outputs_v2\022862_2026_04_14_zircon_150\022880_2026_04_14_zircon.jpg,zircon,zircon,7,7,1,0.999944806098938
C:\Users\phuynh\Projects\robotray-main\robotray_v2\sample_outputs_v2\018212_2026_04_02_monazite-bra_150\018341_2026_04_02_monazite-bra.jpg,monazite-bra,quartz,2,4,0,0.9228634238243103
C:\Users\phuynh\Projects\robotray-main\robotray_v2\sample_outputs_v2\024812_2026_04_21_tray_150\024839_2026_04_21_tray.jpg,tray,tray,6,6,1,0.9999908208847046
C:\Users\phuynh\Projects\robotray-main\robotray_v2\sample_outputs_v2\025112_2026_04_21_tray_150\025152_2026_04_21_tray.jpg,tray,tray,6,6,1,0.9999997615814209
C:\Users\phuynh\Projects\robotray-main\robotray_v2\sample_outputs_v2\019112_2026_04_02_monazite-bra_150\019198_2026_04_02_monazite-bra.jpg,monazite-bra,monazite-bra,2,2,1,0.9999868869781494
C:\Users\phuynh\Projects\robotray-main\robotray_v2\sample_outputs_v2\019562_2026_04_03_rutile_150\019606_2026_04_03_rutile.jpg,rutile,rutile,5,5,1,0.9999631643295288
C:\Users\phuynh\Projects\robotray-main\robotray_v2\sample_outputs_v2\020312_2026_04_07_feldspar_150\020359_2026_04_07_feldspar.jpg,feldspar,feldspar,0,0,1,0.9843724966049194
C:\Users\phuynh\Projects\robotray-main\robotray_v2\sample_outputs_v2\023762_2026_04_15_nephe_150\023806_2026_04_15_nephe.jpg,nephe,nephe,3,3,1,0.9998040795326233
C:\Users\phuynh\Projects\robotray-main\robotray_v2\sample_outputs_v2\020312_2026_04_07_feldspar_150\020374_2026_04_07_feldspar.jpg,feldspar,feldspar,0,0,1,0.9998605251312256
C:\Users\phuynh\Projects\robotray-main\robotray_v2\sample_outputs_v2\023312_2026_04_14_nephe_150\023323_2026_04_14_nephe.jpg,nephe,nephe,3,3,1,0.9999551773071289
C:\Users\phuynh\Projects\robotray-main\robotray_v2\sample_outputs_v2\018212_2026_04_02_monazite-bra_150\018358_2026_04_02_monazite-bra.jpg,monazite-bra,monazite-bra,2,2,1,0.9999756813049316
C:\Users\phuynh\Projects\robotray-main\robotray_v2\sample_outputs_v2\021812_2026_04_10_quartz_150\021932_2026_04_10_quartz.jpg,quartz,zircon,4,7,0,0.6064690947532654
C:\Users\phuynh\Projects\robotray-main\robotray_v2\sample_outputs_v2\023612_2026_04_15_nephe_150\023647_2026_04_15_nephe.jpg,nephe,nephe,3,3,1,0.9996042847633362
C:\Users\phuynh\Projects\robotray-main\robotray_v2\sample_outputs_v2\024362_2026_04_16_garnet_150\024426_2026_04_16_garnet.jpg,garnet,garnet,1,1,1,0.9998693466186523
C:\Users\phuynh\Projects\robotray-main\robotray_v2\sample_outputs_v2\020462_2026_04_07_feldspar_150\020482_2026_04_07_feldspar.jpg,feldspar,feldspar,0,0,1,0.9555467367172241
C:\Users\phuynh\Projects\robotray-main\robotray_v2\sample_outputs_v2\022412_2026_04_13_zircon_150\022456_2026_04_13_zircon.jpg,zircon,zircon,7,7,1,0.8884552717208862
C:\Users\phuynh\Projects\robotray-main\robotray_v2\sample_outputs_v2\021662_2026_04_09_quartz_150\021705_2026_04_09_quartz.jpg,quartz,quartz,4,4,1,0.9999624490737915
C:\Users\phuynh\Projects\robotray-main\robotray_v2\sample_outputs_v2\018212_2026_04_02_monazite-bra_150\018218_2026_04_02_monazite-bra.jpg,monazite-bra,monazite-bra,2,2,1,0.9999696016311646
C:\Users\phuynh\Projects\robotray-main\robotray_v2\sample_outputs_v2\023612_2026_04_15_nephe_150\023625_2026_04_15_nephe.jpg,nephe,nephe,3,3,1,0.743591845035553
C:\Users\phuynh\Projects\robotray-main\robotray_v2\sample_outputs_v2\018212_2026_04_02_monazite-bra_150\018300_2026_04_02_monazite-bra.jpg,monazite-bra,monazite-bra,2,2,1,0.9999984502792358
C:\Users\phuynh\Projects\robotray-main\robotray_v2\sample_outputs_v2\022712_2026_04_13_zircon_150\022722_2026_04_13_zircon.jpg,zircon,zircon,7,7,1,0.9999498128890991
C:\Users\phuynh\Projects\robotray-main\robotray_v2\sample_outputs_v2\018662_2026_04_02_monazite-bra_150\018721_2026_04_02_monazite-bra.jpg,monazite-bra,monazite-bra,2,2,1,0.9999958276748657
C:\Users\phuynh\Projects\robotray-main\robotray_v2\sample_outputs_v2\017762_2026_04_01_rutile_150\017902_2026_04_01_rutile.jpg,rutile,rutile,5,5,1,0.9984873533248901
C:\Users\phuynh\Projects\robotray-main\robotray_v2\sample_outputs_v2\021362_2026_04_08_quartz_150\021408_2026_04_08_quartz.jpg,quartz,quartz,4,4,1,0.9704360961914062
C:\Users\phuynh\Projects\robotray-main\robotray_v2\sample_outputs_v2\023612_2026_04_15_nephe_150\023630_2026_04_15_nephe.jpg,nephe,nephe,3,3,1,0.9999791383743286
C:\Users\phuynh\Projects\robotray-main\robotray_v2\sample_outputs_v2\024812_2026_04_21_tray_150\024865_2026_04_21_tray.jpg,tray,tray,6,6,1,0.9999997615814209
C:\Users\phuynh\Projects\robotray-main\robotray_v2\sample_outputs_v2\024512_2026_04_16_garnet_150\024591_2026_04_16_garnet.jpg,garnet,garnet,1,1,1,0.9998053908348083
C:\Users\phuynh\Projects\robotray-main\robotray_v2\sample_outputs_v2\018962_2026_04_02_monazite-bra_150\019036_2026_04_02_monazite-bra.jpg,monazite-bra,monazite-bra,2,2,1,0.999997615814209
C:\Users\phuynh\Projects\robotray-main\robotray_v2\sample_outputs_v2\024062_2026_04_15_garnet_150\024140_2026_04_15_garnet.jpg,garnet,garnet,1,1,1,0.9999806880950928
C:\Users\phuynh\Projects\robotray-main\robotray_v2\sample_outputs_v2\021062_2026_04_08_quartz_150\021077_2026_04_08_quartz.jpg,quartz,quartz,4,4,1,0.999699592590332
C:\Users\phuynh\Projects\robotray-main\robotray_v2\sample_outputs_v2\021362_2026_04_08_quartz_150\021437_2026_04_08_quartz.jpg,quartz,quartz,4,4,1,0.9403438568115234
C:\Users\phuynh\Projects\robotray-main\robotray_v2\sample_outputs_v2\024962_2026_04_21_tray_150\024962_2026_04_21_tray.jpg,tray,tray,6,6,1,0.9999997615814209
C:\Users\phuynh\Projects\robotray-main\robotray_v2\sample_outputs_v2\022562_2026_04_13_zircon_150\022579_2026_04_13_zircon.jpg,zircon,zircon,7,7,1,0.9998846054077148
C:\Users\phuynh\Projects\robotray-main\robotray_v2\sample_outputs_v2\024812_2026_04_21_tray_150\024817_2026_04_21_tray.jpg,tray,tray,6,6,1,0.9999991655349731
C:\Users\phuynh\Projects\robotray-main\robotray_v2\sample_outputs_v2\021812_2026_04_10_quartz_150\021814_2026_04_10_quartz.jpg,quartz,quartz,4,4,1,0.6967851519584656
C:\Users\phuynh\Projects\robotray-main\robotray_v2\sample_outputs_v2\021362_2026_04_08_quartz_150\021510_2026_04_08_quartz.jpg,quartz,quartz,4,4,1,0.6837616562843323
C:\Users\phuynh\Projects\robotray-main\robotray_v2\sample_outputs_v2\021662_2026_04_09_quartz_150\021716_2026_04_09_quartz.jpg,quartz,quartz,4,4,1,0.9973005652427673
C:\Users\phuynh\Projects\robotray-main\robotray_v2\sample_outputs_v2\025112_2026_04_21_tray_150\025222_2026_04_21_tray.jpg,tray,tray,6,6,1,0.9999172687530518
C:\Users\phuynh\Projects\robotray-main\robotray_v2\sample_outputs_v2\021662_2026_04_09_quartz_150\021725_2026_04_09_quartz.jpg,quartz,quartz,4,4,1,0.8361198902130127
C:\Users\phuynh\Projects\robotray-main\robotray_v2\sample_outputs_v2\022712_2026_04_13_zircon_150\022823_2026_04_13_zircon.jpg,zircon,zircon,7,7,1,0.9999599456787109
C:\Users\phuynh\Projects\robotray-main\robotray_v2\sample_outputs_v2\024212_2026_04_15_garnet_150\024316_2026_04_15_garnet.jpg,garnet,garnet,1,1,1,0.9987152814865112
C:\Users\phuynh\Projects\robotray-main\robotray_v2\sample_outputs_v2\023912_2026_04_15_garnet_150\023998_2026_04_15_garnet.jpg,garnet,garnet,1,1,1,0.9998118281364441
C:\Users\phuynh\Projects\robotray-main\robotray_v2\sample_outputs_v2\022562_2026_04_13_zircon_150\022651_2026_04_13_zircon.jpg,zircon,zircon,7,7,1,0.999998927116394
C:\Users\phuynh\Projects\robotray-main\robotray_v2\sample_outputs_v2\023912_2026_04_15_garnet_150\024010_2026_04_15_garnet.jpg,garnet,garnet,1,1,1,0.9999618530273438
C:\Users\phuynh\Projects\robotray-main\robotray_v2\sample_outputs_v2\023462_2026_04_14_nephe_150\023545_2026_04_14_nephe.jpg,nephe,nephe,3,3,1,0.999528169631958
C:\Users\phuynh\Projects\robotray-main\robotray_v2\sample_outputs_v2\024812_2026_04_21_tray_150\024930_2026_04_21_tray.jpg,tray,tray,6,6,1,0.9999997615814209
C:\Users\phuynh\Projects\robotray-main\robotray_v2\sample_outputs_v2\021212_2026_04_08_quartz_150\021268_2026_04_08_quartz.jpg,quartz,quartz,4,4,1,0.8442674279212952
C:\Users\phuynh\Projects\robotray-main\robotray_v2\sample_outputs_v2\022412_2026_04_13_zircon_150\022533_2026_04_13_zircon.jpg,zircon,zircon,7,7,1,0.9999740123748779
C:\Users\phuynh\Projects\robotray-main\robotray_v2\sample_outputs_v2\020762_2026_04_08_feldspar_150\020775_2026_04_08_feldspar.jpg,feldspar,feldspar,0,0,1,0.9999375343322754
C:\Users\phuynh\Projects\robotray-main\robotray_v2\sample_outputs_v2\023612_2026_04_15_nephe_150\023619_2026_04_15_nephe.jpg,nephe,nephe,3,3,1,0.9829528331756592
C:\Users\phuynh\Projects\robotray-main\robotray_v2\sample_outputs_v2\019412_2026_04_03_rutile_150\019422_2026_04_03_rutile.jpg,rutile,rutile,5,5,1,0.9999161958694458
C:\Users\phuynh\Projects\robotray-main\robotray_v2\sample_outputs_v2\021812_2026_04_10_quartz_150\021851_2026_04_10_quartz.jpg,quartz,quartz,4,4,1,0.9965393543243408
C:\Users\phuynh\Projects\robotray-main\robotray_v2\sample_outputs_v2\024512_2026_04_16_garnet_150\024619_2026_04_16_garnet.jpg,garnet,garnet,1,1,1,0.9962659478187561
C:\Users\phuynh\Projects\robotray-main\robotray_v2\sample_outputs_v2\025562_2026_04_22_tray_150\025568_2026_04_22_tray.jpg,tray,tray,6,6,1,0.9999984502792358
C:\Users\phuynh\Projects\robotray-main\robotray_v2\sample_outputs_v2\017762_2026_04_01_rutile_150\017847_2026_04_01_rutile.jpg,rutile,rutile,5,5,1,0.9991381168365479
C:\Users\phuynh\Projects\robotray-main\robotray_v2\sample_outputs_v2\018962_2026_04_02_monazite-bra_150\019046_2026_04_02_monazite-bra.jpg,monazite-bra,monazite-bra,2,2,1,0.9999946355819702
C:\Users\phuynh\Projects\robotray-main\robotray_v2\sample_outputs_v2\021062_2026_04_08_quartz_150\021176_2026_04_08_quartz.jpg,quartz,quartz,4,4,1,0.9261926412582397
C:\Users\phuynh\Projects\robotray-main\robotray_v2\sample_outputs_v2\020762_2026_04_08_feldspar_150\020804_2026_04_08_feldspar.jpg,feldspar,feldspar,0,0,1,0.9999830722808838
C:\Users\phuynh\Projects\robotray-main\robotray_v2\sample_outputs_v2\021962_2026_04_13_zircon_150\021987_2026_04_13_zircon.jpg,zircon,zircon,7,7,1,0.9981867671012878
C:\Users\phuynh\Projects\robotray-main\robotray_v2\sample_outputs_v2\021362_2026_04_08_quartz_150\021487_2026_04_08_quartz.jpg,quartz,quartz,4,4,1,0.9900659322738647
C:\Users\phuynh\Projects\robotray-main\robotray_v2\sample_outputs_v2\024812_2026_04_21_tray_150\024856_2026_04_21_tray.jpg,tray,tray,6,6,1,0.9999983310699463
C:\Users\phuynh\Projects\robotray-main\robotray_v2\sample_outputs_v2\023012_2026_04_14_nephe_150\023113_2026_04_14_nephe.jpg,nephe,nephe,3,3,1,0.9910404086112976
C:\Users\phuynh\Projects\robotray-main\robotray_v2\sample_outputs_v2\018962_2026_04_02_monazite-bra_150\018974_2026_04_02_monazite-bra.jpg,monazite-bra,monazite-bra,2,2,1,0.9999829530715942
C:\Users\phuynh\Projects\robotray-main\robotray_v2\sample_outputs_v2\021362_2026_04_08_quartz_150\021385_2026_04_08_quartz.jpg,quartz,quartz,4,4,1,0.6022648215293884
C:\Users\phuynh\Projects\robotray-main\robotray_v2\sample_outputs_v2\019112_2026_04_02_monazite-bra_150\019199_2026_04_02_monazite-bra.jpg,monazite-bra,monazite-bra,2,2,1,0.9999934434890747
C:\Users\phuynh\Projects\robotray-main\robotray_v2\sample_outputs_v2\024512_2026_04_16_garnet_150\024617_2026_04_16_garnet.jpg,garnet,garnet,1,1,1,0.5861078500747681
C:\Users\phuynh\Projects\robotray-main\robotray_v2\sample_outputs_v2\024812_2026_04_21_tray_150\024883_2026_04_21_tray.jpg,tray,tray,6,6,1,0.9999998807907104
C:\Users\phuynh\Projects\robotray-main\robotray_v2\sample_outputs_v2\025562_2026_04_22_tray_150\025657_2026_04_22_tray.jpg,tray,tray,6,6,1,0.9999996423721313
C:\Users\phuynh\Projects\robotray-main\robotray_v2\sample_outputs_v2\020312_2026_04_07_feldspar_150\020325_2026_04_07_feldspar.jpg,feldspar,feldspar,0,0,1,0.9996387958526611
C:\Users\phuynh\Projects\robotray-main\robotray_v2\sample_outputs_v2\022862_2026_04_14_zircon_150\022867_2026_04_14_zircon.jpg,zircon,zircon,7,7,1,0.9997552037239075
C:\Users\phuynh\Projects\robotray-main\robotray_v2\sample_outputs_v2\024512_2026_04_16_garnet_150\024585_2026_04_16_garnet.jpg,garnet,garnet,1,1,1,0.9903799295425415
C:\Users\phuynh\Projects\robotray-main\robotray_v2\sample_outputs_v2\019712_2026_04_03_rutile_150\019799_2026_04_03_rutile.jpg,rutile,rutile,5,5,1,0.5605471134185791
C:\Users\phuynh\Projects\robotray-main\robotray_v2\sample_outputs_v2\024962_2026_04_21_tray_150\025017_2026_04_21_tray.jpg,tray,tray,6,6,1,0.9999997615814209
C:\Users\phuynh\Projects\robotray-main\robotray_v2\sample_outputs_v2\022862_2026_04_14_zircon_150\022975_2026_04_14_zircon.jpg,zircon,zircon,7,7,1,0.9995342493057251
C:\Users\phuynh\Projects\robotray-main\robotray_v2\sample_outputs_v2\017762_2026_04_01_rutile_150\017786_2026_04_01_rutile.jpg,rutile,rutile,5,5,1,0.9999675750732422
C:\Users\phuynh\Projects\robotray-main\robotray_v2\sample_outputs_v2\024962_2026_04_21_tray_150\025091_2026_04_21_tray.jpg,tray,tray,6,6,1,0.9999948740005493
C:\Users\phuynh\Projects\robotray-main\robotray_v2\sample_outputs_v2\022562_2026_04_13_zircon_150\022613_2026_04_13_zircon.jpg,zircon,zircon,7,7,1,0.9999988079071045
C:\Users\phuynh\Projects\robotray-main\robotray_v2\sample_outputs_v2\021962_2026_04_13_zircon_150\021966_2026_04_13_zircon.jpg,zircon,zircon,7,7,1,0.9993457198143005
C:\Users\phuynh\Projects\robotray-main\robotray_v2\sample_outputs_v2\022562_2026_04_13_zircon_150\022644_2026_04_13_zircon.jpg,zircon,zircon,7,7,1,0.9999953508377075
C:\Users\phuynh\Projects\robotray-main\robotray_v2\sample_outputs_v2\018962_2026_04_02_monazite-bra_150\018978_2026_04_02_monazite-bra.jpg,monazite-bra,monazite-bra,2,2,1,0.9963366985321045
C:\Users\phuynh\Projects\robotray-main\robotray_v2\sample_outputs_v2\024812_2026_04_21_tray_150\024893_2026_04_21_tray.jpg,tray,tray,6,6,1,0.9999997615814209
C:\Users\phuynh\Projects\robotray-main\robotray_v2\sample_outputs_v2\024362_2026_04_16_garnet_150\024486_2026_04_16_garnet.jpg,garnet,garnet,1,1,1,1.0
C:\Users\phuynh\Projects\robotray-main\robotray_v2\sample_outputs_v2\018962_2026_04_02_monazite-bra_150\019048_2026_04_02_monazite-bra.jpg,monazite-bra,monazite-bra,2,2,1,0.9999288320541382
C:\Users\phuynh\Projects\robotray-main\robotray_v2\sample_outputs_v2\020312_2026_04_07_feldspar_150\020442_2026_04_07_feldspar.jpg,feldspar,feldspar,0,0,1,0.9999885559082031
C:\Users\phuynh\Projects\robotray-main\robotray_v2\sample_outputs_v2\021962_2026_04_13_zircon_150\022103_2026_04_13_zircon.jpg,zircon,zircon,7,7,1,0.993894636631012
C:\Users\phuynh\Projects\robotray-main\robotray_v2\sample_outputs_v2\023462_2026_04_14_nephe_150\023473_2026_04_14_nephe.jpg,nephe,nephe,3,3,1,0.9880329370498657
C:\Users\phuynh\Projects\robotray-main\robotray_v2\sample_outputs_v2\020912_2026_04_08_feldspar_150\020972_2026_04_08_feldspar.jpg,feldspar,feldspar,0,0,1,0.9996551275253296
C:\Users\phuynh\Projects\robotray-main\robotray_v2\sample_outputs_v2\025562_2026_04_22_tray_150\025643_2026_04_22_tray.jpg,tray,tray,6,6,1,0.999995231628418
C:\Users\phuynh\Projects\robotray-main\robotray_v2\sample_outputs_v2\024212_2026_04_15_garnet_150\024338_2026_04_15_garnet.jpg,garnet,garnet,1,1,1,0.9999799728393555
C:\Users\phuynh\Projects\robotray-main\robotray_v2\sample_outputs_v2\022712_2026_04_13_zircon_150\022754_2026_04_13_zircon.jpg,zircon,zircon,7,7,1,0.9999978542327881
C:\Users\phuynh\Projects\robotray-main\robotray_v2\sample_outputs_v2\021362_2026_04_08_quartz_150\021504_2026_04_08_quartz.jpg,quartz,quartz,4,4,1,0.9547489881515503
C:\Users\phuynh\Projects\robotray-main\robotray_v2\sample_outputs_v2\021812_2026_04_10_quartz_150\021823_2026_04_10_quartz.jpg,quartz,quartz,4,4,1,0.9908747673034668
C:\Users\phuynh\Projects\robotray-main\robotray_v2\sample_outputs_v2\022862_2026_04_14_zircon_150\022886_2026_04_14_zircon.jpg,zircon,zircon,7,7,1,0.9999959468841553
C:\Users\phuynh\Projects\robotray-main\robotray_v2\sample_outputs_v2\022412_2026_04_13_zircon_150\022514_2026_04_13_zircon.jpg,zircon,zircon,7,7,1,0.9951436519622803
C:\Users\phuynh\Projects\robotray-main\robotray_v2\sample_outputs_v2\020912_2026_04_08_feldspar_150\020996_2026_04_08_feldspar.jpg,feldspar,feldspar,0,0,1,0.9995158910751343
C:\Users\phuynh\Projects\robotray-main\robotray_v2\sample_outputs_v2\024362_2026_04_16_garnet_150\024455_2026_04_16_garnet.jpg,garnet,garnet,1,1,1,0.9999977350234985
C:\Users\phuynh\Projects\robotray-main\robotray_v2\sample_outputs_v2\023762_2026_04_15_nephe_150\023834_2026_04_15_nephe.jpg,nephe,nephe,3,3,1,0.9916233420372009
C:\Users\phuynh\Projects\robotray-main\robotray_v2\sample_outputs_v2\018662_2026_04_02_monazite-bra_150\018737_2026_04_02_monazite-bra.jpg,monazite-bra,monazite-bra,2,2,1,0.9999923706054688
C:\Users\phuynh\Projects\robotray-main\robotray_v2\sample_outputs_v2\020762_2026_04_08_feldspar_150\020819_2026_04_08_feldspar.jpg,feldspar,feldspar,0,0,1,0.9954380393028259
C:\Users\phuynh\Projects\robotray-main\robotray_v2\sample_outputs_v2\022862_2026_04_14_zircon_150\022943_2026_04_14_zircon.jpg,zircon,zircon,7,7,1,0.9999998807907104
C:\Users\phuynh\Projects\robotray-main\robotray_v2\sample_outputs_v2\020912_2026_04_08_feldspar_150\020983_2026_04_08_feldspar.jpg,feldspar,feldspar,0,0,1,0.9092742800712585
C:\Users\phuynh\Projects\robotray-main\robotray_v2\sample_outputs_v2\021062_2026_04_08_quartz_150\021203_2026_04_08_quartz.jpg,quartz,feldspar,4,0,0,0.9792985916137695
C:\Users\phuynh\Projects\robotray-main\robotray_v2\sample_outputs_v2\022562_2026_04_13_zircon_150\022711_2026_04_13_zircon.jpg,zircon,zircon,7,7,1,0.9697326421737671
C:\Users\phuynh\Projects\robotray-main\robotray_v2\sample_outputs_v2\024062_2026_04_15_garnet_150\024193_2026_04_15_garnet.jpg,garnet,garnet,1,1,1,0.9999728202819824
C:\Users\phuynh\Projects\robotray-main\robotray_v2\sample_outputs_v2\021212_2026_04_08_quartz_150\021331_2026_04_08_quartz.jpg,quartz,quartz,4,4,1,0.9991520643234253
C:\Users\phuynh\Projects\robotray-main\robotray_v2\sample_outputs_v2\024062_2026_04_15_garnet_150\024151_2026_04_15_garnet.jpg,garnet,garnet,1,1,1,0.9999626874923706
C:\Users\phuynh\Projects\robotray-main\robotray_v2\sample_outputs_v2\020912_2026_04_08_feldspar_150\021043_2026_04_08_feldspar.jpg,feldspar,quartz,0,4,0,0.5200334191322327
C:\Users\phuynh\Projects\robotray-main\robotray_v2\sample_outputs_v2\024962_2026_04_21_tray_150\025050_2026_04_21_tray.jpg,tray,tray,6,6,1,0.9999905824661255
C:\Users\phuynh\Projects\robotray-main\robotray_v2\sample_outputs_v2\025562_2026_04_22_tray_150\025655_2026_04_22_tray.jpg,tray,tray,6,6,1,0.9999988079071045
C:\Users\phuynh\Projects\robotray-main\robotray_v2\sample_outputs_v2\023762_2026_04_15_nephe_150\023860_2026_04_15_nephe.jpg,nephe,nephe,3,3,1,0.9776232838630676
C:\Users\phuynh\Projects\robotray-main\robotray_v2\sample_outputs_v2\023912_2026_04_15_garnet_150\023965_2026_04_15_garnet.jpg,garnet,garnet,1,1,1,0.9999792575836182
C:\Users\phuynh\Projects\robotray-main\robotray_v2\sample_outputs_v2\023462_2026_04_14_nephe_150\023553_2026_04_14_nephe.jpg,nephe,nephe,3,3,1,0.9361670017242432
C:\Users\phuynh\Projects\robotray-main\robotray_v2\sample_outputs_v2\024212_2026_04_15_garnet_150\024307_2026_04_15_garnet.jpg,garnet,garnet,1,1,1,0.9998763799667358
C:\Users\phuynh\Projects\robotray-main\robotray_v2\sample_outputs_v2\019262_2026_04_03_rutile_150\019316_2026_04_03_rutile.jpg,rutile,rutile,5,5,1,0.999762237071991
C:\Users\phuynh\Projects\robotray-main\robotray_v2\sample_outputs_v2\017762_2026_04_01_rutile_150\017829_2026_04_01_rutile.jpg,rutile,quartz,5,4,0,0.8095130324363708
C:\Users\phuynh\Projects\robotray-main\robotray_v2\sample_outputs_v2\019112_2026_04_02_monazite-bra_150\019215_2026_04_02_monazite-bra.jpg,monazite-bra,monazite-bra,2,2,1,0.9999747276306152
C:\Users\phuynh\Projects\robotray-main\robotray_v2\sample_outputs_v2\020462_2026_04_07_feldspar_150\020512_2026_04_07_feldspar.jpg,feldspar,feldspar,0,0,1,0.9991037249565125
C:\Users\phuynh\Projects\robotray-main\robotray_v2\sample_outputs_v2\021812_2026_04_10_quartz_150\021856_2026_04_10_quartz.jpg,quartz,quartz,4,4,1,0.997597873210907
C:\Users\phuynh\Projects\robotray-main\robotray_v2\sample_outputs_v2\022712_2026_04_13_zircon_150\022824_2026_04_13_zircon.jpg,zircon,zircon,7,7,1,0.999998927116394
C:\Users\phuynh\Projects\robotray-main\robotray_v2\sample_outputs_v2\018812_2026_04_02_monazite-bra_150\018840_2026_04_02_monazite-bra.jpg,monazite-bra,monazite-bra,2,2,1,0.9999958276748657
C:\Users\phuynh\Projects\robotray-main\robotray_v2\sample_outputs_v2\018662_2026_04_02_monazite-bra_150\018733_2026_04_02_monazite-bra.jpg,monazite-bra,monazite-bra,2,2,1,0.99998939037323
C:\Users\phuynh\Projects\robotray-main\robotray_v2\sample_outputs_v2\021812_2026_04_10_quartz_150\021865_2026_04_10_quartz.jpg,quartz,quartz,4,4,1,0.9990386962890625
C:\Users\phuynh\Projects\robotray-main\robotray_v2\sample_outputs_v2\020612_2026_04_07_feldspar_150\020653_2026_04_07_feldspar.jpg,feldspar,feldspar,0,0,1,0.999351441860199
C:\Users\phuynh\Projects\robotray-main\robotray_v2\sample_outputs_v2\019562_2026_04_03_rutile_150\019627_2026_04_03_rutile.jpg,rutile,rutile,5,5,1,0.999964714050293
C:\Users\phuynh\Projects\robotray-main\robotray_v2\sample_outputs_v2\023312_2026_04_14_nephe_150\023335_2026_04_14_nephe.jpg,nephe,nephe,3,3,1,0.9999861717224121
C:\Users\phuynh\Projects\robotray-main\robotray_v2\sample_outputs_v2\020762_2026_04_08_feldspar_150\020770_2026_04_08_feldspar.jpg,feldspar,feldspar,0,0,1,0.990223228931427
C:\Users\phuynh\Projects\robotray-main\robotray_v2\sample_outputs_v2\024212_2026_04_15_garnet_150\024247_2026_04_15_garnet.jpg,garnet,garnet,1,1,1,0.9998875856399536
C:\Users\phuynh\Projects\robotray-main\robotray_v2\sample_outputs_v2\018962_2026_04_02_monazite-bra_150\019068_2026_04_02_monazite-bra.jpg,monazite-bra,monazite-bra,2,2,1,0.9999877214431763
C:\Users\phuynh\Projects\robotray-main\robotray_v2\sample_outputs_v2\019262_2026_04_03_rutile_150\019267_2026_04_03_rutile.jpg,rutile,rutile,5,5,1,0.9999771118164062
C:\Users\phuynh\Projects\robotray-main\robotray_v2\sample_outputs_v2\023012_2026_04_14_nephe_150\023092_2026_04_14_nephe.jpg,nephe,nephe,3,3,1,0.9983384609222412
C:\Users\phuynh\Projects\robotray-main\robotray_v2\sample_outputs_v2\018812_2026_04_02_monazite-bra_150\018925_2026_04_02_monazite-bra.jpg,monazite-bra,monazite-bra,2,2,1,0.999997615814209
C:\Users\phuynh\Projects\robotray-main\robotray_v2\sample_outputs_v2\025562_2026_04_22_tray_150\025581_2026_04_22_tray.jpg,tray,tray,6,6,1,0.9999618530273438
C:\Users\phuynh\Projects\robotray-main\robotray_v2\sample_outputs_v2\021662_2026_04_09_quartz_150\021666_2026_04_09_quartz.jpg,quartz,quartz,4,4,1,0.6508437395095825
C:\Users\phuynh\Projects\robotray-main\robotray_v2\sample_outputs_v2\023462_2026_04_14_nephe_150\023585_2026_04_14_nephe.jpg,nephe,nephe,3,3,1,0.9998760223388672
C:\Users\phuynh\Projects\robotray-main\robotray_v2\sample_outputs_v2\018962_2026_04_02_monazite-bra_150\018993_2026_04_02_monazite-bra.jpg,monazite-bra,monazite-bra,2,2,1,0.9999982118606567
C:\Users\phuynh\Projects\robotray-main\robotray_v2\sample_outputs_v2\021212_2026_04_08_quartz_150\021347_2026_04_08_quartz.jpg,quartz,quartz,4,4,1,0.9985894560813904
C:\Users\phuynh\Projects\robotray-main\robotray_v2\sample_outputs_v2\022712_2026_04_13_zircon_150\022843_2026_04_13_zircon.jpg,zircon,zircon,7,7,1,0.9999918937683105
C:\Users\phuynh\Projects\robotray-main\robotray_v2\sample_outputs_v2\018662_2026_04_02_monazite-bra_150\018781_2026_04_02_monazite-bra.jpg,monazite-bra,monazite-bra,2,2,1,0.9999920129776001
C:\Users\phuynh\Projects\robotray-main\robotray_v2\sample_outputs_v2\022712_2026_04_13_zircon_150\022726_2026_04_13_zircon.jpg,zircon,zircon,7,7,1,0.9999996423721313
C:\Users\phuynh\Projects\robotray-main\robotray_v2\sample_outputs_v2\018812_2026_04_02_monazite-bra_150\018867_2026_04_02_monazite-bra.jpg,monazite-bra,monazite-bra,2,2,1,0.9999779462814331
C:\Users\phuynh\Projects\robotray-main\robotray_v2\sample_outputs_v2\019112_2026_04_02_monazite-bra_150\019171_2026_04_02_monazite-bra.jpg,monazite-bra,monazite-bra,2,2,1,0.9999942779541016
C:\Users\phuynh\Projects\robotray-main\robotray_v2\sample_outputs_v2\018812_2026_04_02_monazite-bra_150\018839_2026_04_02_monazite-bra.jpg,monazite-bra,monazite-bra,2,2,1,0.9999936819076538
C:\Users\phuynh\Projects\robotray-main\robotray_v2\sample_outputs_v2\025112_2026_04_21_tray_150\025147_2026_04_21_tray.jpg,tray,tray,6,6,1,0.9999996423721313
C:\Users\phuynh\Projects\robotray-main\robotray_v2\sample_outputs_v2\023912_2026_04_15_garnet_150\024038_2026_04_15_garnet.jpg,garnet,garnet,1,1,1,0.9999991655349731
C:\Users\phuynh\Projects\robotray-main\robotray_v2\sample_outputs_v2\020912_2026_04_08_feldspar_150\020947_2026_04_08_feldspar.jpg,feldspar,feldspar,0,0,1,0.983870267868042
C:\Users\phuynh\Projects\robotray-main\robotray_v2\sample_outputs_v2\023612_2026_04_15_nephe_150\023758_2026_04_15_nephe.jpg,nephe,nephe,3,3,1,0.3018640875816345
C:\Users\phuynh\Projects\robotray-main\robotray_v2\sample_outputs_v2\019712_2026_04_03_rutile_150\019755_2026_04_03_rutile.jpg,rutile,rutile,5,5,1,0.9998472929000854
C:\Users\phuynh\Projects\robotray-main\robotray_v2\sample_outputs_v2\021962_2026_04_13_zircon_150\021986_2026_04_13_zircon.jpg,zircon,zircon,7,7,1,0.9982962012290955
C:\Users\phuynh\Projects\robotray-main\robotray_v2\sample_outputs_v2\020612_2026_04_07_feldspar_150\020686_2026_04_07_feldspar.jpg,feldspar,feldspar,0,0,1,0.9996498823165894
C:\Users\phuynh\Projects\robotray-main\robotray_v2\sample_outputs_v2\024512_2026_04_16_garnet_150\024564_2026_04_16_garnet.jpg,garnet,garnet,1,1,1,0.9997296929359436
C:\Users\phuynh\Projects\robotray-main\robotray_v2\sample_outputs_v2\021662_2026_04_09_quartz_150\021671_2026_04_09_quartz.jpg,quartz,quartz,4,4,1,0.9997343420982361
C:\Users\phuynh\Projects\robotray-main\robotray_v2\sample_outputs_v2\020612_2026_04_07_feldspar_150\020644_2026_04_07_feldspar.jpg,feldspar,feldspar,0,0,1,0.9962651133537292
C:\Users\phuynh\Projects\robotray-main\robotray_v2\sample_outputs_v2\020762_2026_04_08_feldspar_150\020817_2026_04_08_feldspar.jpg,feldspar,feldspar,0,0,1,0.9995356798171997
C:\Users\phuynh\Projects\robotray-main\robotray_v2\sample_outputs_v2\021362_2026_04_08_quartz_150\021365_2026_04_08_quartz.jpg,quartz,nephe,4,3,0,0.8869379758834839
C:\Users\phuynh\Projects\robotray-main\robotray_v2\sample_outputs_v2\020612_2026_04_07_feldspar_150\020680_2026_04_07_feldspar.jpg,feldspar,feldspar,0,0,1,0.997480571269989
C:\Users\phuynh\Projects\robotray-main\robotray_v2\sample_outputs_v2\023612_2026_04_15_nephe_150\023725_2026_04_15_nephe.jpg,nephe,nephe,3,3,1,0.9975886344909668
C:\Users\phuynh\Projects\robotray-main\robotray_v2\sample_outputs_v2\023462_2026_04_14_nephe_150\023544_2026_04_14_nephe.jpg,nephe,nephe,3,3,1,0.9723891019821167
C:\Users\phuynh\Projects\robotray-main\robotray_v2\sample_outputs_v2\023312_2026_04_14_nephe_150\023408_2026_04_14_nephe.jpg,nephe,nephe,3,3,1,0.9995740056037903
C:\Users\phuynh\Projects\robotray-main\robotray_v2\sample_outputs_v2\020762_2026_04_08_feldspar_150\020876_2026_04_08_feldspar.jpg,feldspar,feldspar,0,0,1,0.9965601563453674
C:\Users\phuynh\Projects\robotray-main\robotray_v2\sample_outputs_v2\021962_2026_04_13_zircon_150\022008_2026_04_13_zircon.jpg,zircon,zircon,7,7,1,0.9999886751174927
C:\Users\phuynh\Projects\robotray-main\robotray_v2\sample_outputs_v2\019412_2026_04_03_rutile_150\019471_2026_04_03_rutile.jpg,rutile,rutile,5,5,1,0.9585383534431458
C:\Users\phuynh\Projects\robotray-main\robotray_v2\sample_outputs_v2\017762_2026_04_01_rutile_150\017886_2026_04_01_rutile.jpg,rutile,rutile,5,5,1,0.9999788999557495
C:\Users\phuynh\Projects\robotray-main\robotray_v2\sample_outputs_v2\022562_2026_04_13_zircon_150\022686_2026_04_13_zircon.jpg,zircon,zircon,7,7,1,0.9993906021118164
C:\Users\phuynh\Projects\robotray-main\robotray_v2\sample_outputs_v2\025562_2026_04_22_tray_150\025578_2026_04_22_tray.jpg,tray,tray,6,6,1,0.9999997615814209
C:\Users\phuynh\Projects\robotray-main\robotray_v2\sample_outputs_v2\019562_2026_04_03_rutile_150\019659_2026_04_03_rutile.jpg,rutile,rutile,5,5,1,0.9994845390319824
C:\Users\phuynh\Projects\robotray-main\robotray_v2\sample_outputs_v2\019262_2026_04_03_rutile_150\019385_2026_04_03_rutile.jpg,rutile,rutile,5,5,1,0.9989603757858276
C:\Users\phuynh\Projects\robotray-main\robotray_v2\sample_outputs_v2\018812_2026_04_02_monazite-bra_150\018871_2026_04_02_monazite-bra.jpg,monazite-bra,monazite-bra,2,2,1,0.9999529123306274
C:\Users\phuynh\Projects\robotray-main\robotray_v2\sample_outputs_v2\019262_2026_04_03_rutile_150\019366_2026_04_03_rutile.jpg,rutile,rutile,5,5,1,0.999991774559021
C:\Users\phuynh\Projects\robotray-main\robotray_v2\sample_outputs_v2\021662_2026_04_09_quartz_150\021691_2026_04_09_quartz.jpg,quartz,nephe,4,3,0,0.8965098857879639
C:\Users\phuynh\Projects\robotray-main\robotray_v2\sample_outputs_v2\019112_2026_04_02_monazite-bra_150\019173_2026_04_02_monazite-bra.jpg,monazite-bra,monazite-bra,2,2,1,0.9999810457229614
C:\Users\phuynh\Projects\robotray-main\robotray_v2\sample_outputs_v2\021362_2026_04_08_quartz_150\021415_2026_04_08_quartz.jpg,quartz,quartz,4,4,1,0.8648021221160889
C:\Users\phuynh\Projects\robotray-main\robotray_v2\sample_outputs_v2\024662_2026_04_21_tray_150\024785_2026_04_21_tray.jpg,tray,tray,6,6,1,0.9999996423721313
C:\Users\phuynh\Projects\robotray-main\robotray_v2\sample_outputs_v2\018662_2026_04_02_monazite-bra_150\018753_2026_04_02_monazite-bra.jpg,monazite-bra,monazite-bra,2,2,1,0.9999967813491821
C:\Users\phuynh\Projects\robotray-main\robotray_v2\sample_outputs_v2\023912_2026_04_15_garnet_150\023951_2026_04_15_garnet.jpg,garnet,garnet,1,1,1,0.9999514818191528
C:\Users\phuynh\Projects\robotray-main\robotray_v2\sample_outputs_v2\018962_2026_04_02_monazite-bra_150\018985_2026_04_02_monazite-bra.jpg,monazite-bra,monazite-bra,2,2,1,0.999884843826294
C:\Users\phuynh\Projects\robotray-main\robotray_v2\sample_outputs_v2\024362_2026_04_16_garnet_150\024447_2026_04_16_garnet.jpg,garnet,garnet,1,1,1,0.9940211176872253
C:\Users\phuynh\Projects\robotray-main\robotray_v2\sample_outputs_v2\018212_2026_04_02_monazite-bra_150\018250_2026_04_02_monazite-bra.jpg,monazite-bra,monazite-bra,2,2,1,0.9999836683273315
C:\Users\phuynh\Projects\robotray-main\robotray_v2\sample_outputs_v2\018212_2026_04_02_monazite-bra_150\018257_2026_04_02_monazite-bra.jpg,monazite-bra,monazite-bra,2,2,1,0.9999600648880005
C:\Users\phuynh\Projects\robotray-main\robotray_v2\sample_outputs_v2\023762_2026_04_15_nephe_150\023784_2026_04_15_nephe.jpg,nephe,nephe,3,3,1,0.9999867677688599
C:\Users\phuynh\Projects\robotray-main\robotray_v2\sample_outputs_v2\019562_2026_04_03_rutile_150\019564_2026_04_03_rutile.jpg,rutile,rutile,5,5,1,0.9995684027671814
C:\Users\phuynh\Projects\robotray-main\robotray_v2\sample_outputs_v2\023762_2026_04_15_nephe_150\023827_2026_04_15_nephe.jpg,nephe,nephe,3,3,1,0.9995187520980835
C:\Users\phuynh\Projects\robotray-main\robotray_v2\sample_outputs_v2\021962_2026_04_13_zircon_150\022078_2026_04_13_zircon.jpg,zircon,zircon,7,7,1,0.9999129772186279
C:\Users\phuynh\Projects\robotray-main\robotray_v2\sample_outputs_v2\023912_2026_04_15_garnet_150\023938_2026_04_15_garnet.jpg,garnet,garnet,1,1,1,0.9997883439064026
C:\Users\phuynh\Projects\robotray-main\robotray_v2\sample_outputs_v2\021212_2026_04_08_quartz_150\021255_2026_04_08_quartz.jpg,quartz,quartz,4,4,1,0.9974938631057739
C:\Users\phuynh\Projects\robotray-main\robotray_v2\sample_outputs_v2\024362_2026_04_16_garnet_150\024450_2026_04_16_garnet.jpg,garnet,garnet,1,1,1,0.9999957084655762
C:\Users\phuynh\Projects\robotray-main\robotray_v2\sample_outputs_v2\021812_2026_04_10_quartz_150\021887_2026_04_10_quartz.jpg,quartz,quartz,4,4,1,0.9998955726623535
C:\Users\phuynh\Projects\robotray-main\robotray_v2\sample_outputs_v2\023762_2026_04_15_nephe_150\023910_2026_04_15_nephe.jpg,nephe,nephe,3,3,1,0.9996589422225952
C:\Users\phuynh\Projects\robotray-main\robotray_v2\sample_outputs_v2\024362_2026_04_16_garnet_150\024508_2026_04_16_garnet.jpg,garnet,garnet,1,1,1,0.9999970197677612
C:\Users\phuynh\Projects\robotray-main\robotray_v2\sample_outputs_v2\023462_2026_04_14_nephe_150\023478_2026_04_14_nephe.jpg,nephe,nephe,3,3,1,0.9983168840408325
C:\Users\phuynh\Projects\robotray-main\robotray_v2\sample_outputs_v2\019412_2026_04_03_rutile_150\019413_2026_04_03_rutile.jpg,rutile,rutile,5,5,1,0.9999741315841675
C:\Users\phuynh\Projects\robotray-main\robotray_v2\sample_outputs_v2\024662_2026_04_21_tray_150\024701_2026_04_21_tray.jpg,tray,tray,6,6,1,0.9999996423721313
C:\Users\phuynh\Projects\robotray-main\robotray_v2\sample_outputs_v2\023762_2026_04_15_nephe_150\023877_2026_04_15_nephe.jpg,nephe,nephe,3,3,1,0.999967098236084
C:\Users\phuynh\Projects\robotray-main\robotray_v2\sample_outputs_v2\022712_2026_04_13_zircon_150\022854_2026_04_13_zircon.jpg,zircon,zircon,7,7,1,0.993126630783081
C:\Users\phuynh\Projects\robotray-main\robotray_v2\sample_outputs_v2\018962_2026_04_02_monazite-bra_150\019032_2026_04_02_monazite-bra.jpg,monazite-bra,monazite-bra,2,2,1,0.9999116659164429
C:\Users\phuynh\Projects\robotray-main\robotray_v2\sample_outputs_v2\024212_2026_04_15_garnet_150\024232_2026_04_15_garnet.jpg,garnet,garnet,1,1,1,0.9641603827476501
C:\Users\phuynh\Projects\robotray-main\robotray_v2\sample_outputs_v2\018662_2026_04_02_monazite-bra_150\018772_2026_04_02_monazite-bra.jpg,monazite-bra,monazite-bra,2,2,1,0.999996542930603
C:\Users\phuynh\Projects\robotray-main\robotray_v2\sample_outputs_v2\021962_2026_04_13_zircon_150\022005_2026_04_13_zircon.jpg,zircon,zircon,7,7,1,0.9998356103897095
C:\Users\phuynh\Projects\robotray-main\robotray_v2\sample_outputs_v2\025562_2026_04_22_tray_150\025668_2026_04_22_tray.jpg,tray,tray,6,6,1,0.9999978542327881
C:\Users\phuynh\Projects\robotray-main\robotray_v2\sample_outputs_v2\019112_2026_04_02_monazite-bra_150\019113_2026_04_02_monazite-bra.jpg,monazite-bra,monazite-bra,2,2,1,0.9999880790710449
C:\Users\phuynh\Projects\robotray-main\robotray_v2\sample_outputs_v2\018812_2026_04_02_monazite-bra_150\018930_2026_04_02_monazite-bra.jpg,monazite-bra,monazite-bra,2,2,1,0.9999886751174927
C:\Users\phuynh\Projects\robotray-main\robotray_v2\sample_outputs_v2\023762_2026_04_15_nephe_150\023773_2026_04_15_nephe.jpg,nephe,nephe,3,3,1,0.9976535439491272
C:\Users\phuynh\Projects\robotray-main\robotray_v2\sample_outputs_v2\021362_2026_04_08_quartz_150\021492_2026_04_08_quartz.jpg,quartz,quartz,4,4,1,0.5427204966545105
C:\Users\phuynh\Projects\robotray-main\robotray_v2\sample_outputs_v2\024212_2026_04_15_garnet_150\024314_2026_04_15_garnet.jpg,garnet,garnet,1,1,1,0.999869704246521
C:\Users\phuynh\Projects\robotray-main\robotray_v2\sample_outputs_v2\019112_2026_04_02_monazite-bra_150\019209_2026_04_02_monazite-bra.jpg,monazite-bra,monazite-bra,2,2,1,0.9999902248382568
C:\Users\phuynh\Projects\robotray-main\robotray_v2\sample_outputs_v2\023312_2026_04_14_nephe_150\023406_2026_04_14_nephe.jpg,nephe,nephe,3,3,1,0.9999197721481323
C:\Users\phuynh\Projects\robotray-main\robotray_v2\sample_outputs_v2\021062_2026_04_08_quartz_150\021204_2026_04_08_quartz.jpg,quartz,feldspar,4,0,0,0.9752166867256165
C:\Users\phuynh\Projects\robotray-main\robotray_v2\sample_outputs_v2\018662_2026_04_02_monazite-bra_150\018796_2026_04_02_monazite-bra.jpg,monazite-bra,rutile,2,5,0,0.5688198208808899
C:\Users\phuynh\Projects\robotray-main\robotray_v2\sample_outputs_v2\024362_2026_04_16_garnet_150\024398_2026_04_16_garnet.jpg,garnet,garnet,1,1,1,0.9999669790267944
C:\Users\phuynh\Projects\robotray-main\robotray_v2\sample_outputs_v2\025562_2026_04_22_tray_150\025606_2026_04_22_tray.jpg,tray,tray,6,6,1,0.9999991655349731
C:\Users\phuynh\Projects\robotray-main\robotray_v2\sample_outputs_v2\019262_2026_04_03_rutile_150\019281_2026_04_03_rutile.jpg,rutile,rutile,5,5,1,0.9999946355819702
C:\Users\phuynh\Projects\robotray-main\robotray_v2\sample_outputs_v2\024212_2026_04_15_garnet_150\024258_2026_04_15_garnet.jpg,garnet,garnet,1,1,1,0.9999359846115112
C:\Users\phuynh\Projects\robotray-main\robotray_v2\sample_outputs_v2\021962_2026_04_13_zircon_150\022045_2026_04_13_zircon.jpg,zircon,zircon,7,7,1,0.9999951124191284
C:\Users\phuynh\Projects\robotray-main\robotray_v2\sample_outputs_v2\018212_2026_04_02_monazite-bra_150\018303_2026_04_02_monazite-bra.jpg,monazite-bra,monazite-bra,2,2,1,0.9999967813491821
C:\Users\phuynh\Projects\robotray-main\robotray_v2\sample_outputs_v2\024962_2026_04_21_tray_150\025001_2026_04_21_tray.jpg,tray,tray,6,6,1,0.9999997615814209
C:\Users\phuynh\Projects\robotray-main\robotray_v2\sample_outputs_v2\020462_2026_04_07_feldspar_150\020608_2026_04_07_feldspar.jpg,feldspar,feldspar,0,0,1,0.9954290390014648
C:\Users\phuynh\Projects\robotray-main\robotray_v2\sample_outputs_v2\019262_2026_04_03_rutile_150\019270_2026_04_03_rutile.jpg,rutile,rutile,5,5,1,0.9997652173042297
C:\Users\phuynh\Projects\robotray-main\robotray_v2\sample_outputs_v2\019112_2026_04_02_monazite-bra_150\019134_2026_04_02_monazite-bra.jpg,monazite-bra,monazite-bra,2,2,1,0.9999898672103882
C:\Users\phuynh\Projects\robotray-main\robotray_v2\sample_outputs_v2\023912_2026_04_15_garnet_150\023955_2026_04_15_garnet.jpg,garnet,garnet,1,1,1,0.999660849571228
C:\Users\phuynh\Projects\robotray-main\robotray_v2\sample_outputs_v2\021362_2026_04_08_quartz_150\021502_2026_04_08_quartz.jpg,quartz,quartz,4,4,1,0.9969332218170166
C:\Users\phuynh\Projects\robotray-main\robotray_v2\sample_outputs_v2\020462_2026_04_07_feldspar_150\020565_2026_04_07_feldspar.jpg,feldspar,feldspar,0,0,1,0.9995552897453308
C:\Users\phuynh\Projects\robotray-main\robotray_v2\sample_outputs_v2\021662_2026_04_09_quartz_150\021712_2026_04_09_quartz.jpg,quartz,nephe,4,3,0,0.7812049984931946
C:\Users\phuynh\Projects\robotray-main\robotray_v2\sample_outputs_v2\020462_2026_04_07_feldspar_150\020583_2026_04_07_feldspar.jpg,feldspar,feldspar,0,0,1,0.9998496770858765
C:\Users\phuynh\Projects\robotray-main\robotray_v2\sample_outputs_v2\019712_2026_04_03_rutile_150\019783_2026_04_03_rutile.jpg,rutile,rutile,5,5,1,0.9996009469032288
C:\Users\phuynh\Projects\robotray-main\robotray_v2\sample_outputs_v2\018812_2026_04_02_monazite-bra_150\018847_2026_04_02_monazite-bra.jpg,monazite-bra,monazite-bra,2,2,1,0.9999737739562988
C:\Users\phuynh\Projects\robotray-main\robotray_v2\sample_outputs_v2\024962_2026_04_21_tray_150\025099_2026_04_21_tray.jpg,tray,tray,6,6,1,0.9999991655349731
C:\Users\phuynh\Projects\robotray-main\robotray_v2\sample_outputs_v2\024212_2026_04_15_garnet_150\024287_2026_04_15_garnet.jpg,garnet,garnet,1,1,1,0.999987006187439
C:\Users\phuynh\Projects\robotray-main\robotray_v2\sample_outputs_v2\022412_2026_04_13_zircon_150\022464_2026_04_13_zircon.jpg,zircon,zircon,7,7,1,0.9999747276306152
C:\Users\phuynh\Projects\robotray-main\robotray_v2\sample_outputs_v2\024962_2026_04_21_tray_150\025076_2026_04_21_tray.jpg,tray,tray,6,6,1,0.9999935626983643
C:\Users\phuynh\Projects\robotray-main\robotray_v2\sample_outputs_v2\023312_2026_04_14_nephe_150\023326_2026_04_14_nephe.jpg,nephe,nephe,3,3,1,0.693963348865509
C:\Users\phuynh\Projects\robotray-main\robotray_v2\sample_outputs_v2\023312_2026_04_14_nephe_150\023393_2026_04_14_nephe.jpg,nephe,nephe,3,3,1,0.99544757604599
C:\Users\phuynh\Projects\robotray-main\robotray_v2\sample_outputs_v2\023912_2026_04_15_garnet_150\024018_2026_04_15_garnet.jpg,garnet,garnet,1,1,1,0.9999868869781494
C:\Users\phuynh\Projects\robotray-main\robotray_v2\sample_outputs_v2\021812_2026_04_10_quartz_150\021833_2026_04_10_quartz.jpg,quartz,quartz,4,4,1,0.9998390674591064
C:\Users\phuynh\Projects\robotray-main\robotray_v2\sample_outputs_v2\018212_2026_04_02_monazite-bra_150\018293_2026_04_02_monazite-bra.jpg,monazite-bra,monazite-bra,2,2,1,0.9999969005584717
C:\Users\phuynh\Projects\robotray-main\robotray_v2\sample_outputs_v2\023762_2026_04_15_nephe_150\023839_2026_04_15_nephe.jpg,nephe,nephe,3,3,1,0.9998729228973389
C:\Users\phuynh\Projects\robotray-main\robotray_v2\sample_outputs_v2\023312_2026_04_14_nephe_150\023416_2026_04_14_nephe.jpg,nephe,nephe,3,3,1,0.9997455477714539
C:\Users\phuynh\Projects\robotray-main\robotray_v2\sample_outputs_v2\023012_2026_04_14_nephe_150\023155_2026_04_14_nephe.jpg,nephe,nephe,3,3,1,0.9817009568214417
C:\Users\phuynh\Projects\robotray-main\robotray_v2\sample_outputs_v2\018212_2026_04_02_monazite-bra_150\018240_2026_04_02_monazite-bra.jpg,monazite-bra,monazite-bra,2,2,1,0.9999864101409912
C:\Users\phuynh\Projects\robotray-main\robotray_v2\sample_outputs_v2\024062_2026_04_15_garnet_150\024180_2026_04_15_garnet.jpg,garnet,garnet,1,1,1,0.9885876178741455
C:\Users\phuynh\Projects\robotray-main\robotray_v2\sample_outputs_v2\021662_2026_04_09_quartz_150\021761_2026_04_09_quartz.jpg,quartz,quartz,4,4,1,0.9988201260566711
C:\Users\phuynh\Projects\robotray-main\robotray_v2\sample_outputs_v2\019262_2026_04_03_rutile_150\019358_2026_04_03_rutile.jpg,rutile,rutile,5,5,1,0.9998705387115479
C:\Users\phuynh\Projects\robotray-main\robotray_v2\sample_outputs_v2\019562_2026_04_03_rutile_150\019602_2026_04_03_rutile.jpg,rutile,rutile,5,5,1,0.9999465942382812
C:\Users\phuynh\Projects\robotray-main\robotray_v2\sample_outputs_v2\021812_2026_04_10_quartz_150\021840_2026_04_10_quartz.jpg,quartz,quartz,4,4,1,0.9453951120376587
C:\Users\phuynh\Projects\robotray-main\robotray_v2\sample_outputs_v2\018812_2026_04_02_monazite-bra_150\018860_2026_04_02_monazite-bra.jpg,monazite-bra,monazite-bra,2,2,1,0.9999650716781616
C:\Users\phuynh\Projects\robotray-main\robotray_v2\sample_outputs_v2\022412_2026_04_13_zircon_150\022426_2026_04_13_zircon.jpg,zircon,zircon,7,7,1,0.9984049201011658
C:\Users\phuynh\Projects\robotray-main\robotray_v2\sample_outputs_v2\023912_2026_04_15_garnet_150\024007_2026_04_15_garnet.jpg,garnet,garnet,1,1,1,0.9993637204170227
C:\Users\phuynh\Projects\robotray-main\robotray_v2\sample_outputs_v2\022712_2026_04_13_zircon_150\022716_2026_04_13_zircon.jpg,zircon,zircon,7,7,1,0.9999986886978149
C:\Users\phuynh\Projects\robotray-main\robotray_v2\sample_outputs_v2\021212_2026_04_08_quartz_150\021283_2026_04_08_quartz.jpg,quartz,quartz,4,4,1,0.9998428821563721
C:\Users\phuynh\Projects\robotray-main\robotray_v2\sample_outputs_v2\024662_2026_04_21_tray_150\024709_2026_04_21_tray.jpg,tray,tray,6,6,1,1.0
C:\Users\phuynh\Projects\robotray-main\robotray_v2\sample_outputs_v2\021662_2026_04_09_quartz_150\021799_2026_04_09_quartz.jpg,quartz,quartz,4,4,1,0.9988102912902832
C:\Users\phuynh\Projects\robotray-main\robotray_v2\sample_outputs_v2\019262_2026_04_03_rutile_150\019384_2026_04_03_rutile.jpg,rutile,rutile,5,5,1,0.9999421834945679
C:\Users\phuynh\Projects\robotray-main\robotray_v2\sample_outputs_v2\024962_2026_04_21_tray_150\025058_2026_04_21_tray.jpg,tray,tray,6,6,1,0.9999984502792358
C:\Users\phuynh\Projects\robotray-main\robotray_v2\sample_outputs_v2\023912_2026_04_15_garnet_150\023968_2026_04_15_garnet.jpg,garnet,garnet,1,1,1,0.9999086856842041
C:\Users\phuynh\Projects\robotray-main\robotray_v2\sample_outputs_v2\019562_2026_04_03_rutile_150\019600_2026_04_03_rutile.jpg,rutile,rutile,5,5,1,0.9999446868896484
C:\Users\phuynh\Projects\robotray-main\robotray_v2\sample_outputs_v2\023762_2026_04_15_nephe_150\023822_2026_04_15_nephe.jpg,nephe,nephe,3,3,1,0.9995417594909668
C:\Users\phuynh\Projects\robotray-main\robotray_v2\sample_outputs_v2\018962_2026_04_02_monazite-bra_150\019001_2026_04_02_monazite-bra.jpg,monazite-bra,monazite-bra,2,2,1,0.9999990463256836
C:\Users\phuynh\Projects\robotray-main\robotray_v2\sample_outputs_v2\019262_2026_04_03_rutile_150\019310_2026_04_03_rutile.jpg,rutile,rutile,5,5,1,0.9996693134307861
C:\Users\phuynh\Projects\robotray-main\robotray_v2\sample_outputs_v2\018962_2026_04_02_monazite-bra_150\018966_2026_04_02_monazite-bra.jpg,monazite-bra,rutile,2,5,0,0.6089920401573181
C:\Users\phuynh\Projects\robotray-main\robotray_v2\sample_outputs_v2\022412_2026_04_13_zircon_150\022512_2026_04_13_zircon.jpg,zircon,zircon,7,7,1,0.9981914162635803
C:\Users\phuynh\Projects\robotray-main\robotray_v2\sample_outputs_v2\023462_2026_04_14_nephe_150\023555_2026_04_14_nephe.jpg,nephe,nephe,3,3,1,0.998573899269104
C:\Users\phuynh\Projects\robotray-main\robotray_v2\sample_outputs_v2\024512_2026_04_16_garnet_150\024645_2026_04_16_garnet.jpg,garnet,garnet,1,1,1,0.9997374415397644
C:\Users\phuynh\Projects\robotray-main\robotray_v2\sample_outputs_v2\020312_2026_04_07_feldspar_150\020407_2026_04_07_feldspar.jpg,feldspar,feldspar,0,0,1,0.9387385249137878
C:\Users\phuynh\Projects\robotray-main\robotray_v2\sample_outputs_v2\022412_2026_04_13_zircon_150\022500_2026_04_13_zircon.jpg,zircon,zircon,7,7,1,0.9997630715370178
C:\Users\phuynh\Projects\robotray-main\robotray_v2\sample_outputs_v2\023462_2026_04_14_nephe_150\023522_2026_04_14_nephe.jpg,nephe,nephe,3,3,1,0.9934048056602478
C:\Users\phuynh\Projects\robotray-main\robotray_v2\sample_outputs_v2\020312_2026_04_07_feldspar_150\020417_2026_04_07_feldspar.jpg,feldspar,feldspar,0,0,1,0.9999001026153564
C:\Users\phuynh\Projects\robotray-main\robotray_v2\sample_outputs_v2\024212_2026_04_15_garnet_150\024262_2026_04_15_garnet.jpg,garnet,garnet,1,1,1,0.9999830722808838
C:\Users\phuynh\Projects\robotray-main\robotray_v2\sample_outputs_v2\025112_2026_04_21_tray_150\025223_2026_04_21_tray.jpg,tray,tray,6,6,1,0.999987006187439
C:\Users\phuynh\Projects\robotray-main\robotray_v2\sample_outputs_v2\019412_2026_04_03_rutile_150\019545_2026_04_03_rutile.jpg,rutile,rutile,5,5,1,0.998992383480072
C:\Users\phuynh\Projects\robotray-main\robotray_v2\sample_outputs_v2\024062_2026_04_15_garnet_150\024169_2026_04_15_garnet.jpg,garnet,garnet,1,1,1,0.9949613809585571
C:\Users\phuynh\Projects\robotray-main\robotray_v2\sample_outputs_v2\018812_2026_04_02_monazite-bra_150\018908_2026_04_02_monazite-bra.jpg,monazite-bra,monazite-bra,2,2,1,0.9999642372131348
C:\Users\phuynh\Projects\robotray-main\robotray_v2\sample_outputs_v2\025112_2026_04_21_tray_150\025196_2026_04_21_tray.jpg,tray,tray,6,6,1,0.9999971389770508
C:\Users\phuynh\Projects\robotray-main\robotray_v2\sample_outputs_v2\018212_2026_04_02_monazite-bra_150\018244_2026_04_02_monazite-bra.jpg,monazite-bra,monazite-bra,2,2,1,0.9999898672103882
C:\Users\phuynh\Projects\robotray-main\robotray_v2\sample_outputs_v2\020462_2026_04_07_feldspar_150\020471_2026_04_07_feldspar.jpg,feldspar,feldspar,0,0,1,0.9999855756759644
C:\Users\phuynh\Projects\robotray-main\robotray_v2\sample_outputs_v2\020312_2026_04_07_feldspar_150\020333_2026_04_07_feldspar.jpg,feldspar,feldspar,0,0,1,0.9997679591178894
C:\Users\phuynh\Projects\robotray-main\robotray_v2\sample_outputs_v2\021962_2026_04_13_zircon_150\022084_2026_04_13_zircon.jpg,zircon,zircon,7,7,1,0.9999816417694092
C:\Users\phuynh\Projects\robotray-main\robotray_v2\sample_outputs_v2\019412_2026_04_03_rutile_150\019504_2026_04_03_rutile.jpg,rutile,rutile,5,5,1,0.9994269609451294
C:\Users\phuynh\Projects\robotray-main\robotray_v2\sample_outputs_v2\023462_2026_04_14_nephe_150\023524_2026_04_14_nephe.jpg,nephe,nephe,3,3,1,0.999991774559021
C:\Users\phuynh\Projects\robotray-main\robotray_v2\sample_outputs_v2\021812_2026_04_10_quartz_150\021954_2026_04_10_quartz.jpg,quartz,quartz,4,4,1,0.999962568283081
C:\Users\phuynh\Projects\robotray-main\robotray_v2\sample_outputs_v2\018212_2026_04_02_monazite-bra_150\018335_2026_04_02_monazite-bra.jpg,monazite-bra,monazite-bra,2,2,1,0.9999918937683105
C:\Users\phuynh\Projects\robotray-main\robotray_v2\sample_outputs_v2\023912_2026_04_15_garnet_150\024045_2026_04_15_garnet.jpg,garnet,garnet,1,1,1,0.9997835755348206
C:\Users\phuynh\Projects\robotray-main\robotray_v2\sample_outputs_v2\018662_2026_04_02_monazite-bra_150\018800_2026_04_02_monazite-bra.jpg,monazite-bra,monazite-bra,2,2,1,0.9999933242797852
C:\Users\phuynh\Projects\robotray-main\robotray_v2\sample_outputs_v2\017762_2026_04_01_rutile_150\017780_2026_04_01_rutile.jpg,rutile,rutile,5,5,1,0.9999152421951294
C:\Users\phuynh\Projects\robotray-main\robotray_v2\sample_outputs_v2\020312_2026_04_07_feldspar_150\020313_2026_04_07_feldspar.jpg,feldspar,feldspar,0,0,1,0.9997288584709167
C:\Users\phuynh\Projects\robotray-main\robotray_v2\sample_outputs_v2\022712_2026_04_13_zircon_150\022759_2026_04_13_zircon.jpg,zircon,zircon,7,7,1,0.9999606609344482
C:\Users\phuynh\Projects\robotray-main\robotray_v2\sample_outputs_v2\024212_2026_04_15_garnet_150\024272_2026_04_15_garnet.jpg,garnet,garnet,1,1,1,0.9999939203262329
C:\Users\phuynh\Projects\robotray-main\robotray_v2\sample_outputs_v2\021062_2026_04_08_quartz_150\021144_2026_04_08_quartz.jpg,quartz,feldspar,4,0,0,0.9990794658660889
C:\Users\phuynh\Projects\robotray-main\robotray_v2\sample_outputs_v2\021662_2026_04_09_quartz_150\021727_2026_04_09_quartz.jpg,quartz,quartz,4,4,1,0.9792234897613525
C:\Users\phuynh\Projects\robotray-main\robotray_v2\sample_outputs_v2\021662_2026_04_09_quartz_150\021676_2026_04_09_quartz.jpg,quartz,quartz,4,4,1,0.9999712705612183
C:\Users\phuynh\Projects\robotray-main\robotray_v2\sample_outputs_v2\023612_2026_04_15_nephe_150\023649_2026_04_15_nephe.jpg,nephe,nephe,3,3,1,0.9996821880340576
C:\Users\phuynh\Projects\robotray-main\robotray_v2\sample_outputs_v2\018962_2026_04_02_monazite-bra_150\019083_2026_04_02_monazite-bra.jpg,monazite-bra,monazite-bra,2,2,1,0.9999912977218628
C:\Users\phuynh\Projects\robotray-main\robotray_v2\sample_outputs_v2\022712_2026_04_13_zircon_150\022842_2026_04_13_zircon.jpg,zircon,zircon,7,7,1,0.999784529209137
C:\Users\phuynh\Projects\robotray-main\robotray_v2\sample_outputs_v2\023312_2026_04_14_nephe_150\023401_2026_04_14_nephe.jpg,nephe,nephe,3,3,1,0.9903982877731323
C:\Users\phuynh\Projects\robotray-main\robotray_v2\sample_outputs_v2\025112_2026_04_21_tray_150\025161_2026_04_21_tray.jpg,tray,tray,6,6,1,0.9999997615814209
C:\Users\phuynh\Projects\robotray-main\robotray_v2\sample_outputs_v2\022862_2026_04_14_zircon_150\022876_2026_04_14_zircon.jpg,zircon,zircon,7,7,1,0.9999805688858032
C:\Users\phuynh\Projects\robotray-main\robotray_v2\sample_outputs_v2\025112_2026_04_21_tray_150\025204_2026_04_21_tray.jpg,tray,tray,6,6,1,0.9999992847442627
C:\Users\phuynh\Projects\robotray-main\robotray_v2\sample_outputs_v2\021812_2026_04_10_quartz_150\021933_2026_04_10_quartz.jpg,quartz,quartz,4,4,1,0.6214107871055603
C:\Users\phuynh\Projects\robotray-main\robotray_v2\sample_outputs_v2\018662_2026_04_02_monazite-bra_150\018806_2026_04_02_monazite-bra.jpg,monazite-bra,monazite-bra,2,2,1,0.9999957084655762
C:\Users\phuynh\Projects\robotray-main\robotray_v2\sample_outputs_v2\024512_2026_04_16_garnet_150\024661_2026_04_16_garnet.jpg,garnet,garnet,1,1,1,0.9999988079071045
C:\Users\phuynh\Projects\robotray-main\robotray_v2\sample_outputs_v2\023612_2026_04_15_nephe_150\023701_2026_04_15_nephe.jpg,nephe,nephe,3,3,1,0.9943699240684509
C:\Users\phuynh\Projects\robotray-main\robotray_v2\sample_outputs_v2\023312_2026_04_14_nephe_150\023342_2026_04_14_nephe.jpg,nephe,quartz,3,4,0,0.9563848972320557
C:\Users\phuynh\Projects\robotray-main\robotray_v2\sample_outputs_v2\019412_2026_04_03_rutile_150\019468_2026_04_03_rutile.jpg,rutile,rutile,5,5,1,0.9994874000549316
C:\Users\phuynh\Projects\robotray-main\robotray_v2\sample_outputs_v2\022412_2026_04_13_zircon_150\022435_2026_04_13_zircon.jpg,zircon,zircon,7,7,1,0.9999961853027344
C:\Users\phuynh\Projects\robotray-main\robotray_v2\sample_outputs_v2\017762_2026_04_01_rutile_150\017840_2026_04_01_rutile.jpg,rutile,quartz,5,4,0,0.7459041476249695
C:\Users\phuynh\Projects\robotray-main\robotray_v2\sample_outputs_v2\019262_2026_04_03_rutile_150\019405_2026_04_03_rutile.jpg,rutile,rutile,5,5,1,0.9731016159057617
C:\Users\phuynh\Projects\robotray-main\robotray_v2\sample_outputs_v2\021812_2026_04_10_quartz_150\021847_2026_04_10_quartz.jpg,quartz,quartz,4,4,1,0.9693218469619751
C:\Users\phuynh\Projects\robotray-main\robotray_v2\sample_outputs_v2\020762_2026_04_08_feldspar_150\020786_2026_04_08_feldspar.jpg,feldspar,feldspar,0,0,1,0.9999175071716309
C:\Users\phuynh\Projects\robotray-main\robotray_v2\sample_outputs_v2\021062_2026_04_08_quartz_150\021148_2026_04_08_quartz.jpg,quartz,feldspar,4,0,0,0.5542109608650208
C:\Users\phuynh\Projects\robotray-main\robotray_v2\sample_outputs_v2\024512_2026_04_16_garnet_150\024638_2026_04_16_garnet.jpg,garnet,garnet,1,1,1,0.999915361404419
C:\Users\phuynh\Projects\robotray-main\robotray_v2\sample_outputs_v2\022562_2026_04_13_zircon_150\022687_2026_04_13_zircon.jpg,zircon,zircon,7,7,1,1.0
C:\Users\phuynh\Projects\robotray-main\robotray_v2\sample_outputs_v2\023612_2026_04_15_nephe_150\023623_2026_04_15_nephe.jpg,nephe,nephe,3,3,1,0.9999740123748779
C:\Users\phuynh\Projects\robotray-main\robotray_v2\sample_outputs_v2\022712_2026_04_13_zircon_150\022788_2026_04_13_zircon.jpg,zircon,zircon,7,7,1,0.9999626874923706
C:\Users\phuynh\Projects\robotray-main\robotray_v2\sample_outputs_v2\019262_2026_04_03_rutile_150\019344_2026_04_03_rutile.jpg,rutile,rutile,5,5,1,0.9863083958625793
C:\Users\phuynh\Projects\robotray-main\robotray_v2\sample_outputs_v2\025112_2026_04_21_tray_150\025233_2026_04_21_tray.jpg,tray,tray,6,6,1,0.9999995231628418
C:\Users\phuynh\Projects\robotray-main\robotray_v2\sample_outputs_v2\023912_2026_04_15_garnet_150\023958_2026_04_15_garnet.jpg,garnet,garnet,1,1,1,0.9999812841415405
C:\Users\phuynh\Projects\robotray-main\robotray_v2\sample_outputs_v2\019262_2026_04_03_rutile_150\019388_2026_04_03_rutile.jpg,rutile,rutile,5,5,1,0.9995137453079224
C:\Users\phuynh\Projects\robotray-main\robotray_v2\sample_outputs_v2\024062_2026_04_15_garnet_150\024185_2026_04_15_garnet.jpg,garnet,garnet,1,1,1,0.8993173837661743
C:\Users\phuynh\Projects\robotray-main\robotray_v2\sample_outputs_v2\020312_2026_04_07_feldspar_150\020376_2026_04_07_feldspar.jpg,feldspar,feldspar,0,0,1,0.9879746437072754
C:\Users\phuynh\Projects\robotray-main\robotray_v2\sample_outputs_v2\018962_2026_04_02_monazite-bra_150\019062_2026_04_02_monazite-bra.jpg,monazite-bra,monazite-bra,2,2,1,0.9999897480010986
C:\Users\phuynh\Projects\robotray-main\robotray_v2\sample_outputs_v2\024362_2026_04_16_garnet_150\024493_2026_04_16_garnet.jpg,garnet,garnet,1,1,1,0.999866247177124
C:\Users\phuynh\Projects\robotray-main\robotray_v2\sample_outputs_v2\023462_2026_04_14_nephe_150\023504_2026_04_14_nephe.jpg,nephe,nephe,3,3,1,0.9038416147232056
C:\Users\phuynh\Projects\robotray-main\robotray_v2\sample_outputs_v2\020312_2026_04_07_feldspar_150\020410_2026_04_07_feldspar.jpg,feldspar,feldspar,0,0,1,0.9999423027038574
C:\Users\phuynh\Projects\robotray-main\robotray_v2\sample_outputs_v2\020612_2026_04_07_feldspar_150\020629_2026_04_07_feldspar.jpg,feldspar,feldspar,0,0,1,0.9877009987831116
C:\Users\phuynh\Projects\robotray-main\robotray_v2\sample_outputs_v2\021662_2026_04_09_quartz_150\021719_2026_04_09_quartz.jpg,quartz,nephe,4,3,0,0.7594524621963501
C:\Users\phuynh\Projects\robotray-main\robotray_v2\sample_outputs_v2\021362_2026_04_08_quartz_150\021459_2026_04_08_quartz.jpg,quartz,quartz,4,4,1,0.6764774918556213
C:\Users\phuynh\Projects\robotray-main\robotray_v2\sample_outputs_v2\018812_2026_04_02_monazite-bra_150\018933_2026_04_02_monazite-bra.jpg,monazite-bra,monazite-bra,2,2,1,0.9999961853027344
C:\Users\phuynh\Projects\robotray-main\robotray_v2\sample_outputs_v2\017762_2026_04_01_rutile_150\017904_2026_04_01_rutile.jpg,rutile,rutile,5,5,1,0.9152051210403442
C:\Users\phuynh\Projects\robotray-main\robotray_v2\sample_outputs_v2\019712_2026_04_03_rutile_150\019731_2026_04_03_rutile.jpg,rutile,rutile,5,5,1,0.999992847442627
C:\Users\phuynh\Projects\robotray-main\robotray_v2\sample_outputs_v2\020612_2026_04_07_feldspar_150\020621_2026_04_07_feldspar.jpg,feldspar,feldspar,0,0,1,0.9999685287475586
C:\Users\phuynh\Projects\robotray-main\robotray_v2\sample_outputs_v2\024812_2026_04_21_tray_150\024882_2026_04_21_tray.jpg,tray,tray,6,6,1,0.9999978542327881
C:\Users\phuynh\Projects\robotray-main\robotray_v2\sample_outputs_v2\020762_2026_04_08_feldspar_150\020823_2026_04_08_feldspar.jpg,feldspar,feldspar,0,0,1,0.9986176490783691
C:\Users\phuynh\Projects\robotray-main\robotray_v2\sample_outputs_v2\022862_2026_04_14_zircon_150\022951_2026_04_14_zircon.jpg,zircon,zircon,7,7,1,0.9999706745147705
C:\Users\phuynh\Projects\robotray-main\robotray_v2\sample_outputs_v2\023912_2026_04_15_garnet_150\023927_2026_04_15_garnet.jpg,garnet,garnet,1,1,1,0.9997879862785339
C:\Users\phuynh\Projects\robotray-main\robotray_v2\sample_outputs_v2\025562_2026_04_22_tray_150\025678_2026_04_22_tray.jpg,tray,tray,6,6,1,0.9999990463256836
C:\Users\phuynh\Projects\robotray-main\robotray_v2\sample_outputs_v2\024212_2026_04_15_garnet_150\024275_2026_04_15_garnet.jpg,garnet,garnet,1,1,1,0.9998701810836792
C:\Users\phuynh\Projects\robotray-main\robotray_v2\sample_outputs_v2\023012_2026_04_14_nephe_150\023076_2026_04_14_nephe.jpg,nephe,nephe,3,3,1,0.9467284083366394
C:\Users\phuynh\Projects\robotray-main\robotray_v2\sample_outputs_v2\018662_2026_04_02_monazite-bra_150\018702_2026_04_02_monazite-bra.jpg,monazite-bra,monazite-bra,2,2,1,0.999994158744812
C:\Users\phuynh\Projects\robotray-main\robotray_v2\sample_outputs_v2\020462_2026_04_07_feldspar_150\020501_2026_04_07_feldspar.jpg,feldspar,feldspar,0,0,1,0.9970439076423645
C:\Users\phuynh\Projects\robotray-main\robotray_v2\sample_outputs_v2\019112_2026_04_02_monazite-bra_150\019187_2026_04_02_monazite-bra.jpg,monazite-bra,monazite-bra,2,2,1,0.9999948740005493
C:\Users\phuynh\Projects\robotray-main\robotray_v2\sample_outputs_v2\022712_2026_04_13_zircon_150\022838_2026_04_13_zircon.jpg,zircon,zircon,7,7,1,0.9992031455039978
C:\Users\phuynh\Projects\robotray-main\robotray_v2\sample_outputs_v2\022712_2026_04_13_zircon_150\022780_2026_04_13_zircon.jpg,zircon,zircon,7,7,1,0.9999512434005737
C:\Users\phuynh\Projects\robotray-main\robotray_v2\sample_outputs_v2\022862_2026_04_14_zircon_150\022990_2026_04_14_zircon.jpg,zircon,zircon,7,7,1,0.9999924898147583
C:\Users\phuynh\Projects\robotray-main\robotray_v2\sample_outputs_v2\023312_2026_04_14_nephe_150\023424_2026_04_14_nephe.jpg,nephe,nephe,3,3,1,0.9280997514724731
C:\Users\phuynh\Projects\robotray-main\robotray_v2\sample_outputs_v2\022712_2026_04_13_zircon_150\022797_2026_04_13_zircon.jpg,zircon,zircon,7,7,1,0.9999022483825684
C:\Users\phuynh\Projects\robotray-main\robotray_v2\sample_outputs_v2\024962_2026_04_21_tray_150\025028_2026_04_21_tray.jpg,tray,tray,6,6,1,0.9999997615814209
C:\Users\phuynh\Projects\robotray-main\robotray_v2\sample_outputs_v2\019412_2026_04_03_rutile_150\019552_2026_04_03_rutile.jpg,rutile,rutile,5,5,1,0.9984706044197083
C:\Users\phuynh\Projects\robotray-main\robotray_v2\sample_outputs_v2\020312_2026_04_07_feldspar_150\020399_2026_04_07_feldspar.jpg,feldspar,quartz,0,4,0,0.9111436605453491
C:\Users\phuynh\Projects\robotray-main\robotray_v2\sample_outputs_v2\024962_2026_04_21_tray_150\025087_2026_04_21_tray.jpg,tray,tray,6,6,1,0.9999923706054688
C:\Users\phuynh\Projects\robotray-main\robotray_v2\sample_outputs_v2\021062_2026_04_08_quartz_150\021096_2026_04_08_quartz.jpg,quartz,quartz,4,4,1,0.9992262125015259
C:\Users\phuynh\Projects\robotray-main\robotray_v2\sample_outputs_v2\019262_2026_04_03_rutile_150\019329_2026_04_03_rutile.jpg,rutile,nephe,5,3,0,0.9991629123687744
C:\Users\phuynh\Projects\robotray-main\robotray_v2\sample_outputs_v2\022412_2026_04_13_zircon_150\022449_2026_04_13_zircon.jpg,zircon,zircon,7,7,1,0.9999995231628418
C:\Users\phuynh\Projects\robotray-main\robotray_v2\sample_outputs_v2\024062_2026_04_15_garnet_150\024095_2026_04_15_garnet.jpg,garnet,nephe,1,3,0,0.999534010887146
C:\Users\phuynh\Projects\robotray-main\robotray_v2\sample_outputs_v2\024962_2026_04_21_tray_150\025067_2026_04_21_tray.jpg,tray,tray,6,6,1,0.9999974966049194
C:\Users\phuynh\Projects\robotray-main\robotray_v2\sample_outputs_v2\025112_2026_04_21_tray_150\025248_2026_04_21_tray.jpg,tray,tray,6,6,1,0.9999994039535522
C:\Users\phuynh\Projects\robotray-main\robotray_v2\sample_outputs_v2\018812_2026_04_02_monazite-bra_150\018923_2026_04_02_monazite-bra.jpg,monazite-bra,monazite-bra,2,2,1,0.9999608993530273
C:\Users\phuynh\Projects\robotray-main\robotray_v2\sample_outputs_v2\021962_2026_04_13_zircon_150\021967_2026_04_13_zircon.jpg,zircon,zircon,7,7,1,0.9979281425476074
C:\Users\phuynh\Projects\robotray-main\robotray_v2\sample_outputs_v2\022562_2026_04_13_zircon_150\022639_2026_04_13_zircon.jpg,zircon,zircon,7,7,1,0.9934117197990417
C:\Users\phuynh\Projects\robotray-main\robotray_v2\sample_outputs_v2\019112_2026_04_02_monazite-bra_150\019201_2026_04_02_monazite-bra.jpg,monazite-bra,monazite-bra,2,2,1,0.9999674558639526
C:\Users\phuynh\Projects\robotray-main\robotray_v2\sample_outputs_v2\023012_2026_04_14_nephe_150\023104_2026_04_14_nephe.jpg,nephe,nephe,3,3,1,0.999907374382019
C:\Users\phuynh\Projects\robotray-main\robotray_v2\sample_outputs_v2\023462_2026_04_14_nephe_150\023563_2026_04_14_nephe.jpg,nephe,nephe,3,3,1,0.5402982234954834
C:\Users\phuynh\Projects\robotray-main\robotray_v2\sample_outputs_v2\024062_2026_04_15_garnet_150\024117_2026_04_15_garnet.jpg,garnet,garnet,1,1,1,0.99993896484375
C:\Users\phuynh\Projects\robotray-main\robotray_v2\sample_outputs_v2\024512_2026_04_16_garnet_150\024579_2026_04_16_garnet.jpg,garnet,garnet,1,1,1,0.9999998807907104
C:\Users\phuynh\Projects\robotray-main\robotray_v2\sample_outputs_v2\018662_2026_04_02_monazite-bra_150\018773_2026_04_02_monazite-bra.jpg,monazite-bra,monazite-bra,2,2,1,0.9999922513961792
C:\Users\phuynh\Projects\robotray-main\robotray_v2\sample_outputs_v2\025562_2026_04_22_tray_150\025649_2026_04_22_tray.jpg,tray,tray,6,6,1,0.9999988079071045
C:\Users\phuynh\Projects\robotray-main\robotray_v2\sample_outputs_v2\022412_2026_04_13_zircon_150\022463_2026_04_13_zircon.jpg,zircon,zircon,7,7,1,0.999991774559021
C:\Users\phuynh\Projects\robotray-main\robotray_v2\sample_outputs_v2\021662_2026_04_09_quartz_150\021784_2026_04_09_quartz.jpg,quartz,quartz,4,4,1,0.9894635677337646
C:\Users\phuynh\Projects\robotray-main\robotray_v2\sample_outputs_v2\024812_2026_04_21_tray_150\024911_2026_04_21_tray.jpg,tray,tray,6,6,1,0.9999992847442627
C:\Users\phuynh\Projects\robotray-main\robotray_v2\sample_outputs_v2\021212_2026_04_08_quartz_150\021271_2026_04_08_quartz.jpg,quartz,quartz,4,4,1,0.9929801821708679
C:\Users\phuynh\Projects\robotray-main\robotray_v2\sample_outputs_v2\021812_2026_04_10_quartz_150\021816_2026_04_10_quartz.jpg,quartz,nephe,4,3,0,0.9838518500328064
C:\Users\phuynh\Projects\robotray-main\robotray_v2\sample_outputs_v2\022862_2026_04_14_zircon_150\022902_2026_04_14_zircon.jpg,zircon,zircon,7,7,1,1.0
C:\Users\phuynh\Projects\robotray-main\robotray_v2\sample_outputs_v2\018662_2026_04_02_monazite-bra_150\018762_2026_04_02_monazite-bra.jpg,monazite-bra,monazite-bra,2,2,1,0.9999969005584717
C:\Users\phuynh\Projects\robotray-main\robotray_v2\sample_outputs_v2\017762_2026_04_01_rutile_150\017900_2026_04_01_rutile.jpg,rutile,rutile,5,5,1,0.9993512034416199
C:\Users\phuynh\Projects\robotray-main\robotray_v2\sample_outputs_v2\024962_2026_04_21_tray_150\025002_2026_04_21_tray.jpg,tray,tray,6,6,1,0.9999979734420776
C:\Users\phuynh\Projects\robotray-main\robotray_v2\sample_outputs_v2\025562_2026_04_22_tray_150\025689_2026_04_22_tray.jpg,tray,tray,6,6,1,0.9999840259552002
C:\Users\phuynh\Projects\robotray-main\robotray_v2\sample_outputs_v2\020312_2026_04_07_feldspar_150\020344_2026_04_07_feldspar.jpg,feldspar,feldspar,0,0,1,0.9999914169311523
C:\Users\phuynh\Projects\robotray-main\robotray_v2\sample_outputs_v2\021812_2026_04_10_quartz_150\021875_2026_04_10_quartz.jpg,quartz,quartz,4,4,1,0.814017653465271
C:\Users\phuynh\Projects\robotray-main\robotray_v2\sample_outputs_v2\023462_2026_04_14_nephe_150\023569_2026_04_14_nephe.jpg,nephe,nephe,3,3,1,0.9996507167816162
C:\Users\phuynh\Projects\robotray-main\robotray_v2\sample_outputs_v2\019112_2026_04_02_monazite-bra_150\019194_2026_04_02_monazite-bra.jpg,monazite-bra,monazite-bra,2,2,1,0.9998201727867126
C:\Users\phuynh\Projects\robotray-main\robotray_v2\sample_outputs_v2\018962_2026_04_02_monazite-bra_150\019104_2026_04_02_monazite-bra.jpg,monazite-bra,monazite-bra,2,2,1,0.9999970197677612
C:\Users\phuynh\Projects\robotray-main\robotray_v2\sample_outputs_v2\024362_2026_04_16_garnet_150\024394_2026_04_16_garnet.jpg,garnet,garnet,1,1,1,0.9999983310699463
C:\Users\phuynh\Projects\robotray-main\robotray_v2\sample_outputs_v2\020912_2026_04_08_feldspar_150\021001_2026_04_08_feldspar.jpg,feldspar,feldspar,0,0,1,0.9774464964866638
C:\Users\phuynh\Projects\robotray-main\robotray_v2\sample_outputs_v2\018812_2026_04_02_monazite-bra_150\018827_2026_04_02_monazite-bra.jpg,monazite-bra,monazite-bra,2,2,1,0.9998078942298889
C:\Users\phuynh\Projects\robotray-main\robotray_v2\sample_outputs_v2\019562_2026_04_03_rutile_150\019685_2026_04_03_rutile.jpg,rutile,rutile,5,5,1,0.9993255138397217
C:\Users\phuynh\Projects\robotray-main\robotray_v2\sample_outputs_v2\018662_2026_04_02_monazite-bra_150\018735_2026_04_02_monazite-bra.jpg,monazite-bra,nephe,2,3,0,0.3039171099662781
C:\Users\phuynh\Projects\robotray-main\robotray_v2\sample_outputs_v2\023012_2026_04_14_nephe_150\023126_2026_04_14_nephe.jpg,nephe,nephe,3,3,1,0.9962463974952698
C:\Users\phuynh\Projects\robotray-main\robotray_v2\sample_outputs_v2\023912_2026_04_15_garnet_150\024021_2026_04_15_garnet.jpg,garnet,garnet,1,1,1,0.9999985694885254
C:\Users\phuynh\Projects\robotray-main\robotray_v2\sample_outputs_v2\020462_2026_04_07_feldspar_150\020528_2026_04_07_feldspar.jpg,feldspar,feldspar,0,0,1,0.9998781681060791
C:\Users\phuynh\Projects\robotray-main\robotray_v2\sample_outputs_v2\020762_2026_04_08_feldspar_150\020878_2026_04_08_feldspar.jpg,feldspar,feldspar,0,0,1,0.9961180686950684
C:\Users\phuynh\Projects\robotray-main\robotray_v2\sample_outputs_v2\024212_2026_04_15_garnet_150\024360_2026_04_15_garnet.jpg,garnet,garnet,1,1,1,0.9999759197235107
C:\Users\phuynh\Projects\robotray-main\robotray_v2\sample_outputs_v2\021812_2026_04_10_quartz_150\021959_2026_04_10_quartz.jpg,quartz,quartz,4,4,1,0.9985449314117432
C:\Users\phuynh\Projects\robotray-main\robotray_v2\sample_outputs_v2\023612_2026_04_15_nephe_150\023618_2026_04_15_nephe.jpg,nephe,nephe,3,3,1,0.999711811542511
C:\Users\phuynh\Projects\robotray-main\robotray_v2\sample_outputs_v2\019562_2026_04_03_rutile_150\019582_2026_04_03_rutile.jpg,rutile,rutile,5,5,1,0.9998894929885864
C:\Users\phuynh\Projects\robotray-main\robotray_v2\sample_outputs_v2\018662_2026_04_02_monazite-bra_150\018706_2026_04_02_monazite-bra.jpg,monazite-bra,monazite-bra,2,2,1,0.999991774559021
C:\Users\phuynh\Projects\robotray-main\robotray_v2\sample_outputs_v2\021962_2026_04_13_zircon_150\022098_2026_04_13_zircon.jpg,zircon,zircon,7,7,1,0.9995288848876953
C:\Users\phuynh\Projects\robotray-main\robotray_v2\sample_outputs_v2\023612_2026_04_15_nephe_150\023646_2026_04_15_nephe.jpg,nephe,nephe,3,3,1,0.9993534684181213
C:\Users\phuynh\Projects\robotray-main\robotray_v2\sample_outputs_v2\019562_2026_04_03_rutile_150\019701_2026_04_03_rutile.jpg,rutile,rutile,5,5,1,0.9965440630912781
C:\Users\phuynh\Projects\robotray-main\robotray_v2\sample_outputs_v2\024512_2026_04_16_garnet_150\024608_2026_04_16_garnet.jpg,garnet,garnet,1,1,1,0.9999710321426392
C:\Users\phuynh\Projects\robotray-main\robotray_v2\sample_outputs_v2\019262_2026_04_03_rutile_150\019359_2026_04_03_rutile.jpg,rutile,rutile,5,5,1,0.6025303602218628
C:\Users\phuynh\Projects\robotray-main\robotray_v2\sample_outputs_v2\024362_2026_04_16_garnet_150\024437_2026_04_16_garnet.jpg,garnet,garnet,1,1,1,0.9998096823692322
C:\Users\phuynh\Projects\robotray-main\robotray_v2\sample_outputs_v2\018962_2026_04_02_monazite-bra_150\019081_2026_04_02_monazite-bra.jpg,monazite-bra,monazite-bra,2,2,1,0.9999176263809204
C:\Users\phuynh\Projects\robotray-main\robotray_v2\sample_outputs_v2\020762_2026_04_08_feldspar_150\020790_2026_04_08_feldspar.jpg,feldspar,feldspar,0,0,1,0.9999418258666992
C:\Users\phuynh\Projects\robotray-main\robotray_v2\sample_outputs_v2\023462_2026_04_14_nephe_150\023586_2026_04_14_nephe.jpg,nephe,nephe,3,3,1,0.9916457533836365
C:\Users\phuynh\Projects\robotray-main\robotray_v2\sample_outputs_v2\021212_2026_04_08_quartz_150\021316_2026_04_08_quartz.jpg,quartz,quartz,4,4,1,0.9999325275421143
C:\Users\phuynh\Projects\robotray-main\robotray_v2\sample_outputs_v2\022862_2026_04_14_zircon_150\022935_2026_04_14_zircon.jpg,zircon,zircon,7,7,1,0.999997615814209
C:\Users\phuynh\Projects\robotray-main\robotray_v2\sample_outputs_v2\017762_2026_04_01_rutile_150\017810_2026_04_01_rutile.jpg,rutile,rutile,5,5,1,0.9959663152694702
C:\Users\phuynh\Projects\robotray-main\robotray_v2\sample_outputs_v2\023612_2026_04_15_nephe_150\023742_2026_04_15_nephe.jpg,nephe,nephe,3,3,1,0.9998217225074768
C:\Users\phuynh\Projects\robotray-main\robotray_v2\sample_outputs_v2\018962_2026_04_02_monazite-bra_150\019097_2026_04_02_monazite-bra.jpg,monazite-bra,monazite-bra,2,2,1,0.9999970197677612
C:\Users\phuynh\Projects\robotray-main\robotray_v2\sample_outputs_v2\019112_2026_04_02_monazite-bra_150\019243_2026_04_02_monazite-bra.jpg,monazite-bra,monazite-bra,2,2,1,0.9999861717224121
C:\Users\phuynh\Projects\robotray-main\robotray_v2\sample_outputs_v2\018662_2026_04_02_monazite-bra_150\018703_2026_04_02_monazite-bra.jpg,monazite-bra,monazite-bra,2,2,1,0.9999947547912598
C:\Users\phuynh\Projects\robotray-main\robotray_v2\sample_outputs_v2\022412_2026_04_13_zircon_150\022433_2026_04_13_zircon.jpg,zircon,zircon,7,7,1,0.951548159122467
C:\Users\phuynh\Projects\robotray-main\robotray_v2\sample_outputs_v2\021212_2026_04_08_quartz_150\021252_2026_04_08_quartz.jpg,quartz,quartz,4,4,1,0.9999105930328369
C:\Users\phuynh\Projects\robotray-main\robotray_v2\sample_outputs_v2\019562_2026_04_03_rutile_150\019572_2026_04_03_rutile.jpg,rutile,rutile,5,5,1,0.9996504783630371
C:\Users\phuynh\Projects\robotray-main\robotray_v2\sample_outputs_v2\019562_2026_04_03_rutile_150\019677_2026_04_03_rutile.jpg,rutile,rutile,5,5,1,0.99964439868927
C:\Users\phuynh\Projects\robotray-main\robotray_v2\sample_outputs_v2\024512_2026_04_16_garnet_150\024576_2026_04_16_garnet.jpg,garnet,garnet,1,1,1,0.9999994039535522
C:\Users\phuynh\Projects\robotray-main\robotray_v2\sample_outputs_v2\021212_2026_04_08_quartz_150\021345_2026_04_08_quartz.jpg,quartz,quartz,4,4,1,0.9997712969779968
C:\Users\phuynh\Projects\robotray-main\robotray_v2\sample_outputs_v2\019262_2026_04_03_rutile_150\019306_2026_04_03_rutile.jpg,rutile,rutile,5,5,1,0.9996211528778076
C:\Users\phuynh\Projects\robotray-main\robotray_v2\sample_outputs_v2\022412_2026_04_13_zircon_150\022550_2026_04_13_zircon.jpg,zircon,zircon,7,7,1,0.9613441228866577
C:\Users\phuynh\Projects\robotray-main\robotray_v2\sample_outputs_v2\019412_2026_04_03_rutile_150\019557_2026_04_03_rutile.jpg,rutile,rutile,5,5,1,0.9992513060569763
C:\Users\phuynh\Projects\robotray-main\robotray_v2\sample_outputs_v2\019562_2026_04_03_rutile_150\019589_2026_04_03_rutile.jpg,rutile,rutile,5,5,1,0.9999899864196777
C:\Users\phuynh\Projects\robotray-main\robotray_v2\sample_outputs_v2\019112_2026_04_02_monazite-bra_150\019167_2026_04_02_monazite-bra.jpg,monazite-bra,monazite-bra,2,2,1,0.9999860525131226
C:\Users\phuynh\Projects\robotray-main\robotray_v2\sample_outputs_v2\019112_2026_04_02_monazite-bra_150\019166_2026_04_02_monazite-bra.jpg,monazite-bra,monazite-bra,2,2,1,0.9999970197677612
C:\Users\phuynh\Projects\robotray-main\robotray_v2\sample_outputs_v2\022562_2026_04_13_zircon_150\022597_2026_04_13_zircon.jpg,zircon,zircon,7,7,1,0.9999692440032959
C:\Users\phuynh\Projects\robotray-main\robotray_v2\sample_outputs_v2\023912_2026_04_15_garnet_150\023981_2026_04_15_garnet.jpg,garnet,garnet,1,1,1,0.9999058246612549
C:\Users\phuynh\Projects\robotray-main\robotray_v2\sample_outputs_v2\025562_2026_04_22_tray_150\025633_2026_04_22_tray.jpg,tray,tray,6,6,1,0.999998927116394
C:\Users\phuynh\Projects\robotray-main\robotray_v2\sample_outputs_v2\017762_2026_04_01_rutile_150\017800_2026_04_01_rutile.jpg,rutile,rutile,5,5,1,0.9999842643737793
C:\Users\phuynh\Projects\robotray-main\robotray_v2\sample_outputs_v2\022412_2026_04_13_zircon_150\022519_2026_04_13_zircon.jpg,zircon,zircon,7,7,1,0.9999232292175293
C:\Users\phuynh\Projects\robotray-main\robotray_v2\sample_outputs_v2\020762_2026_04_08_feldspar_150\020870_2026_04_08_feldspar.jpg,feldspar,feldspar,0,0,1,0.9998101592063904
C:\Users\phuynh\Projects\robotray-main\robotray_v2\sample_outputs_v2\017762_2026_04_01_rutile_150\017898_2026_04_01_rutile.jpg,rutile,rutile,5,5,1,0.9926648736000061
C:\Users\phuynh\Projects\robotray-main\robotray_v2\sample_outputs_v2\020612_2026_04_07_feldspar_150\020651_2026_04_07_feldspar.jpg,feldspar,feldspar,0,0,1,0.9992648959159851
C:\Users\phuynh\Projects\robotray-main\robotray_v2\sample_outputs_v2\018662_2026_04_02_monazite-bra_150\018707_2026_04_02_monazite-bra.jpg,monazite-bra,rutile,2,5,0,0.7321862578392029
C:\Users\phuynh\Projects\robotray-main\robotray_v2\sample_outputs_v2\020462_2026_04_07_feldspar_150\020582_2026_04_07_feldspar.jpg,feldspar,feldspar,0,0,1,0.9979903697967529
C:\Users\phuynh\Projects\robotray-main\robotray_v2\sample_outputs_v2\019112_2026_04_02_monazite-bra_150\019251_2026_04_02_monazite-bra.jpg,monazite-bra,monazite-bra,2,2,1,0.9999986886978149
C:\Users\phuynh\Projects\robotray-main\robotray_v2\sample_outputs_v2\022412_2026_04_13_zircon_150\022544_2026_04_13_zircon.jpg,zircon,zircon,7,7,1,0.9984787106513977
C:\Users\phuynh\Projects\robotray-main\robotray_v2\sample_outputs_v2\020462_2026_04_07_feldspar_150\020554_2026_04_07_feldspar.jpg,feldspar,feldspar,0,0,1,0.9999867677688599
C:\Users\phuynh\Projects\robotray-main\robotray_v2\sample_outputs_v2\019262_2026_04_03_rutile_150\019321_2026_04_03_rutile.jpg,rutile,rutile,5,5,1,0.9991264939308167
C:\Users\phuynh\Projects\robotray-main\robotray_v2\sample_outputs_v2\023762_2026_04_15_nephe_150\023842_2026_04_15_nephe.jpg,nephe,nephe,3,3,1,0.9977201819419861
C:\Users\phuynh\Projects\robotray-main\robotray_v2\sample_outputs_v2\017762_2026_04_01_rutile_150\017811_2026_04_01_rutile.jpg,rutile,rutile,5,5,1,0.999437153339386
C:\Users\phuynh\Projects\robotray-main\robotray_v2\sample_outputs_v2\022712_2026_04_13_zircon_150\022799_2026_04_13_zircon.jpg,zircon,zircon,7,7,1,0.9999971389770508
C:\Users\phuynh\Projects\robotray-main\robotray_v2\sample_outputs_v2\024512_2026_04_16_garnet_150\024537_2026_04_16_garnet.jpg,garnet,garnet,1,1,1,0.9999806880950928
C:\Users\phuynh\Projects\robotray-main\robotray_v2\sample_outputs_v2\022562_2026_04_13_zircon_150\022662_2026_04_13_zircon.jpg,zircon,zircon,7,7,1,0.9993892908096313
C:\Users\phuynh\Projects\robotray-main\robotray_v2\sample_outputs_v2\024512_2026_04_16_garnet_150\024655_2026_04_16_garnet.jpg,garnet,garnet,1,1,1,0.9999333620071411
C:\Users\phuynh\Projects\robotray-main\robotray_v2\sample_outputs_v2\023012_2026_04_14_nephe_150\023036_2026_04_14_nephe.jpg,nephe,nephe,3,3,1,0.9999959468841553
C:\Users\phuynh\Projects\robotray-main\robotray_v2\sample_outputs_v2\023012_2026_04_14_nephe_150\023071_2026_04_14_nephe.jpg,nephe,nephe,3,3,1,0.9844588041305542
C:\Users\phuynh\Projects\robotray-main\robotray_v2\sample_outputs_v2\021212_2026_04_08_quartz_150\021312_2026_04_08_quartz.jpg,quartz,quartz,4,4,1,0.9993734955787659
C:\Users\phuynh\Projects\robotray-main\robotray_v2\sample_outputs_v2\022862_2026_04_14_zircon_150\022978_2026_04_14_zircon.jpg,zircon,zircon,7,7,1,0.9998291730880737
C:\Users\phuynh\Projects\robotray-main\robotray_v2\sample_outputs_v2\020312_2026_04_07_feldspar_150\020403_2026_04_07_feldspar.jpg,feldspar,feldspar,0,0,1,0.9308685064315796
C:\Users\phuynh\Projects\robotray-main\robotray_v2\sample_outputs_v2\020312_2026_04_07_feldspar_150\020339_2026_04_07_feldspar.jpg,feldspar,feldspar,0,0,1,0.9997636675834656
C:\Users\phuynh\Projects\robotray-main\robotray_v2\sample_outputs_v2\025112_2026_04_21_tray_150\025182_2026_04_21_tray.jpg,tray,tray,6,6,1,0.9999994039535522
C:\Users\phuynh\Projects\robotray-main\robotray_v2\sample_outputs_v2\019262_2026_04_03_rutile_150\019356_2026_04_03_rutile.jpg,rutile,rutile,5,5,1,0.9998551607131958
C:\Users\phuynh\Projects\robotray-main\robotray_v2\sample_outputs_v2\017762_2026_04_01_rutile_150\017863_2026_04_01_rutile.jpg,rutile,rutile,5,5,1,0.999039351940155
C:\Users\phuynh\Projects\robotray-main\robotray_v2\sample_outputs_v2\019412_2026_04_03_rutile_150\019473_2026_04_03_rutile.jpg,rutile,rutile,5,5,1,0.9998908042907715
C:\Users\phuynh\Projects\robotray-main\robotray_v2\sample_outputs_v2\021362_2026_04_08_quartz_150\021388_2026_04_08_quartz.jpg,quartz,nephe,4,3,0,0.9962500929832458
C:\Users\phuynh\Projects\robotray-main\robotray_v2\sample_outputs_v2\025562_2026_04_22_tray_150\025621_2026_04_22_tray.jpg,tray,tray,6,6,1,0.9999997615814209
C:\Users\phuynh\Projects\robotray-main\robotray_v2\sample_outputs_v2\020462_2026_04_07_feldspar_150\020517_2026_04_07_feldspar.jpg,feldspar,feldspar,0,0,1,0.9996892213821411
C:\Users\phuynh\Projects\robotray-main\robotray_v2\sample_outputs_v2\024812_2026_04_21_tray_150\024900_2026_04_21_tray.jpg,tray,tray,6,6,1,0.9999997615814209
C:\Users\phuynh\Projects\robotray-main\robotray_v2\sample_outputs_v2\021662_2026_04_09_quartz_150\021738_2026_04_09_quartz.jpg,quartz,quartz,4,4,1,0.9998835325241089
C:\Users\phuynh\Projects\robotray-main\robotray_v2\sample_outputs_v2\024662_2026_04_21_tray_150\024731_2026_04_21_tray.jpg,tray,tray,6,6,1,0.9999986886978149
C:\Users\phuynh\Projects\robotray-main\robotray_v2\sample_outputs_v2\019412_2026_04_03_rutile_150\019443_2026_04_03_rutile.jpg,rutile,rutile,5,5,1,0.9998893737792969
C:\Users\phuynh\Projects\robotray-main\robotray_v2\sample_outputs_v2\019712_2026_04_03_rutile_150\019831_2026_04_03_rutile.jpg,rutile,rutile,5,5,1,0.9998747110366821
C:\Users\phuynh\Projects\robotray-main\robotray_v2\sample_outputs_v2\020462_2026_04_07_feldspar_150\020513_2026_04_07_feldspar.jpg,feldspar,feldspar,0,0,1,0.9997511506080627
C:\Users\phuynh\Projects\robotray-main\robotray_v2\sample_outputs_v2\018212_2026_04_02_monazite-bra_150\018228_2026_04_02_monazite-bra.jpg,monazite-bra,monazite-bra,2,2,1,0.9999570846557617
C:\Users\phuynh\Projects\robotray-main\robotray_v2\sample_outputs_v2\025562_2026_04_22_tray_150\025620_2026_04_22_tray.jpg,tray,tray,6,6,1,0.9999995231628418
C:\Users\phuynh\Projects\robotray-main\robotray_v2\sample_outputs_v2\024812_2026_04_21_tray_150\024928_2026_04_21_tray.jpg,tray,tray,6,6,1,0.9999994039535522
C:\Users\phuynh\Projects\robotray-main\robotray_v2\sample_outputs_v2\018812_2026_04_02_monazite-bra_150\018846_2026_04_02_monazite-bra.jpg,monazite-bra,monazite-bra,2,2,1,0.9999953508377075
C:\Users\phuynh\Projects\robotray-main\robotray_v2\sample_outputs_v2\020312_2026_04_07_feldspar_150\020332_2026_04_07_feldspar.jpg,feldspar,feldspar,0,0,1,0.9999805688858032
C:\Users\phuynh\Projects\robotray-main\robotray_v2\sample_outputs_v2\023762_2026_04_15_nephe_150\023817_2026_04_15_nephe.jpg,nephe,nephe,3,3,1,0.9997987151145935
C:\Users\phuynh\Projects\robotray-main\robotray_v2\sample_outputs_v2\020612_2026_04_07_feldspar_150\020705_2026_04_07_feldspar.jpg,feldspar,feldspar,0,0,1,0.9994643330574036
C:\Users\phuynh\Projects\robotray-main\robotray_v2\sample_outputs_v2\019712_2026_04_03_rutile_150\019775_2026_04_03_rutile.jpg,rutile,rutile,5,5,1,0.9999765157699585
C:\Users\phuynh\Projects\robotray-main\robotray_v2\sample_outputs_v2\018662_2026_04_02_monazite-bra_150\018727_2026_04_02_monazite-bra.jpg,monazite-bra,monazite-bra,2,2,1,0.9999959468841553
C:\Users\phuynh\Projects\robotray-main\robotray_v2\sample_outputs_v2\023462_2026_04_14_nephe_150\023570_2026_04_14_nephe.jpg,nephe,nephe,3,3,1,0.9947373270988464
C:\Users\phuynh\Projects\robotray-main\robotray_v2\sample_outputs_v2\020912_2026_04_08_feldspar_150\020961_2026_04_08_feldspar.jpg,feldspar,feldspar,0,0,1,0.9998313188552856
C:\Users\phuynh\Projects\robotray-main\robotray_v2\sample_outputs_v2\024662_2026_04_21_tray_150\024757_2026_04_21_tray.jpg,tray,tray,6,6,1,0.9999982118606567
C:\Users\phuynh\Projects\robotray-main\robotray_v2\sample_outputs_v2\019712_2026_04_03_rutile_150\019800_2026_04_03_rutile.jpg,rutile,rutile,5,5,1,0.9971898198127747
C:\Users\phuynh\Projects\robotray-main\robotray_v2\sample_outputs_v2\023912_2026_04_15_garnet_150\024057_2026_04_15_garnet.jpg,garnet,garnet,1,1,1,0.9999902248382568
C:\Users\phuynh\Projects\robotray-main\robotray_v2\sample_outputs_v2\021662_2026_04_09_quartz_150\021770_2026_04_09_quartz.jpg,quartz,quartz,4,4,1,0.9998931884765625
C:\Users\phuynh\Projects\robotray-main\robotray_v2\sample_outputs_v2\023762_2026_04_15_nephe_150\023841_2026_04_15_nephe.jpg,nephe,nephe,3,3,1,0.9998733997344971
C:\Users\phuynh\Projects\robotray-main\robotray_v2\sample_outputs_v2\024062_2026_04_15_garnet_150\024143_2026_04_15_garnet.jpg,garnet,garnet,1,1,1,0.9999935626983643
C:\Users\phuynh\Projects\robotray-main\robotray_v2\sample_outputs_v2\018812_2026_04_02_monazite-bra_150\018817_2026_04_02_monazite-bra.jpg,monazite-bra,monazite-bra,2,2,1,0.9999240636825562
C:\Users\phuynh\Projects\robotray-main\robotray_v2\sample_outputs_v2\024662_2026_04_21_tray_150\024723_2026_04_21_tray.jpg,tray,tray,6,6,1,0.9999998807907104
C:\Users\phuynh\Projects\robotray-main\robotray_v2\sample_outputs_v2\019262_2026_04_03_rutile_150\019272_2026_04_03_rutile.jpg,rutile,rutile,5,5,1,0.9999877214431763
C:\Users\phuynh\Projects\robotray-main\robotray_v2\sample_outputs_v2\023012_2026_04_14_nephe_150\023136_2026_04_14_nephe.jpg,nephe,nephe,3,3,1,0.9246156811714172
C:\Users\phuynh\Projects\robotray-main\robotray_v2\sample_outputs_v2\020312_2026_04_07_feldspar_150\020392_2026_04_07_feldspar.jpg,feldspar,feldspar,0,0,1,0.9998646974563599
C:\Users\phuynh\Projects\robotray-main\robotray_v2\sample_outputs_v2\022562_2026_04_13_zircon_150\022577_2026_04_13_zircon.jpg,zircon,zircon,7,7,1,0.9999988079071045
C:\Users\phuynh\Projects\robotray-main\robotray_v2\sample_outputs_v2\024512_2026_04_16_garnet_150\024565_2026_04_16_garnet.jpg,garnet,garnet,1,1,1,0.9999978542327881
C:\Users\phuynh\Projects\robotray-main\robotray_v2\sample_outputs_v2\020312_2026_04_07_feldspar_150\020411_2026_04_07_feldspar.jpg,feldspar,feldspar,0,0,1,0.9809038043022156
C:\Users\phuynh\Projects\robotray-main\robotray_v2\sample_outputs_v2\025112_2026_04_21_tray_150\025142_2026_04_21_tray.jpg,tray,tray,6,6,1,0.9999973773956299
C:\Users\phuynh\Projects\robotray-main\robotray_v2\sample_outputs_v2\018812_2026_04_02_monazite-bra_150\018868_2026_04_02_monazite-bra.jpg,monazite-bra,monazite-bra,2,2,1,0.999954104423523
C:\Users\phuynh\Projects\robotray-main\robotray_v2\sample_outputs_v2\022862_2026_04_14_zircon_150\022960_2026_04_14_zircon.jpg,zircon,zircon,7,7,1,0.9991378784179688
C:\Users\phuynh\Projects\robotray-main\robotray_v2\sample_outputs_v2\022712_2026_04_13_zircon_150\022721_2026_04_13_zircon.jpg,zircon,zircon,7,7,1,1.0
C:\Users\phuynh\Projects\robotray-main\robotray_v2\sample_outputs_v2\019412_2026_04_03_rutile_150\019549_2026_04_03_rutile.jpg,rutile,rutile,5,5,1,0.9984604120254517
C:\Users\phuynh\Projects\robotray-main\robotray_v2\sample_outputs_v2\018962_2026_04_02_monazite-bra_150\018971_2026_04_02_monazite-bra.jpg,monazite-bra,monazite-bra,2,2,1,0.9999957084655762
C:\Users\phuynh\Projects\robotray-main\robotray_v2\sample_outputs_v2\025112_2026_04_21_tray_150\025245_2026_04_21_tray.jpg,tray,tray,6,6,1,0.9999988079071045
C:\Users\phuynh\Projects\robotray-main\robotray_v2\sample_outputs_v2\019412_2026_04_03_rutile_150\019533_2026_04_03_rutile.jpg,rutile,nephe,5,3,0,0.6001539826393127
C:\Users\phuynh\Projects\robotray-main\robotray_v2\sample_outputs_v2\020912_2026_04_08_feldspar_150\020927_2026_04_08_feldspar.jpg,feldspar,feldspar,0,0,1,0.9998949766159058
C:\Users\phuynh\Projects\robotray-main\robotray_v2\sample_outputs_v2\023462_2026_04_14_nephe_150\023505_2026_04_14_nephe.jpg,nephe,nephe,3,3,1,0.9998911619186401
C:\Users\phuynh\Projects\robotray-main\robotray_v2\sample_outputs_v2\020462_2026_04_07_feldspar_150\020518_2026_04_07_feldspar.jpg,feldspar,feldspar,0,0,1,0.9987130165100098
C:\Users\phuynh\Projects\robotray-main\robotray_v2\sample_outputs_v2\023762_2026_04_15_nephe_150\023907_2026_04_15_nephe.jpg,nephe,nephe,3,3,1,0.9046697616577148
C:\Users\phuynh\Projects\robotray-main\robotray_v2\sample_outputs_v2\024662_2026_04_21_tray_150\024705_2026_04_21_tray.jpg,tray,tray,6,6,1,0.9999988079071045
C:\Users\phuynh\Projects\robotray-main\robotray_v2\sample_outputs_v2\024662_2026_04_21_tray_150\024783_2026_04_21_tray.jpg,tray,tray,6,6,1,0.9999997615814209
C:\Users\phuynh\Projects\robotray-main\robotray_v2\sample_outputs_v2\019262_2026_04_03_rutile_150\019337_2026_04_03_rutile.jpg,rutile,rutile,5,5,1,0.9991915822029114
C:\Users\phuynh\Projects\robotray-main\robotray_v2\sample_outputs_v2\023762_2026_04_15_nephe_150\023818_2026_04_15_nephe.jpg,nephe,nephe,3,3,1,0.9999977350234985
C:\Users\phuynh\Projects\robotray-main\robotray_v2\sample_outputs_v2\024962_2026_04_21_tray_150\025030_2026_04_21_tray.jpg,tray,tray,6,6,1,0.9999996423721313
C:\Users\phuynh\Projects\robotray-main\robotray_v2\sample_outputs_v2\022562_2026_04_13_zircon_150\022634_2026_04_13_zircon.jpg,zircon,zircon,7,7,1,0.9999996423721313
C:\Users\phuynh\Projects\robotray-main\robotray_v2\sample_outputs_v2\020762_2026_04_08_feldspar_150\020888_2026_04_08_feldspar.jpg,feldspar,feldspar,0,0,1,0.9922024011611938
C:\Users\phuynh\Projects\robotray-main\robotray_v2\sample_outputs_v2\021362_2026_04_08_quartz_150\021423_2026_04_08_quartz.jpg,quartz,quartz,4,4,1,0.6801708340644836
C:\Users\phuynh\Projects\robotray-main\robotray_v2\sample_outputs_v2\017762_2026_04_01_rutile_150\017764_2026_04_01_rutile.jpg,rutile,rutile,5,5,1,0.999968409538269
C:\Users\phuynh\Projects\robotray-main\robotray_v2\sample_outputs_v2\024062_2026_04_15_garnet_150\024145_2026_04_15_garnet.jpg,garnet,garnet,1,1,1,0.9999055862426758
C:\Users\phuynh\Projects\robotray-main\robotray_v2\sample_outputs_v2\020312_2026_04_07_feldspar_150\020352_2026_04_07_feldspar.jpg,feldspar,feldspar,0,0,1,0.9999312162399292
C:\Users\phuynh\Projects\robotray-main\robotray_v2\sample_outputs_v2\023762_2026_04_15_nephe_150\023897_2026_04_15_nephe.jpg,nephe,nephe,3,3,1,0.9349860548973083
C:\Users\phuynh\Projects\robotray-main\robotray_v2\sample_outputs_v2\023762_2026_04_15_nephe_150\023857_2026_04_15_nephe.jpg,nephe,quartz,3,4,0,0.9877358078956604
C:\Users\phuynh\Projects\robotray-main\robotray_v2\sample_outputs_v2\023762_2026_04_15_nephe_150\023852_2026_04_15_nephe.jpg,nephe,nephe,3,3,1,0.9990699887275696
C:\Users\phuynh\Projects\robotray-main\robotray_v2\sample_outputs_v2\019712_2026_04_03_rutile_150\019833_2026_04_03_rutile.jpg,rutile,rutile,5,5,1,0.9999864101409912
C:\Users\phuynh\Projects\robotray-main\robotray_v2\sample_outputs_v2\020612_2026_04_07_feldspar_150\020706_2026_04_07_feldspar.jpg,feldspar,feldspar,0,0,1,0.8713669776916504
C:\Users\phuynh\Projects\robotray-main\robotray_v2\sample_outputs_v2\020912_2026_04_08_feldspar_150\021014_2026_04_08_feldspar.jpg,feldspar,feldspar,0,0,1,0.9994413256645203
C:\Users\phuynh\Projects\robotray-main\robotray_v2\sample_outputs_v2\022712_2026_04_13_zircon_150\022760_2026_04_13_zircon.jpg,zircon,zircon,7,7,1,0.9998677968978882
C:\Users\phuynh\Projects\robotray-main\robotray_v2\sample_outputs_v2\024512_2026_04_16_garnet_150\024536_2026_04_16_garnet.jpg,garnet,garnet,1,1,1,0.9997498393058777
C:\Users\phuynh\Projects\robotray-main\robotray_v2\sample_outputs_v2\018962_2026_04_02_monazite-bra_150\019084_2026_04_02_monazite-bra.jpg,monazite-bra,monazite-bra,2,2,1,0.9999717473983765
C:\Users\phuynh\Projects\robotray-main\robotray_v2\sample_outputs_v2\021362_2026_04_08_quartz_150\021386_2026_04_08_quartz.jpg,quartz,quartz,4,4,1,0.7211185097694397
C:\Users\phuynh\Projects\robotray-main\robotray_v2\sample_outputs_v2\024362_2026_04_16_garnet_150\024421_2026_04_16_garnet.jpg,garnet,garnet,1,1,1,0.9997655749320984
C:\Users\phuynh\Projects\robotray-main\robotray_v2\sample_outputs_v2\020312_2026_04_07_feldspar_150\020347_2026_04_07_feldspar.jpg,feldspar,feldspar,0,0,1,0.9998887777328491
C:\Users\phuynh\Projects\robotray-main\robotray_v2\sample_outputs_v2\024962_2026_04_21_tray_150\024995_2026_04_21_tray.jpg,tray,tray,6,6,1,0.9999991655349731
C:\Users\phuynh\Projects\robotray-main\robotray_v2\sample_outputs_v2\023612_2026_04_15_nephe_150\023744_2026_04_15_nephe.jpg,nephe,nephe,3,3,1,0.9832247495651245
C:\Users\phuynh\Projects\robotray-main\robotray_v2\sample_outputs_v2\022562_2026_04_13_zircon_150\022661_2026_04_13_zircon.jpg,zircon,zircon,7,7,1,0.9287457466125488
C:\Users\phuynh\Projects\robotray-main\robotray_v2\sample_outputs_v2\019712_2026_04_03_rutile_150\019805_2026_04_03_rutile.jpg,rutile,rutile,5,5,1,0.999988317489624
C:\Users\phuynh\Projects\robotray-main\robotray_v2\sample_outputs_v2\020612_2026_04_07_feldspar_150\020703_2026_04_07_feldspar.jpg,feldspar,feldspar,0,0,1,0.9992419481277466
C:\Users\phuynh\Projects\robotray-main\robotray_v2\sample_outputs_v2\025112_2026_04_21_tray_150\025117_2026_04_21_tray.jpg,tray,tray,6,6,1,0.9999986886978149
C:\Users\phuynh\Projects\robotray-main\robotray_v2\sample_outputs_v2\022412_2026_04_13_zircon_150\022488_2026_04_13_zircon.jpg,zircon,zircon,7,7,1,0.9999982118606567
C:\Users\phuynh\Projects\robotray-main\robotray_v2\sample_outputs_v2\023312_2026_04_14_nephe_150\023400_2026_04_14_nephe.jpg,nephe,nephe,3,3,1,0.5776791572570801
C:\Users\phuynh\Projects\robotray-main\robotray_v2\sample_outputs_v2\025562_2026_04_22_tray_150\025636_2026_04_22_tray.jpg,tray,tray,6,6,1,0.9999998807907104
C:\Users\phuynh\Projects\robotray-main\robotray_v2\sample_outputs_v2\023012_2026_04_14_nephe_150\023074_2026_04_14_nephe.jpg,nephe,nephe,3,3,1,0.9999004602432251
C:\Users\phuynh\Projects\robotray-main\robotray_v2\sample_outputs_v2\022562_2026_04_13_zircon_150\022682_2026_04_13_zircon.jpg,zircon,zircon,7,7,1,0.9999984502792358
C:\Users\phuynh\Projects\robotray-main\robotray_v2\sample_outputs_v2\019712_2026_04_03_rutile_150\019776_2026_04_03_rutile.jpg,rutile,rutile,5,5,1,0.9945510029792786
C:\Users\phuynh\Projects\robotray-main\robotray_v2\sample_outputs_v2\023312_2026_04_14_nephe_150\023352_2026_04_14_nephe.jpg,nephe,nephe,3,3,1,0.9998575448989868
C:\Users\phuynh\Projects\robotray-main\robotray_v2\sample_outputs_v2\021962_2026_04_13_zircon_150\022065_2026_04_13_zircon.jpg,zircon,zircon,7,7,1,0.9997864365577698
C:\Users\phuynh\Projects\robotray-main\robotray_v2\sample_outputs_v2\023762_2026_04_15_nephe_150\023863_2026_04_15_nephe.jpg,nephe,nephe,3,3,1,0.9689751863479614
C:\Users\phuynh\Projects\robotray-main\robotray_v2\sample_outputs_v2\019412_2026_04_03_rutile_150\019442_2026_04_03_rutile.jpg,rutile,rutile,5,5,1,0.9940001964569092
C:\Users\phuynh\Projects\robotray-main\robotray_v2\sample_outputs_v2\025562_2026_04_22_tray_150\025570_2026_04_22_tray.jpg,tray,tray,6,6,1,0.9999998807907104
C:\Users\phuynh\Projects\robotray-main\robotray_v2\sample_outputs_v2\017762_2026_04_01_rutile_150\017766_2026_04_01_rutile.jpg,rutile,rutile,5,5,1,0.8323318362236023
C:\Users\phuynh\Projects\robotray-main\robotray_v2\sample_outputs_v2\020762_2026_04_08_feldspar_150\020776_2026_04_08_feldspar.jpg,feldspar,quartz,0,4,0,0.7337350845336914
C:\Users\phuynh\Projects\robotray-main\robotray_v2\sample_outputs_v2\023612_2026_04_15_nephe_150\023634_2026_04_15_nephe.jpg,nephe,nephe,3,3,1,0.9989997744560242
C:\Users\phuynh\Projects\robotray-main\robotray_v2\sample_outputs_v2\020462_2026_04_07_feldspar_150\020472_2026_04_07_feldspar.jpg,feldspar,feldspar,0,0,1,0.9985401630401611
C:\Users\phuynh\Projects\robotray-main\robotray_v2\sample_outputs_v2\022562_2026_04_13_zircon_150\022590_2026_04_13_zircon.jpg,zircon,zircon,7,7,1,0.9999905824661255
C:\Users\phuynh\Projects\robotray-main\robotray_v2\sample_outputs_v2\019712_2026_04_03_rutile_150\019853_2026_04_03_rutile.jpg,rutile,rutile,5,5,1,0.9999903440475464
C:\Users\phuynh\Projects\robotray-main\robotray_v2\sample_outputs_v2\017762_2026_04_01_rutile_150\017851_2026_04_01_rutile.jpg,rutile,rutile,5,5,1,0.999509334564209
C:\Users\phuynh\Projects\robotray-main\robotray_v2\sample_outputs_v2\024362_2026_04_16_garnet_150\024383_2026_04_16_garnet.jpg,garnet,garnet,1,1,1,0.9999752044677734
C:\Users\phuynh\Projects\robotray-main\robotray_v2\sample_outputs_v2\024812_2026_04_21_tray_150\024868_2026_04_21_tray.jpg,tray,tray,6,6,1,0.9999991655349731
C:\Users\phuynh\Projects\robotray-main\robotray_v2\sample_outputs_v2\019712_2026_04_03_rutile_150\019713_2026_04_03_rutile.jpg,rutile,rutile,5,5,1,0.9999979734420776
C:\Users\phuynh\Projects\robotray-main\robotray_v2\sample_outputs_v2\018962_2026_04_02_monazite-bra_150\019027_2026_04_02_monazite-bra.jpg,monazite-bra,monazite-bra,2,2,1,0.9999946355819702
C:\Users\phuynh\Projects\robotray-main\robotray_v2\sample_outputs_v2\018962_2026_04_02_monazite-bra_150\019035_2026_04_02_monazite-bra.jpg,monazite-bra,monazite-bra,2,2,1,0.999962329864502
C:\Users\phuynh\Projects\robotray-main\robotray_v2\sample_outputs_v2\022862_2026_04_14_zircon_150\022954_2026_04_14_zircon.jpg,zircon,zircon,7,7,1,0.9999792575836182
C:\Users\phuynh\Projects\robotray-main\robotray_v2\sample_outputs_v2\022712_2026_04_13_zircon_150\022795_2026_04_13_zircon.jpg,zircon,zircon,7,7,1,0.9999945163726807
C:\Users\phuynh\Projects\robotray-main\robotray_v2\sample_outputs_v2\020312_2026_04_07_feldspar_150\020418_2026_04_07_feldspar.jpg,feldspar,quartz,0,4,0,0.6617695093154907
C:\Users\phuynh\Projects\robotray-main\robotray_v2\sample_outputs_v2\021962_2026_04_13_zircon_150\022055_2026_04_13_zircon.jpg,zircon,zircon,7,7,1,0.999992847442627
C:\Users\phuynh\Projects\robotray-main\robotray_v2\sample_outputs_v2\021962_2026_04_13_zircon_150\022030_2026_04_13_zircon.jpg,zircon,zircon,7,7,1,0.9999338388442993
C:\Users\phuynh\Projects\robotray-main\robotray_v2\sample_outputs_v2\019712_2026_04_03_rutile_150\019712_2026_04_03_rutile.jpg,rutile,rutile,5,5,1,0.9999797344207764
C:\Users\phuynh\Projects\robotray-main\robotray_v2\sample_outputs_v2\021812_2026_04_10_quartz_150\021870_2026_04_10_quartz.jpg,quartz,quartz,4,4,1,0.8282597661018372
C:\Users\phuynh\Projects\robotray-main\robotray_v2\sample_outputs_v2\024512_2026_04_16_garnet_150\024595_2026_04_16_garnet.jpg,garnet,garnet,1,1,1,0.9999793767929077
C:\Users\phuynh\Projects\robotray-main\robotray_v2\sample_outputs_v2\020762_2026_04_08_feldspar_150\020889_2026_04_08_feldspar.jpg,feldspar,feldspar,0,0,1,0.9462444186210632
C:\Users\phuynh\Projects\robotray-main\robotray_v2\sample_outputs_v2\023462_2026_04_14_nephe_150\023491_2026_04_14_nephe.jpg,nephe,nephe,3,3,1,0.9993453621864319
C:\Users\phuynh\Projects\robotray-main\robotray_v2\sample_outputs_v2\021662_2026_04_09_quartz_150\021693_2026_04_09_quartz.jpg,quartz,quartz,4,4,1,0.9625095129013062
C:\Users\phuynh\Projects\robotray-main\robotray_v2\sample_outputs_v2\022412_2026_04_13_zircon_150\022547_2026_04_13_zircon.jpg,zircon,zircon,7,7,1,0.9944861531257629
C:\Users\phuynh\Projects\robotray-main\robotray_v2\sample_outputs_v2\022562_2026_04_13_zircon_150\022618_2026_04_13_zircon.jpg,zircon,zircon,7,7,1,0.9999995231628418
C:\Users\phuynh\Projects\robotray-main\robotray_v2\sample_outputs_v2\021962_2026_04_13_zircon_150\022068_2026_04_13_zircon.jpg,zircon,zircon,7,7,1,1.0
C:\Users\phuynh\Projects\robotray-main\robotray_v2\sample_outputs_v2\024962_2026_04_21_tray_150\025062_2026_04_21_tray.jpg,tray,tray,6,6,1,0.9999997615814209
C:\Users\phuynh\Projects\robotray-main\robotray_v2\sample_outputs_v2\024512_2026_04_16_garnet_150\024586_2026_04_16_garnet.jpg,garnet,garnet,1,1,1,0.9999611377716064
C:\Users\phuynh\Projects\robotray-main\robotray_v2\sample_outputs_v2\022562_2026_04_13_zircon_150\022576_2026_04_13_zircon.jpg,zircon,zircon,7,7,1,0.999569833278656
C:\Users\phuynh\Projects\robotray-main\robotray_v2\sample_outputs_v2\020612_2026_04_07_feldspar_150\020699_2026_04_07_feldspar.jpg,feldspar,feldspar,0,0,1,0.9996883869171143
C:\Users\phuynh\Projects\robotray-main\robotray_v2\sample_outputs_v2\024362_2026_04_16_garnet_150\024379_2026_04_16_garnet.jpg,garnet,garnet,1,1,1,0.9998444318771362
C:\Users\phuynh\Projects\robotray-main\robotray_v2\sample_outputs_v2\021062_2026_04_08_quartz_150\021129_2026_04_08_quartz.jpg,quartz,feldspar,4,0,0,0.9887634515762329
C:\Users\phuynh\Projects\robotray-main\robotray_v2\sample_outputs_v2\021212_2026_04_08_quartz_150\021288_2026_04_08_quartz.jpg,quartz,quartz,4,4,1,0.9996869564056396
C:\Users\phuynh\Projects\robotray-main\robotray_v2\sample_outputs_v2\021362_2026_04_08_quartz_150\021506_2026_04_08_quartz.jpg,quartz,quartz,4,4,1,0.7018023133277893
C:\Users\phuynh\Projects\robotray-main\robotray_v2\sample_outputs_v2\023912_2026_04_15_garnet_150\023973_2026_04_15_garnet.jpg,garnet,garnet,1,1,1,0.9999964237213135
C:\Users\phuynh\Projects\robotray-main\robotray_v2\sample_outputs_v2\017762_2026_04_01_rutile_150\017769_2026_04_01_rutile.jpg,rutile,rutile,5,5,1,0.9993608593940735
C:\Users\phuynh\Projects\robotray-main\robotray_v2\sample_outputs_v2\023762_2026_04_15_nephe_150\023902_2026_04_15_nephe.jpg,nephe,nephe,3,3,1,0.9877424240112305
C:\Users\phuynh\Projects\robotray-main\robotray_v2\sample_outputs_v2\023312_2026_04_14_nephe_150\023449_2026_04_14_nephe.jpg,nephe,nephe,3,3,1,0.9982714653015137
C:\Users\phuynh\Projects\robotray-main\robotray_v2\sample_outputs_v2\021362_2026_04_08_quartz_150\021393_2026_04_08_quartz.jpg,quartz,quartz,4,4,1,0.9662213325500488
C:\Users\phuynh\Projects\robotray-main\robotray_v2\sample_outputs_v2\025562_2026_04_22_tray_150\025584_2026_04_22_tray.jpg,tray,tray,6,6,1,0.9861268997192383
C:\Users\phuynh\Projects\robotray-main\robotray_v2\sample_outputs_v2\019562_2026_04_03_rutile_150\019691_2026_04_03_rutile.jpg,rutile,rutile,5,5,1,0.9971374273300171
C:\Users\phuynh\Projects\robotray-main\robotray_v2\sample_outputs_v2\020312_2026_04_07_feldspar_150\020346_2026_04_07_feldspar.jpg,feldspar,feldspar,0,0,1,0.999862790107727
C:\Users\phuynh\Projects\robotray-main\robotray_v2\sample_outputs_v2\023612_2026_04_15_nephe_150\023696_2026_04_15_nephe.jpg,nephe,nephe,3,3,1,0.9996919631958008
C:\Users\phuynh\Projects\robotray-main\robotray_v2\sample_outputs_v2\024662_2026_04_21_tray_150\024720_2026_04_21_tray.jpg,tray,tray,6,6,1,1.0
C:\Users\phuynh\Projects\robotray-main\robotray_v2\sample_outputs_v2\024062_2026_04_15_garnet_150\024161_2026_04_15_garnet.jpg,garnet,garnet,1,1,1,0.9999996423721313
C:\Users\phuynh\Projects\robotray-main\robotray_v2\sample_outputs_v2\019262_2026_04_03_rutile_150\019334_2026_04_03_rutile.jpg,rutile,rutile,5,5,1,0.9999759197235107
C:\Users\phuynh\Projects\robotray-main\robotray_v2\sample_outputs_v2\025562_2026_04_22_tray_150\025669_2026_04_22_tray.jpg,tray,tray,6,6,1,0.9999995231628418
C:\Users\phuynh\Projects\robotray-main\robotray_v2\sample_outputs_v2\019112_2026_04_02_monazite-bra_150\019250_2026_04_02_monazite-bra.jpg,monazite-bra,monazite-bra,2,2,1,0.9995948672294617
C:\Users\phuynh\Projects\robotray-main\robotray_v2\sample_outputs_v2\024512_2026_04_16_garnet_150\024648_2026_04_16_garnet.jpg,garnet,garnet,1,1,1,0.9999361038208008
C:\Users\phuynh\Projects\robotray-main\robotray_v2\sample_outputs_v2\024512_2026_04_16_garnet_150\024642_2026_04_16_garnet.jpg,garnet,garnet,1,1,1,0.9999940395355225
C:\Users\phuynh\Projects\robotray-main\robotray_v2\sample_outputs_v2\021962_2026_04_13_zircon_150\022107_2026_04_13_zircon.jpg,zircon,zircon,7,7,1,0.9902825355529785
C:\Users\phuynh\Projects\robotray-main\robotray_v2\sample_outputs_v2\022412_2026_04_13_zircon_150\022459_2026_04_13_zircon.jpg,zircon,zircon,7,7,1,0.9999980926513672
C:\Users\phuynh\Projects\robotray-main\robotray_v2\sample_outputs_v2\021062_2026_04_08_quartz_150\021123_2026_04_08_quartz.jpg,quartz,feldspar,4,0,0,0.9980981945991516
C:\Users\phuynh\Projects\robotray-main\robotray_v2\sample_outputs_v2\024212_2026_04_15_garnet_150\024249_2026_04_15_garnet.jpg,garnet,garnet,1,1,1,0.9999946355819702
C:\Users\phuynh\Projects\robotray-main\robotray_v2\sample_outputs_v2\023012_2026_04_14_nephe_150\023067_2026_04_14_nephe.jpg,nephe,nephe,3,3,1,0.9999366998672485
C:\Users\phuynh\Projects\robotray-main\robotray_v2\sample_outputs_v2\019562_2026_04_03_rutile_150\019567_2026_04_03_rutile.jpg,rutile,rutile,5,5,1,0.9999686479568481
C:\Users\phuynh\Projects\robotray-main\robotray_v2\sample_outputs_v2\023612_2026_04_15_nephe_150\023716_2026_04_15_nephe.jpg,nephe,nephe,3,3,1,0.9997608065605164
C:\Users\phuynh\Projects\robotray-main\robotray_v2\sample_outputs_v2\023912_2026_04_15_garnet_150\023919_2026_04_15_garnet.jpg,garnet,garnet,1,1,1,0.9877176284790039
C:\Users\phuynh\Projects\robotray-main\robotray_v2\sample_outputs_v2\019712_2026_04_03_rutile_150\019730_2026_04_03_rutile.jpg,rutile,rutile,5,5,1,0.9999880790710449
C:\Users\phuynh\Projects\robotray-main\robotray_v2\sample_outputs_v2\021812_2026_04_10_quartz_150\021913_2026_04_10_quartz.jpg,quartz,quartz,4,4,1,0.9999191761016846
C:\Users\phuynh\Projects\robotray-main\robotray_v2\sample_outputs_v2\021662_2026_04_09_quartz_150\021787_2026_04_09_quartz.jpg,quartz,quartz,4,4,1,0.9972865581512451
C:\Users\phuynh\Projects\robotray-main\robotray_v2\sample_outputs_v2\024662_2026_04_21_tray_150\024790_2026_04_21_tray.jpg,tray,tray,6,6,1,0.9999997615814209
C:\Users\phuynh\Projects\robotray-main\robotray_v2\sample_outputs_v2\023012_2026_04_14_nephe_150\023146_2026_04_14_nephe.jpg,nephe,nephe,3,3,1,0.9965671300888062
C:\Users\phuynh\Projects\robotray-main\robotray_v2\sample_outputs_v2\019562_2026_04_03_rutile_150\019671_2026_04_03_rutile.jpg,rutile,rutile,5,5,1,0.9993313550949097
C:\Users\phuynh\Projects\robotray-main\robotray_v2\sample_outputs_v2\020462_2026_04_07_feldspar_150\020468_2026_04_07_feldspar.jpg,feldspar,feldspar,0,0,1,0.9997497200965881
C:\Users\phuynh\Projects\robotray-main\robotray_v2\sample_outputs_v2\023912_2026_04_15_garnet_150\023993_2026_04_15_garnet.jpg,garnet,garnet,1,1,1,0.9999567270278931
C:\Users\phuynh\Projects\robotray-main\robotray_v2\sample_outputs_v2\018812_2026_04_02_monazite-bra_150\018892_2026_04_02_monazite-bra.jpg,monazite-bra,monazite-bra,2,2,1,0.9999490976333618
C:\Users\phuynh\Projects\robotray-main\robotray_v2\sample_outputs_v2\022862_2026_04_14_zircon_150\022939_2026_04_14_zircon.jpg,zircon,zircon,7,7,1,0.9991154074668884
C:\Users\phuynh\Projects\robotray-main\robotray_v2\sample_outputs_v2\023012_2026_04_14_nephe_150\023142_2026_04_14_nephe.jpg,nephe,nephe,3,3,1,0.9999573230743408
C:\Users\phuynh\Projects\robotray-main\robotray_v2\sample_outputs_v2\020312_2026_04_07_feldspar_150\020397_2026_04_07_feldspar.jpg,feldspar,feldspar,0,0,1,0.9995977282524109
C:\Users\phuynh\Projects\robotray-main\robotray_v2\sample_outputs_v2\018962_2026_04_02_monazite-bra_150\018965_2026_04_02_monazite-bra.jpg,monazite-bra,monazite-bra,2,2,1,0.9999767541885376
C:\Users\phuynh\Projects\robotray-main\robotray_v2\sample_outputs_v2\020762_2026_04_08_feldspar_150\020769_2026_04_08_feldspar.jpg,feldspar,feldspar,0,0,1,0.9930071830749512
C:\Users\phuynh\Projects\robotray-main\robotray_v2\sample_outputs_v2\024812_2026_04_21_tray_150\024896_2026_04_21_tray.jpg,tray,tray,6,6,1,0.9999997615814209
C:\Users\phuynh\Projects\robotray-main\robotray_v2\sample_outputs_v2\023912_2026_04_15_garnet_150\023959_2026_04_15_garnet.jpg,garnet,garnet,1,1,1,0.9993023872375488
C:\Users\phuynh\Projects\robotray-main\robotray_v2\sample_outputs_v2\024212_2026_04_15_garnet_150\024277_2026_04_15_garnet.jpg,garnet,garnet,1,1,1,0.9999639987945557
C:\Users\phuynh\Projects\robotray-main\robotray_v2\sample_outputs_v2\022712_2026_04_13_zircon_150\022715_2026_04_13_zircon.jpg,zircon,zircon,7,7,1,0.9999864101409912
C:\Users\phuynh\Projects\robotray-main\robotray_v2\sample_outputs_v2\023612_2026_04_15_nephe_150\023673_2026_04_15_nephe.jpg,nephe,nephe,3,3,1,0.9999823570251465
C:\Users\phuynh\Projects\robotray-main\robotray_v2\sample_outputs_v2\018962_2026_04_02_monazite-bra_150\019100_2026_04_02_monazite-bra.jpg,monazite-bra,monazite-bra,2,2,1,0.9999940395355225
C:\Users\phuynh\Projects\robotray-main\robotray_v2\sample_outputs_v2\023912_2026_04_15_garnet_150\023966_2026_04_15_garnet.jpg,garnet,garnet,1,1,1,0.9999520778656006
C:\Users\phuynh\Projects\robotray-main\robotray_v2\sample_outputs_v2\022562_2026_04_13_zircon_150\022645_2026_04_13_zircon.jpg,zircon,zircon,7,7,1,0.99993896484375
C:\Users\phuynh\Projects\robotray-main\robotray_v2\sample_outputs_v2\024212_2026_04_15_garnet_150\024218_2026_04_15_garnet.jpg,garnet,garnet,1,1,1,0.9999202489852905
C:\Users\phuynh\Projects\robotray-main\robotray_v2\sample_outputs_v2\024362_2026_04_16_garnet_150\024363_2026_04_16_garnet.jpg,garnet,garnet,1,1,1,0.999975323677063
C:\Users\phuynh\Projects\robotray-main\robotray_v2\sample_outputs_v2\021362_2026_04_08_quartz_150\021462_2026_04_08_quartz.jpg,quartz,quartz,4,4,1,0.994362473487854
C:\Users\phuynh\Projects\robotray-main\robotray_v2\sample_outputs_v2\024962_2026_04_21_tray_150\024979_2026_04_21_tray.jpg,tray,tray,6,6,1,0.9999997615814209
C:\Users\phuynh\Projects\robotray-main\robotray_v2\sample_outputs_v2\018212_2026_04_02_monazite-bra_150\018248_2026_04_02_monazite-bra.jpg,monazite-bra,monazite-bra,2,2,1,0.9999955892562866
C:\Users\phuynh\Projects\robotray-main\robotray_v2\sample_outputs_v2\021812_2026_04_10_quartz_150\021843_2026_04_10_quartz.jpg,quartz,quartz,4,4,1,0.8256423473358154
C:\Users\phuynh\Projects\robotray-main\robotray_v2\sample_outputs_v2\023012_2026_04_14_nephe_150\023054_2026_04_14_nephe.jpg,nephe,nephe,3,3,1,0.9999676942825317
C:\Users\phuynh\Projects\robotray-main\robotray_v2\sample_outputs_v2\022712_2026_04_13_zircon_150\022751_2026_04_13_zircon.jpg,zircon,zircon,7,7,1,1.0
C:\Users\phuynh\Projects\robotray-main\robotray_v2\sample_outputs_v2\020912_2026_04_08_feldspar_150\020976_2026_04_08_feldspar.jpg,feldspar,feldspar,0,0,1,0.9992092847824097
C:\Users\phuynh\Projects\robotray-main\robotray_v2\sample_outputs_v2\021962_2026_04_13_zircon_150\021974_2026_04_13_zircon.jpg,zircon,zircon,7,7,1,0.9999945163726807
C:\Users\phuynh\Projects\robotray-main\robotray_v2\sample_outputs_v2\017762_2026_04_01_rutile_150\017835_2026_04_01_rutile.jpg,rutile,rutile,5,5,1,0.999950647354126
C:\Users\phuynh\Projects\robotray-main\robotray_v2\sample_outputs_v2\021662_2026_04_09_quartz_150\021807_2026_04_09_quartz.jpg,quartz,quartz,4,4,1,0.9329153895378113
C:\Users\phuynh\Projects\robotray-main\robotray_v2\sample_outputs_v2\024512_2026_04_16_garnet_150\024625_2026_04_16_garnet.jpg,garnet,garnet,1,1,1,0.9999984502792358
C:\Users\phuynh\Projects\robotray-main\robotray_v2\sample_outputs_v2\019562_2026_04_03_rutile_150\019711_2026_04_03_rutile.jpg,rutile,rutile,5,5,1,0.9977430105209351
C:\Users\phuynh\Projects\robotray-main\robotray_v2\sample_outputs_v2\021812_2026_04_10_quartz_150\021884_2026_04_10_quartz.jpg,quartz,quartz,4,4,1,0.9988031387329102
C:\Users\phuynh\Projects\robotray-main\robotray_v2\sample_outputs_v2\023312_2026_04_14_nephe_150\023383_2026_04_14_nephe.jpg,nephe,quartz,3,4,0,0.7611865997314453
C:\Users\phuynh\Projects\robotray-main\robotray_v2\sample_outputs_v2\019262_2026_04_03_rutile_150\019353_2026_04_03_rutile.jpg,rutile,rutile,5,5,1,0.5605686902999878
C:\Users\phuynh\Projects\robotray-main\robotray_v2\sample_outputs_v2\020762_2026_04_08_feldspar_150\020879_2026_04_08_feldspar.jpg,feldspar,feldspar,0,0,1,0.9582555294036865
C:\Users\phuynh\Projects\robotray-main\robotray_v2\sample_outputs_v2\023612_2026_04_15_nephe_150\023657_2026_04_15_nephe.jpg,nephe,nephe,3,3,1,0.9996634721755981
C:\Users\phuynh\Projects\robotray-main\robotray_v2\sample_outputs_v2\024512_2026_04_16_garnet_150\024538_2026_04_16_garnet.jpg,garnet,garnet,1,1,1,0.9998928308486938
C:\Users\phuynh\Projects\robotray-main\robotray_v2\sample_outputs_v2\023912_2026_04_15_garnet_150\024023_2026_04_15_garnet.jpg,garnet,garnet,1,1,1,0.9999817609786987
C:\Users\phuynh\Projects\robotray-main\robotray_v2\sample_outputs_v2\021812_2026_04_10_quartz_150\021922_2026_04_10_quartz.jpg,quartz,quartz,4,4,1,0.9998599290847778
C:\Users\phuynh\Projects\robotray-main\robotray_v2\sample_outputs_v2\023612_2026_04_15_nephe_150\023690_2026_04_15_nephe.jpg,nephe,nephe,3,3,1,0.9999991655349731
C:\Users\phuynh\Projects\robotray-main\robotray_v2\sample_outputs_v2\018812_2026_04_02_monazite-bra_150\018948_2026_04_02_monazite-bra.jpg,monazite-bra,monazite-bra,2,2,1,0.99997878074646
C:\Users\phuynh\Projects\robotray-main\robotray_v2\sample_outputs_v2\021662_2026_04_09_quartz_150\021688_2026_04_09_quartz.jpg,quartz,quartz,4,4,1,0.860031247138977
C:\Users\phuynh\Projects\robotray-main\robotray_v2\sample_outputs_v2\024812_2026_04_21_tray_150\024878_2026_04_21_tray.jpg,tray,tray,6,6,1,0.9999982118606567
C:\Users\phuynh\Projects\robotray-main\robotray_v2\sample_outputs_v2\021662_2026_04_09_quartz_150\021773_2026_04_09_quartz.jpg,quartz,quartz,4,4,1,0.9896615743637085
C:\Users\phuynh\Projects\robotray-main\robotray_v2\sample_outputs_v2\021062_2026_04_08_quartz_150\021102_2026_04_08_quartz.jpg,quartz,quartz,4,4,1,0.9969690442085266
C:\Users\phuynh\Projects\robotray-main\robotray_v2\sample_outputs_v2\025112_2026_04_21_tray_150\025203_2026_04_21_tray.jpg,tray,tray,6,6,1,0.9999996423721313
C:\Users\phuynh\Projects\robotray-main\robotray_v2\sample_outputs_v2\023012_2026_04_14_nephe_150\023111_2026_04_14_nephe.jpg,nephe,nephe,3,3,1,0.9999780654907227
C:\Users\phuynh\Projects\robotray-main\robotray_v2\sample_outputs_v2\023912_2026_04_15_garnet_150\023937_2026_04_15_garnet.jpg,garnet,garnet,1,1,1,0.999904990196228
C:\Users\phuynh\Projects\robotray-main\robotray_v2\sample_outputs_v2\024362_2026_04_16_garnet_150\024467_2026_04_16_garnet.jpg,garnet,garnet,1,1,1,0.9996423721313477
C:\Users\phuynh\Projects\robotray-main\robotray_v2\sample_outputs_v2\021212_2026_04_08_quartz_150\021326_2026_04_08_quartz.jpg,quartz,quartz,4,4,1,0.9985331296920776
C:\Users\phuynh\Projects\robotray-main\robotray_v2\sample_outputs_v2\023612_2026_04_15_nephe_150\023626_2026_04_15_nephe.jpg,nephe,nephe,3,3,1,0.9419538974761963
C:\Users\phuynh\Projects\robotray-main\robotray_v2\sample_outputs_v2\022562_2026_04_13_zircon_150\022600_2026_04_13_zircon.jpg,zircon,zircon,7,7,1,0.9999421834945679
C:\Users\phuynh\Projects\robotray-main\robotray_v2\sample_outputs_v2\024062_2026_04_15_garnet_150\024096_2026_04_15_garnet.jpg,garnet,garnet,1,1,1,0.9998985528945923
C:\Users\phuynh\Projects\robotray-main\robotray_v2\sample_outputs_v2\024512_2026_04_16_garnet_150\024547_2026_04_16_garnet.jpg,garnet,garnet,1,1,1,0.9999480247497559
C:\Users\phuynh\Projects\robotray-main\robotray_v2\sample_outputs_v2\024212_2026_04_15_garnet_150\024290_2026_04_15_garnet.jpg,garnet,garnet,1,1,1,0.9986553192138672
C:\Users\phuynh\Projects\robotray-main\robotray_v2\sample_outputs_v2\023762_2026_04_15_nephe_150\023762_2026_04_15_nephe.jpg,nephe,nephe,3,3,1,0.9543790221214294
C:\Users\phuynh\Projects\robotray-main\robotray_v2\sample_outputs_v2\024812_2026_04_21_tray_150\024926_2026_04_21_tray.jpg,tray,tray,6,6,1,0.9999997615814209
C:\Users\phuynh\Projects\robotray-main\robotray_v2\sample_outputs_v2\018212_2026_04_02_monazite-bra_150\018273_2026_04_02_monazite-bra.jpg,monazite-bra,monazite-bra,2,2,1,0.9999970197677612
C:\Users\phuynh\Projects\robotray-main\robotray_v2\sample_outputs_v2\020462_2026_04_07_feldspar_150\020529_2026_04_07_feldspar.jpg,feldspar,feldspar,0,0,1,0.8064924478530884
C:\Users\phuynh\Projects\robotray-main\robotray_v2\sample_outputs_v2\024512_2026_04_16_garnet_150\024552_2026_04_16_garnet.jpg,garnet,garnet,1,1,1,0.99808669090271
C:\Users\phuynh\Projects\robotray-main\robotray_v2\sample_outputs_v2\022712_2026_04_13_zircon_150\022769_2026_04_13_zircon.jpg,zircon,zircon,7,7,1,0.9999986886978149
C:\Users\phuynh\Projects\robotray-main\robotray_v2\sample_outputs_v2\023462_2026_04_14_nephe_150\023599_2026_04_14_nephe.jpg,nephe,nephe,3,3,1,0.9998286962509155
C:\Users\phuynh\Projects\robotray-main\robotray_v2\sample_outputs_v2\018212_2026_04_02_monazite-bra_150\018331_2026_04_02_monazite-bra.jpg,monazite-bra,monazite-bra,2,2,1,0.9999959468841553
C:\Users\phuynh\Projects\robotray-main\robotray_v2\sample_outputs_v2\021812_2026_04_10_quartz_150\021848_2026_04_10_quartz.jpg,quartz,quartz,4,4,1,0.9899927973747253
C:\Users\phuynh\Projects\robotray-main\robotray_v2\sample_outputs_v2\022562_2026_04_13_zircon_150\022580_2026_04_13_zircon.jpg,zircon,zircon,7,7,1,0.9950658082962036
C:\Users\phuynh\Projects\robotray-main\robotray_v2\sample_outputs_v2\024662_2026_04_21_tray_150\024777_2026_04_21_tray.jpg,tray,tray,6,6,1,0.9999998807907104
C:\Users\phuynh\Projects\robotray-main\robotray_v2\sample_outputs_v2\021362_2026_04_08_quartz_150\021485_2026_04_08_quartz.jpg,quartz,nephe,4,3,0,0.41834086179733276
C:\Users\phuynh\Projects\robotray-main\robotray_v2\sample_outputs_v2\018212_2026_04_02_monazite-bra_150\018324_2026_04_02_monazite-bra.jpg,monazite-bra,monazite-bra,2,2,1,0.9999991655349731
C:\Users\phuynh\Projects\robotray-main\robotray_v2\sample_outputs_v2\023312_2026_04_14_nephe_150\023317_2026_04_14_nephe.jpg,nephe,nephe,3,3,1,0.9994165897369385
C:\Users\phuynh\Projects\robotray-main\robotray_v2\sample_outputs_v2\021062_2026_04_08_quartz_150\021137_2026_04_08_quartz.jpg,quartz,quartz,4,4,1,0.992283046245575
C:\Users\phuynh\Projects\robotray-main\robotray_v2\sample_outputs_v2\019412_2026_04_03_rutile_150\019532_2026_04_03_rutile.jpg,rutile,rutile,5,5,1,0.9996070265769958
C:\Users\phuynh\Projects\robotray-main\robotray_v2\sample_outputs_v2\022712_2026_04_13_zircon_150\022791_2026_04_13_zircon.jpg,zircon,zircon,7,7,1,0.999994158744812
C:\Users\phuynh\Projects\robotray-main\robotray_v2\sample_outputs_v2\021362_2026_04_08_quartz_150\021499_2026_04_08_quartz.jpg,quartz,quartz,4,4,1,0.9873422384262085
C:\Users\phuynh\Projects\robotray-main\robotray_v2\sample_outputs_v2\022562_2026_04_13_zircon_150\022656_2026_04_13_zircon.jpg,zircon,zircon,7,7,1,0.9999979734420776
C:\Users\phuynh\Projects\robotray-main\robotray_v2\sample_outputs_v2\020612_2026_04_07_feldspar_150\020720_2026_04_07_feldspar.jpg,feldspar,feldspar,0,0,1,0.9721469879150391
C:\Users\phuynh\Projects\robotray-main\robotray_v2\sample_outputs_v2\020762_2026_04_08_feldspar_150\020880_2026_04_08_feldspar.jpg,feldspar,feldspar,0,0,1,0.9994519352912903
C:\Users\phuynh\Projects\robotray-main\robotray_v2\sample_outputs_v2\021962_2026_04_13_zircon_150\021991_2026_04_13_zircon.jpg,zircon,zircon,7,7,1,0.999968409538269
C:\Users\phuynh\Projects\robotray-main\robotray_v2\sample_outputs_v2\025562_2026_04_22_tray_150\025580_2026_04_22_tray.jpg,tray,tray,6,6,1,0.9999998807907104
C:\Users\phuynh\Projects\robotray-main\robotray_v2\sample_outputs_v2\018212_2026_04_02_monazite-bra_150\018249_2026_04_02_monazite-bra.jpg,monazite-bra,quartz,2,4,0,0.8969683647155762
C:\Users\phuynh\Projects\robotray-main\robotray_v2\sample_outputs_v2\019112_2026_04_02_monazite-bra_150\019217_2026_04_02_monazite-bra.jpg,monazite-bra,monazite-bra,2,2,1,0.999961256980896
C:\Users\phuynh\Projects\robotray-main\robotray_v2\sample_outputs_v2\018812_2026_04_02_monazite-bra_150\018837_2026_04_02_monazite-bra.jpg,monazite-bra,monazite-bra,2,2,1,0.9999866485595703
C:\Users\phuynh\Projects\robotray-main\robotray_v2\sample_outputs_v2\022862_2026_04_14_zircon_150\022926_2026_04_14_zircon.jpg,zircon,zircon,7,7,1,0.9999988079071045
C:\Users\phuynh\Projects\robotray-main\robotray_v2\sample_outputs_v2\018962_2026_04_02_monazite-bra_150\019052_2026_04_02_monazite-bra.jpg,monazite-bra,monazite-bra,2,2,1,0.9999839067459106
C:\Users\phuynh\Projects\robotray-main\robotray_v2\sample_outputs_v2\023312_2026_04_14_nephe_150\023451_2026_04_14_nephe.jpg,nephe,nephe,3,3,1,0.9976801872253418
C:\Users\phuynh\Projects\robotray-main\robotray_v2\sample_outputs_v2\018662_2026_04_02_monazite-bra_150\018687_2026_04_02_monazite-bra.jpg,monazite-bra,monazite-bra,2,2,1,0.9999704360961914
C:\Users\phuynh\Projects\robotray-main\robotray_v2\sample_outputs_v2\021662_2026_04_09_quartz_150\021753_2026_04_09_quartz.jpg,quartz,nephe,4,3,0,0.6497004628181458
C:\Users\phuynh\Projects\robotray-main\robotray_v2\sample_outputs_v2\022862_2026_04_14_zircon_150\022888_2026_04_14_zircon.jpg,zircon,zircon,7,7,1,0.9994921684265137
C:\Users\phuynh\Projects\robotray-main\robotray_v2\sample_outputs_v2\023012_2026_04_14_nephe_150\023053_2026_04_14_nephe.jpg,nephe,nephe,3,3,1,0.9998589754104614
C:\Users\phuynh\Projects\robotray-main\robotray_v2\sample_outputs_v2\020912_2026_04_08_feldspar_150\021052_2026_04_08_feldspar.jpg,feldspar,feldspar,0,0,1,0.9934345483779907
C:\Users\phuynh\Projects\robotray-main\robotray_v2\sample_outputs_v2\021062_2026_04_08_quartz_150\021069_2026_04_08_quartz.jpg,quartz,quartz,4,4,1,0.9937519431114197
C:\Users\phuynh\Projects\robotray-main\robotray_v2\sample_outputs_v2\024212_2026_04_15_garnet_150\024224_2026_04_15_garnet.jpg,garnet,garnet,1,1,1,0.9998432397842407
C:\Users\phuynh\Projects\robotray-main\robotray_v2\sample_outputs_v2\020762_2026_04_08_feldspar_150\020773_2026_04_08_feldspar.jpg,feldspar,feldspar,0,0,1,0.9998892545700073
C:\Users\phuynh\Projects\robotray-main\robotray_v2\sample_outputs_v2\022862_2026_04_14_zircon_150\022883_2026_04_14_zircon.jpg,zircon,zircon,7,7,1,0.9999669790267944
C:\Users\phuynh\Projects\robotray-main\robotray_v2\sample_outputs_v2\024512_2026_04_16_garnet_150\024517_2026_04_16_garnet.jpg,garnet,garnet,1,1,1,0.9999628067016602
C:\Users\phuynh\Projects\robotray-main\robotray_v2\sample_outputs_v2\018662_2026_04_02_monazite-bra_150\018782_2026_04_02_monazite-bra.jpg,monazite-bra,monazite-bra,2,2,1,0.9999899864196777
C:\Users\phuynh\Projects\robotray-main\robotray_v2\sample_outputs_v2\021062_2026_04_08_quartz_150\021154_2026_04_08_quartz.jpg,quartz,quartz,4,4,1,0.9871517419815063
C:\Users\phuynh\Projects\robotray-main\robotray_v2\sample_outputs_v2\022412_2026_04_13_zircon_150\022479_2026_04_13_zircon.jpg,zircon,zircon,7,7,1,0.9983715415000916
C:\Users\phuynh\Projects\robotray-main\robotray_v2\sample_outputs_v2\021812_2026_04_10_quartz_150\021877_2026_04_10_quartz.jpg,quartz,quartz,4,4,1,0.9958516359329224
C:\Users\phuynh\Projects\robotray-main\robotray_v2\sample_outputs_v2\023912_2026_04_15_garnet_150\024005_2026_04_15_garnet.jpg,garnet,garnet,1,1,1,0.9999855756759644
C:\Users\phuynh\Projects\robotray-main\robotray_v2\sample_outputs_v2\021812_2026_04_10_quartz_150\021873_2026_04_10_quartz.jpg,quartz,quartz,4,4,1,0.999234676361084
C:\Users\phuynh\Projects\robotray-main\robotray_v2\sample_outputs_v2\020462_2026_04_07_feldspar_150\020503_2026_04_07_feldspar.jpg,feldspar,rutile,0,5,0,0.999733030796051
C:\Users\phuynh\Projects\robotray-main\robotray_v2\sample_outputs_v2\018812_2026_04_02_monazite-bra_150\018835_2026_04_02_monazite-bra.jpg,monazite-bra,monazite-bra,2,2,1,0.9999755620956421
C:\Users\phuynh\Projects\robotray-main\robotray_v2\sample_outputs_v2\024662_2026_04_21_tray_150\024797_2026_04_21_tray.jpg,tray,tray,6,6,1,0.9999988079071045
C:\Users\phuynh\Projects\robotray-main\robotray_v2\sample_outputs_v2\020912_2026_04_08_feldspar_150\020962_2026_04_08_feldspar.jpg,feldspar,feldspar,0,0,1,0.9992218017578125
C:\Users\phuynh\Projects\robotray-main\robotray_v2\sample_outputs_v2\018212_2026_04_02_monazite-bra_150\018310_2026_04_02_monazite-bra.jpg,monazite-bra,monazite-bra,2,2,1,0.999991774559021
C:\Users\phuynh\Projects\robotray-main\robotray_v2\sample_outputs_v2\021662_2026_04_09_quartz_150\021678_2026_04_09_quartz.jpg,quartz,quartz,4,4,1,0.9999322891235352
C:\Users\phuynh\Projects\robotray-main\robotray_v2\sample_outputs_v2\025112_2026_04_21_tray_150\025169_2026_04_21_tray.jpg,tray,tray,6,6,1,0.9999994039535522
C:\Users\phuynh\Projects\robotray-main\robotray_v2\sample_outputs_v2\025112_2026_04_21_tray_150\025179_2026_04_21_tray.jpg,tray,tray,6,6,1,0.9999998807907104
C:\Users\phuynh\Projects\robotray-main\robotray_v2\sample_outputs_v2\019562_2026_04_03_rutile_150\019682_2026_04_03_rutile.jpg,rutile,rutile,5,5,1,0.9968162178993225
C:\Users\phuynh\Projects\robotray-main\robotray_v2\sample_outputs_v2\018812_2026_04_02_monazite-bra_150\018856_2026_04_02_monazite-bra.jpg,monazite-bra,monazite-bra,2,2,1,0.9999912977218628
C:\Users\phuynh\Projects\robotray-main\robotray_v2\sample_outputs_v2\023462_2026_04_14_nephe_150\023568_2026_04_14_nephe.jpg,nephe,nephe,3,3,1,0.9866703152656555
C:\Users\phuynh\Projects\robotray-main\robotray_v2\sample_outputs_v2\023462_2026_04_14_nephe_150\023508_2026_04_14_nephe.jpg,nephe,nephe,3,3,1,0.45864298939704895
C:\Users\phuynh\Projects\robotray-main\robotray_v2\sample_outputs_v2\024512_2026_04_16_garnet_150\024527_2026_04_16_garnet.jpg,garnet,nephe,1,3,0,0.681484043598175
C:\Users\phuynh\Projects\robotray-main\robotray_v2\sample_outputs_v2\017762_2026_04_01_rutile_150\017805_2026_04_01_rutile.jpg,rutile,rutile,5,5,1,0.9979038238525391
C:\Users\phuynh\Projects\robotray-main\robotray_v2\sample_outputs_v2\017762_2026_04_01_rutile_150\017776_2026_04_01_rutile.jpg,rutile,rutile,5,5,1,0.9999891519546509
C:\Users\phuynh\Projects\robotray-main\robotray_v2\sample_outputs_v2\019712_2026_04_03_rutile_150\019742_2026_04_03_rutile.jpg,rutile,rutile,5,5,1,0.9999794960021973
C:\Users\phuynh\Projects\robotray-main\robotray_v2\sample_outputs_v2\020612_2026_04_07_feldspar_150\020701_2026_04_07_feldspar.jpg,feldspar,feldspar,0,0,1,0.980502188205719
C:\Users\phuynh\Projects\robotray-main\robotray_v2\sample_outputs_v2\019712_2026_04_03_rutile_150\019756_2026_04_03_rutile.jpg,rutile,rutile,5,5,1,0.9998877048492432
C:\Users\phuynh\Projects\robotray-main\robotray_v2\sample_outputs_v2\021212_2026_04_08_quartz_150\021223_2026_04_08_quartz.jpg,quartz,quartz,4,4,1,0.9999791383743286
C:\Users\phuynh\Projects\robotray-main\robotray_v2\sample_outputs_v2\018212_2026_04_02_monazite-bra_150\018326_2026_04_02_monazite-bra.jpg,monazite-bra,monazite-bra,2,2,1,0.9999760389328003
C:\Users\phuynh\Projects\robotray-main\robotray_v2\sample_outputs_v2\025112_2026_04_21_tray_150\025167_2026_04_21_tray.jpg,tray,tray,6,6,1,0.9999997615814209
C:\Users\phuynh\Projects\robotray-main\robotray_v2\sample_outputs_v2\023762_2026_04_15_nephe_150\023888_2026_04_15_nephe.jpg,nephe,nephe,3,3,1,0.9816586375236511
C:\Users\phuynh\Projects\robotray-main\robotray_v2\sample_outputs_v2\023762_2026_04_15_nephe_150\023779_2026_04_15_nephe.jpg,nephe,nephe,3,3,1,0.9972622394561768
C:\Users\phuynh\Projects\robotray-main\robotray_v2\sample_outputs_v2\022412_2026_04_13_zircon_150\022551_2026_04_13_zircon.jpg,zircon,zircon,7,7,1,0.999951958656311
C:\Users\phuynh\Projects\robotray-main\robotray_v2\sample_outputs_v2\021812_2026_04_10_quartz_150\021857_2026_04_10_quartz.jpg,quartz,quartz,4,4,1,0.99998939037323
C:\Users\phuynh\Projects\robotray-main\robotray_v2\sample_outputs_v2\024962_2026_04_21_tray_150\025075_2026_04_21_tray.jpg,tray,tray,6,6,1,0.9999946355819702
C:\Users\phuynh\Projects\robotray-main\robotray_v2\sample_outputs_v2\022862_2026_04_14_zircon_150\023003_2026_04_14_zircon.jpg,zircon,zircon,7,7,1,0.9999971389770508
C:\Users\phuynh\Projects\robotray-main\robotray_v2\sample_outputs_v2\023912_2026_04_15_garnet_150\024058_2026_04_15_garnet.jpg,garnet,garnet,1,1,1,0.9997932314872742
C:\Users\phuynh\Projects\robotray-main\robotray_v2\sample_outputs_v2\024662_2026_04_21_tray_150\024717_2026_04_21_tray.jpg,tray,tray,6,6,1,0.9999994039535522
C:\Users\phuynh\Projects\robotray-main\robotray_v2\sample_outputs_v2\024512_2026_04_16_garnet_150\024580_2026_04_16_garnet.jpg,garnet,garnet,1,1,1,0.9999816417694092
C:\Users\phuynh\Projects\robotray-main\robotray_v2\sample_outputs_v2\024812_2026_04_21_tray_150\024855_2026_04_21_tray.jpg,tray,tray,6,6,1,0.9999995231628418
C:\Users\phuynh\Projects\robotray-main\robotray_v2\sample_outputs_v2\025562_2026_04_22_tray_150\025640_2026_04_22_tray.jpg,tray,tray,6,6,1,0.9999995231628418
C:\Users\phuynh\Projects\robotray-main\robotray_v2\sample_outputs_v2\019112_2026_04_02_monazite-bra_150\019195_2026_04_02_monazite-bra.jpg,monazite-bra,monazite-bra,2,2,1,0.9999781847000122
C:\Users\phuynh\Projects\robotray-main\robotray_v2\sample_outputs_v2\022412_2026_04_13_zircon_150\022493_2026_04_13_zircon.jpg,zircon,zircon,7,7,1,0.9998551607131958
C:\Users\phuynh\Projects\robotray-main\robotray_v2\sample_outputs_v2\025112_2026_04_21_tray_150\025162_2026_04_21_tray.jpg,tray,tray,6,6,1,0.9999996423721313
C:\Users\phuynh\Projects\robotray-main\robotray_v2\sample_outputs_v2\025112_2026_04_21_tray_150\025202_2026_04_21_tray.jpg,tray,tray,6,6,1,0.9999926090240479
C:\Users\phuynh\Projects\robotray-main\robotray_v2\sample_outputs_v2\025562_2026_04_22_tray_150\025610_2026_04_22_tray.jpg,tray,tray,6,6,1,0.999998927116394
C:\Users\phuynh\Projects\robotray-main\robotray_v2\sample_outputs_v2\020312_2026_04_07_feldspar_150\020446_2026_04_07_feldspar.jpg,feldspar,feldspar,0,0,1,0.9956583976745605
C:\Users\phuynh\Projects\robotray-main\robotray_v2\sample_outputs_v2\022562_2026_04_13_zircon_150\022670_2026_04_13_zircon.jpg,zircon,zircon,7,7,1,0.9999983310699463
C:\Users\phuynh\Projects\robotray-main\robotray_v2\sample_outputs_v2\020612_2026_04_07_feldspar_150\020693_2026_04_07_feldspar.jpg,feldspar,feldspar,0,0,1,0.9995927214622498
C:\Users\phuynh\Projects\robotray-main\robotray_v2\sample_outputs_v2\021362_2026_04_08_quartz_150\021409_2026_04_08_quartz.jpg,quartz,quartz,4,4,1,0.9884335398674011
C:\Users\phuynh\Projects\robotray-main\robotray_v2\sample_outputs_v2\020912_2026_04_08_feldspar_150\020978_2026_04_08_feldspar.jpg,feldspar,feldspar,0,0,1,0.9947704672813416
C:\Users\phuynh\Projects\robotray-main\robotray_v2\sample_outputs_v2\021212_2026_04_08_quartz_150\021235_2026_04_08_quartz.jpg,quartz,quartz,4,4,1,0.9996427297592163
C:\Users\phuynh\Projects\robotray-main\robotray_v2\sample_outputs_v2\019412_2026_04_03_rutile_150\019472_2026_04_03_rutile.jpg,rutile,rutile,5,5,1,0.9999097585678101
C:\Users\phuynh\Projects\robotray-main\robotray_v2\sample_outputs_v2\020912_2026_04_08_feldspar_150\021015_2026_04_08_feldspar.jpg,feldspar,feldspar,0,0,1,0.999357283115387
C:\Users\phuynh\Projects\robotray-main\robotray_v2\sample_outputs_v2\017762_2026_04_01_rutile_150\017865_2026_04_01_rutile.jpg,rutile,rutile,5,5,1,0.999963641166687
C:\Users\phuynh\Projects\robotray-main\robotray_v2\sample_outputs_v2\024362_2026_04_16_garnet_150\024387_2026_04_16_garnet.jpg,garnet,garnet,1,1,1,0.9999831914901733
C:\Users\phuynh\Projects\robotray-main\robotray_v2\sample_outputs_v2\019112_2026_04_02_monazite-bra_150\019191_2026_04_02_monazite-bra.jpg,monazite-bra,monazite-bra,2,2,1,0.9999955892562866
C:\Users\phuynh\Projects\robotray-main\robotray_v2\sample_outputs_v2\019262_2026_04_03_rutile_150\019383_2026_04_03_rutile.jpg,rutile,rutile,5,5,1,0.9922744631767273
C:\Users\phuynh\Projects\robotray-main\robotray_v2\sample_outputs_v2\021362_2026_04_08_quartz_150\021454_2026_04_08_quartz.jpg,quartz,quartz,4,4,1,0.920910120010376
C:\Users\phuynh\Projects\robotray-main\robotray_v2\sample_outputs_v2\021362_2026_04_08_quartz_150\021362_2026_04_08_quartz.jpg,quartz,quartz,4,4,1,0.9991017580032349
C:\Users\phuynh\Projects\robotray-main\robotray_v2\sample_outputs_v2\021062_2026_04_08_quartz_150\021124_2026_04_08_quartz.jpg,quartz,quartz,4,4,1,0.9993684887886047
C:\Users\phuynh\Projects\robotray-main\robotray_v2\sample_outputs_v2\019112_2026_04_02_monazite-bra_150\019160_2026_04_02_monazite-bra.jpg,monazite-bra,monazite-bra,2,2,1,0.9999886751174927
C:\Users\phuynh\Projects\robotray-main\robotray_v2\sample_outputs_v2\021662_2026_04_09_quartz_150\021790_2026_04_09_quartz.jpg,quartz,quartz,4,4,1,0.7233837246894836
C:\Users\phuynh\Projects\robotray-main\robotray_v2\sample_outputs_v2\023612_2026_04_15_nephe_150\023714_2026_04_15_nephe.jpg,nephe,nephe,3,3,1,0.9970999956130981
C:\Users\phuynh\Projects\robotray-main\robotray_v2\sample_outputs_v2\019412_2026_04_03_rutile_150\019523_2026_04_03_rutile.jpg,rutile,rutile,5,5,1,0.9987584352493286
C:\Users\phuynh\Projects\robotray-main\robotray_v2\sample_outputs_v2\023762_2026_04_15_nephe_150\023819_2026_04_15_nephe.jpg,nephe,nephe,3,3,1,0.9999779462814331
C:\Users\phuynh\Projects\robotray-main\robotray_v2\sample_outputs_v2\023312_2026_04_14_nephe_150\023318_2026_04_14_nephe.jpg,nephe,nephe,3,3,1,0.9986635446548462
